Playing Time,,,,Performance,,,,,,,,Per 90 Minutes,,,,,,,,,,,,
Rk,Player,Nation,Pos,Squad,Age,Born,MP,Starts,Min,90s,Gls,Ast,G+A,G-PK,PK,PKatt,CrdY,CrdR,Gls,Ast,G+A,G-PK,G+A-PK,Matches
1,Junior Adamu,at AUT,FW,Freiburg,23,2001,25,19,"1,545",17.2,2,2,4,2,0,0,5,1,0.12,0.12,0.23,0.12,0.23,Matches
2,Karim Adeyemi,de GER,"MF,FW",Dortmund,22,2002,25,17,"1,433",15.9,7,6,13,7,0,0,4,0,0.44,0.38,0.82,0.44,0.82,Matches
3,Amine Adli,ma MAR,"MF,FW",Leverkusen,24,2000,20,6,766,8.5,2,0,2,2,0,0,3,0,0.23,0,0.23,0.23,0.23,Matches
4,Oladapo Afolayan,eng ENG,"FW,MF",St Pauli,26,1998,32,17,"1,639",18.2,3,1,4,3,0,0,3,0,0.16,0.05,0.22,0.16,0.22,Matches
5,Felix Agu,ng NGA,MF,Werder Bremen,24,1999,22,21,"1,751",19.5,3,0,3,3,0,0,1,0,0.15,0,0.15,0.15,0.15,Matches
6,Erik Ahlstrand,se SWE,MF,St Pauli,22,2001,5,0,43,0.5,0,0,0,0,0,0,0,0,0,0,0,0,0,Matches
7,Kevin Akpoguma,ng NGA,DF,Hoffenheim,29,1995,32,23,"2,220",24.7,0,0,0,0,0,0,3,0,0,0,0,0,0,Matches
8,Andreas Albers,dk DEN,"FW,MF",St Pauli,34,1990,14,0,62,0.7,1,0,1,1,0,0,0,0,1.45,0,1.45,1.45,1.45,Matches
9,Ben Alexander Voll,de GER,GK,St Pauli,23,2000,2,1,91,1,0,0,0,0,0,0,1,0,0,0,0,0,0,Matches
10,Skelly Alvero,fr FRA,MF,Werder Bremen,22,2002,12,1,236,2.6,0,0,0,0,0,0,1,0,0,0,0,0,0,Matches
11,Aurele Amenda,ch SUI,DF,Eintracht Frankfurt,21,2003,8,1,96,1.1,0,0,0,0,0,0,1,0,0,0,0,0,0,Matches
12,Nadiem Amiri,de GER,MF,Mainz 05,27,1996,30,30,"2,473",27.5,7,5,12,5,2,2,9,2,0.25,0.18,0.44,0.18,0.36,Matches
13,Mohamed Amoura,dz ALG,"FW,MF",Wolfsburg,24,2000,31,29,"2,467",27.4,10,9,19,8,2,2,6,0,0.36,0.33,0.69,0.29,0.62,Matches
14,Robert Andrich,de GER,"MF,DF",Leverkusen,29,1994,23,19,"1,598",17.8,2,2,4,2,0,0,7,0,0.11,0.11,0.23,0.11,0.23,Matches
15,Waldemar Anton,de GER,DF,Dortmund,28,1996,26,22,"1,949",21.7,2,2,4,2,0,0,4,0,0.09,0.09,0.18,0.09,0.18,Matches
16,Maximilian Arnold,de GER,MF,Wolfsburg,30,1994,28,27,"2,356",26.2,3,5,8,3,0,0,7,1,0.11,0.19,0.31,0.11,0.31,Matches
17,Jann-Fiete Arp,de GER,FW,Holstein Kiel,24,2000,23,3,713,7.9,2,0,2,1,1,2,8,1,0.25,0,0.25,0.13,0.13,Matches
18,Arthur,br BRA,"MF,DF",Leverkusen,21,2003,20,7,752,8.4,0,1,1,0,0,0,1,0,0,0.12,0.12,0,0.12,Matches
19,Noah Atubolu,de GER,GK,Freiburg,22,2002,26,26,"2,307",25.6,0,0,0,0,0,0,2,0,0,0,0,0,0,Matches
20,Ayman Azhil,ma MAR,MF,Dortmund,23,2001,1,0,24,0.3,0,0,0,0,0,0,1,0,0,0,0,0,0,Matches
21,Adam Aznou,ma MAR,DF,Bayern Munich,18,2006,2,0,17,0.2,0,0,0,0,0,0,0,0,0,0,0,0,0,Matches
22,Aliou Badara Baldé,gn GUI,FW,Bochum,21,2002,5,0,91,1,0,0,0,0,0,0,1,0,0,0,0,0,0,Matches
23,Ridle Baku,de GER,MF,Wolfsburg,26,1998,15,14,"1,170",13,2,1,3,2,0,0,2,0,0.15,0.08,0.23,0.15,0.23,Matches
24,Ridle Baku,de GER,MF,RB Leipzig,26,1998,19,15,"1,275",14.2,2,3,5,2,0,0,1,0,0.14,0.21,0.35,0.14,0.35,Matches
25,Samuel Bamba,de GER,FW,Bochum,20,2004,5,0,27,0.3,0,0,0,0,0,0,0,0,0,0,0,0,0,Matches
Rk,Player,Nation,Pos,Squad,Age,Born,MP,Starts,Min,90s,Gls,Ast,G+A,G-PK,PK,PKatt,CrdY,CrdR,Gls,Ast,G+A,G-PK,G+A-PK,Matches
26,Noahkai Banks,us USA,DF,Augsburg,17,2006,8,2,278,3.1,0,0,0,0,0,0,2,0,0,0,0,0,0,Matches
27,Scott Banks,sct SCO,MF,St Pauli,22,2001,12,0,116,1.3,0,0,0,0,0,0,1,0,0,0,0,0,0,Matches
28,Aymen Barkok,ma MAR,MF,Mainz 05,26,1998,4,0,73,0.8,0,0,0,0,0,0,0,0,0,0,0,0,0,Matches
29,Michy Batshuayi,be BEL,FW,Eintracht Frankfurt,30,1993,10,3,300,3.3,3,0,3,3,0,0,2,0,0.9,0,0.9,0.9,0.9,Matches
30,Maximilian Bauer,de GER,DF,Augsburg,24,2000,11,8,658,7.3,0,0,0,0,0,0,1,0,0,0,0,0,0,Matches
31,Oliver Baumann,de GER,GK,Hoffenheim,34,1990,28,28,"2,520",28,0,0,0,0,0,0,1,0,0,0,0,0,0,Matches
32,Christoph Baumgartner,at AUT,"MF,FW",RB Leipzig,24,1999,31,18,"1,610",17.9,2,1,3,2,0,0,5,0,0.11,0.06,0.17,0.11,0.17,Matches
33,Ihlas Bebou,tg TOG,"FW,MF",Hoffenheim,30,1994,1,0,9,0.1,0,0,0,0,0,0,0,0,0,0,0,0,0,Matches
34,Adrian Beck,de GER,"MF,FW",Heidenheim,27,1997,32,18,"1,598",17.8,4,1,5,4,0,0,1,0,0.23,0.06,0.28,0.23,0.28,Matches
35,Timo Becker,de GER,"DF,MF",Holstein Kiel,27,1997,30,28,"2,445",27.2,0,2,2,0,0,0,2,0,0,0.07,0.07,0,0.07,Matches
36,Hannes Behrens,de GER,DF,Hoffenheim,19,2005,1,0,29,0.3,0,0,0,0,0,0,0,0,0,0,0,0,0,Matches
37,Kevin Behrens,de GER,FW,Wolfsburg,33,1991,18,0,170,1.9,1,0,1,1,0,0,2,0,0.53,0,0.53,0.53,0.53,Matches
38,Maximilian Beier,de GER,"MF,FW",Dortmund,21,2002,29,17,"1,591",17.7,8,5,13,8,0,0,2,0,0.45,0.28,0.74,0.45,0.74,Matches
39,Stefan Bell,de GER,DF,Mainz 05,32,1991,18,15,"1,436",16,0,1,1,0,0,0,4,0,0,0.06,0.06,0,0.06,Matches
40,Jeanuël Belocian,fr FRA,DF,Leverkusen,19,2005,5,1,68,0.8,0,0,0,0,0,0,1,0,0,0,0,0,0,Matches
41,László Bénes,sk SVK,"MF,FW",Union Berlin,26,1997,23,3,589,6.5,2,1,3,2,0,0,4,0,0.31,0.15,0.46,0.31,0.46,Matches
42,Ramy Bensebaini,dz ALG,DF,Dortmund,29,1995,31,23,"2,022",22.5,1,6,7,1,0,0,6,0,0.04,0.27,0.31,0.04,0.31,Matches
43,Mergim Berisha,de GER,FW,Hoffenheim,26,1998,11,3,333,3.7,1,1,2,1,0,0,1,0,0.27,0.27,0.54,0.27,0.54,Matches
44,Mergim Berisha,de GER,FW,Augsburg,26,1998,2,0,40,0.4,0,0,0,0,0,0,1,0,0,0,0,0,0,Matches
45,Bernardo,br BRA,DF,Bochum,29,1995,21,19,"1,782",19.8,0,0,0,0,0,0,5,0,0,0,0,0,0,Matches
46,Alexander Bernhardsson,se SWE,"FW,MF",Holstein Kiel,25,1998,19,15,"1,263",14,7,2,9,7,0,0,3,0,0.5,0.14,0.64,0.5,0.64,Matches
47,Matúš Bero,sk SVK,MF,Bochum,28,1995,30,29,"2,565",28.5,5,2,7,5,0,1,11,0,0.18,0.07,0.25,0.18,0.25,Matches
48,Jan-Niklas Beste,de GER,"DF,MF",Freiburg,25,1999,12,0,212,2.4,0,1,1,0,0,0,0,0,0,0.42,0.42,0,0.42,Matches
49,El Bilal Touré,ml MLI,FW,Stuttgart,22,2001,12,3,356,4,2,1,3,2,0,0,0,0,0.51,0.25,0.76,0.51,0.76,Matches
50,Tom Bischof,de GER,MF,Hoffenheim,19,2005,31,30,"2,559",28.4,5,2,7,5,0,0,5,0,0.18,0.07,0.25,0.18,0.25,Matches
Rk,Player,Nation,Pos,Squad,Age,Born,MP,Starts,Min,90s,Gls,Ast,G+A,G-PK,PK,PKatt,CrdY,CrdR,Gls,Ast,G+A,G-PK,G+A-PK,Matches
51,Leonardo Bittencourt,de GER,MF,Werder Bremen,30,1993,27,10,982,10.9,2,1,3,2,0,0,3,0,0.18,0.09,0.27,0.18,0.27,Matches
52,Myron Boadu,nl NED,FW,Bochum,23,2001,19,11,"1,042",11.6,9,1,10,8,1,1,2,0,0.78,0.09,0.86,0.69,0.78,Matches
53,Sacha Boey,fr FRA,DF,Bayern Munich,23,2000,13,6,593,6.6,0,2,2,0,0,0,1,0,0,0.3,0.3,0,0.3,Matches
54,Victor Boniface,ng NGA,FW,Leverkusen,23,2000,19,12,"1,008",11.2,8,1,9,8,0,1,2,0,0.71,0.09,0.8,0.71,0.8,Matches
55,Sebastiaan Bornauw,be BEL,DF,Wolfsburg,25,1999,15,8,788,8.8,2,1,3,2,0,0,2,0,0.23,0.11,0.34,0.23,0.34,Matches
56,Carlo Boukhalfa,ma MAR,MF,St Pauli,25,1999,25,19,"1,646",18.3,2,0,2,2,0,0,1,0,0.11,0,0.11,0.11,0.11,Matches
57,Julian Brandt,de GER,MF,Dortmund,28,1996,30,28,"2,303",25.6,5,10,15,5,0,0,1,0,0.2,0.39,0.59,0.2,0.59,Matches
58,Tim Breithaupt,de GER,MF,Augsburg,22,2002,2,2,120,1.3,0,1,1,0,0,0,0,0,0,0.75,0.75,0,0.75,Matches
59,Maximilian Breunig,de GER,FW,Heidenheim,23,2000,13,2,350,3.9,2,0,2,1,1,1,0,0,0.51,0,0.51,0.26,0.26,Matches
60,Moritz Broschinski,de GER,"FW,MF",Bochum,23,2000,33,15,"1,390",15.4,1,3,4,1,0,0,1,0,0.06,0.19,0.26,0.06,0.26,Matches
61,Nathaniel Brown,de GER,"MF,DF",Eintracht Frankfurt,21,2003,26,22,"1,947",21.6,3,6,9,3,0,0,2,0,0.14,0.28,0.42,0.14,0.42,Matches
62,Jacob Bruun Larsen,dk DEN,"MF,FW",Hoffenheim,25,1998,12,3,400,4.4,2,2,4,2,0,0,0,0,0.45,0.45,0.9,0.45,0.9,Matches
63,Jacob Bruun Larsen,dk DEN,MF,Stuttgart,25,1998,15,3,414,4.6,1,0,1,1,0,0,1,0,0.22,0,0.22,0.22,0.22,Matches
64,Emi Buendía,ar ARG,MF,Leverkusen,27,1996,11,3,257,2.9,2,0,2,2,0,0,0,0,0.7,0,0.7,0.7,0.7,Matches
65,Marius Bülter,de GER,"MF,FW",Hoffenheim,31,1993,25,22,"1,729",19.2,7,2,9,7,0,0,4,0,0.36,0.1,0.47,0.36,0.47,Matches
66,Jonathan Burkardt,de GER,FW,Mainz 05,24,2000,29,28,"2,109",23.4,18,2,20,16,2,2,0,0,0.77,0.09,0.85,0.68,0.77,Matches
67,Oliver Burke,sct SCO,FW,Werder Bremen,27,1997,25,9,908,10.1,5,0,5,5,0,0,4,0,0.5,0,0.5,0.5,0.5,Matches
68,Marnon Busch,de GER,"DF,MF",Heidenheim,29,1994,23,15,"1,396",15.5,0,1,1,0,0,0,1,0,0,0.06,0.06,0,0.06,Matches
69,Anthony Caci,fr FRA,MF,Mainz 05,27,1997,33,33,"2,684",29.8,1,7,8,1,0,0,6,0,0.03,0.23,0.27,0.03,0.27,Matches
70,Cole Campbell,us USA,FW,Dortmund,18,2006,4,0,22,0.2,0,0,0,0,0,0,0,0,0,0,0,0,0,Matches
71,Emre Can,de GER,"DF,MF",Dortmund,30,1994,31,23,"2,105",23.4,3,0,3,1,2,2,4,1,0.13,0,0.13,0.04,0.04,Matches
72,Tiago Cardoso,lu LUX,GK,Gladbach,18,2006,5,4,380,4.2,0,0,0,0,0,0,0,0,0,0,0,0,0,Matches
73,Abdoulie Ceesay,gm GAM,FW,St Pauli,20,2004,7,0,60,0.7,0,0,0,0,0,0,1,0,0,0,0,0,0,Matches
74,Julian Chabot,de GER,DF,Stuttgart,26,1998,31,27,"2,269",25.2,3,1,4,3,0,0,11,1,0.12,0.04,0.16,0.12,0.16,Matches
75,El Chadaille Bitshiabu,fr FRA,DF,RB Leipzig,19,2005,21,13,"1,130",12.6,0,0,0,0,0,0,2,1,0,0,0,0,0,Matches
Rk,Player,Nation,Pos,Squad,Age,Born,MP,Starts,Min,90s,Gls,Ast,G+A,G-PK,PK,PKatt,CrdY,CrdR,Gls,Ast,G+A,G-PK,G+A-PK,Matches
76,Fares Chaïbi,dz ALG,MF,Eintracht Frankfurt,21,2002,26,10,"1,013",11.3,1,3,4,1,0,0,2,0,0.09,0.27,0.36,0.09,0.36,Matches
77,Timothy Chandler,us USA,"DF,MF",Eintracht Frankfurt,34,1990,3,0,24,0.3,0,0,0,0,0,0,0,0,0,0,0,0,0,Matches
78,Anrie Chase,jp JPN,DF,Stuttgart,20,2004,12,7,734,8.2,0,0,0,0,0,0,1,0,0,0,0,0,0,Matches
79,Arthur Chaves,br BRA,DF,Hoffenheim,23,2001,26,24,"2,185",24.3,1,0,1,1,0,0,8,0,0.04,0,0.04,0.04,0.04,Matches
80,Fabio Chiarodia,it ITA,DF,Gladbach,19,2005,16,3,379,4.2,1,0,1,1,0,0,0,0,0.24,0,0.24,0.24,0.24,Matches
81,Carney Chukwuemeka,eng ENG,MF,Dortmund,20,2003,10,1,253,2.8,1,0,1,1,0,0,1,0,0.36,0,0.36,0.36,0.36,Matches
82,Alexis Claude-Maurice,fr FRA,"MF,FW",Augsburg,26,1998,28,25,"2,109",23.4,9,2,11,9,0,0,4,0,0.38,0.09,0.47,0.38,0.47,Matches
83,Nnamdi Collins,de GER,"DF,MF",Eintracht Frankfurt,20,2004,24,15,"1,489",16.5,1,1,2,1,0,0,4,0,0.06,0.06,0.12,0.06,0.12,Matches
84,Kingsley Coman,fr FRA,MF,Bayern Munich,28,1996,28,14,"1,282",14.2,5,4,9,5,0,0,0,0,0.35,0.28,0.63,0.35,0.63,Matches
85,Sirlord Conteh,de GER,"MF,FW",Heidenheim,28,1996,29,4,892,9.9,1,1,2,1,0,0,2,0,0.1,0.1,0.2,0.1,0.2,Matches
86,Danny da Costa,de GER,DF,Mainz 05,31,1993,25,25,"2,006",22.3,0,1,1,0,0,0,0,0,0,0.04,0.04,0,0.04,Matches
87,Yan Couto,br BRA,"DF,MF",Dortmund,22,2002,21,8,895,9.9,0,0,0,0,0,0,5,0,0,0,0,0,0,Matches
88,Tomáš Čvančara,cz CZE,"MF,FW",Gladbach,23,2000,28,7,831,9.2,2,0,2,2,0,0,5,1,0.22,0,0.22,0.22,0.22,Matches
89,Finn Dahmen,de GER,GK,Augsburg,26,1998,19,19,"1,710",19,0,0,0,0,0,0,0,0,0,0,0,0,0,Matches
90,Thomas Dähne,de GER,GK,Holstein Kiel,30,1994,9,9,810,9,0,0,0,0,0,0,0,0,0,0,0,0,0,Matches
91,Mahmoud Dahoud,de GER,MF,Eintracht Frankfurt,28,1996,9,3,364,4,1,1,2,1,0,0,2,0,0.25,0.25,0.49,0.25,0.49,Matches
92,Ameen Al-Dakhil,be BEL,DF,Stuttgart,22,2002,7,6,432,4.8,0,0,0,0,0,0,0,1,0,0,0,0,0,Matches
93,Bence Dárdai,hu HUN,MF,Wolfsburg,18,2006,21,16,"1,304",14.5,1,1,2,1,0,0,0,0,0.07,0.07,0.14,0.07,0.14,Matches
94,Lukas Daschner,de GER,"FW,MF",Bochum,25,1998,14,3,412,4.6,1,1,2,1,0,1,0,0,0.22,0.22,0.44,0.22,0.44,Matches
95,Alphonso Davies,ca CAN,DF,Bayern Munich,23,2000,19,17,"1,560",17.3,1,2,3,1,0,0,0,0,0.06,0.12,0.17,0.06,0.17,Matches
96,Olivier Deman,be BEL,"FW,MF",Werder Bremen,24,2000,9,0,67,0.7,0,0,0,0,0,0,1,0,0,0,0,0,0,Matches
97,Ermedin Demirović,ba BIH,FW,Stuttgart,26,1998,34,20,"1,855",20.6,15,1,16,15,0,2,2,0,0.73,0.05,0.78,0.73,0.78,Matches
98,Justin Diehl,de GER,MF,Stuttgart,19,2004,6,0,104,1.2,1,0,1,1,0,0,0,0,0.87,0,0.87,0.87,0.87,Matches
99,Eric Dier,eng ENG,DF,Bayern Munich,30,1994,21,16,"1,463",16.3,2,1,3,2,0,0,1,0,0.12,0.06,0.18,0.12,0.18,Matches
100,Junior Dina Ebimbe,cm CMR,MF,Eintracht Frankfurt,23,2000,7,3,293,3.3,0,1,1,0,0,0,0,0,0,0.31,0.31,0,0.31,Matches
Rk,Player,Nation,Pos,Squad,Age,Born,MP,Starts,Min,90s,Gls,Ast,G+A,G-PK,PK,PKatt,CrdY,CrdR,Gls,Ast,G+A,G-PK,G+A-PK,Matches
101,Eren Dinkçi,de GER,MF,Freiburg,22,2001,23,13,"1,196",13.3,0,3,3,0,0,0,1,0,0,0.23,0.23,0,0.23,Matches
102,Ritsu Doan,jp JPN,MF,Freiburg,26,1998,34,33,"2,862",31.8,10,7,17,10,0,0,2,0,0.31,0.22,0.53,0.31,0.53,Matches
103,Danilho Doekhi,nl NED,DF,Union Berlin,26,1998,34,34,"3,060",34,1,1,2,1,0,0,4,0,0.03,0.03,0.06,0.03,0.06,Matches
104,Niklas Dorsch,de GER,MF,Augsburg,26,1998,1,0,32,0.4,0,0,0,0,0,0,0,0,0,0,0,0,0,Matches
105,Niklas Dorsch,de GER,MF,Heidenheim,26,1998,22,19,"1,335",14.8,2,2,4,2,0,0,5,1,0.13,0.13,0.27,0.13,0.27,Matches
106,Patrick Drewes,de GER,GK,Bochum,31,1993,21,21,"1,890",21,0,0,0,0,0,0,2,0,0,0,0,0,0,Matches
107,Tim Drexler,de GER,DF,Hoffenheim,19,2005,8,5,357,4,0,0,0,0,0,0,2,0,0,0,0,0,0,Matches
108,Marvin Ducksch,de GER,FW,Werder Bremen,30,1994,32,30,"2,418",26.9,8,8,16,7,1,2,3,0,0.3,0.3,0.6,0.26,0.56,Matches
109,Julien Duranville,be BEL,MF,Dortmund,18,2006,12,2,283,3.1,0,0,0,0,0,0,3,0,0,0,0,0,0,Matches
110,Adam Dźwigała,pl POL,DF,St Pauli,28,1995,16,2,373,4.1,0,0,0,0,0,0,2,1,0,0,0,0,0,Matches
111,Johannes Eggestein,de GER,FW,St Pauli,26,1998,27,22,"1,853",20.6,3,4,7,2,1,2,3,0,0.15,0.19,0.34,0.1,0.29,Matches
112,Maximilian Eggestein,de GER,MF,Freiburg,27,1996,33,33,"2,845",31.6,2,0,2,2,0,0,4,0,0.06,0,0.06,0.06,0.06,Matches
113,Hugo Ekitike,fr FRA,FW,Eintracht Frankfurt,22,2002,33,31,"2,563",28.5,15,8,23,14,1,3,1,0,0.53,0.28,0.81,0.49,0.77,Matches
114,Elif Elmas,mk MKD,"FW,MF",RB Leipzig,24,1999,2,0,44,0.5,0,0,0,0,0,0,1,0,0,0,0,0,0,Matches
115,Nico Elvedi,ch SUI,DF,Gladbach,27,1996,25,25,"2,135",23.7,1,1,2,1,0,0,1,0,0.04,0.04,0.08,0.04,0.08,Matches
116,Arne Engels,be BEL,FW,Augsburg,20,2003,1,1,79,0.9,0,0,0,0,0,0,1,0,0,0,0,0,0,Matches
117,Patrick Erras,de GER,DF,Holstein Kiel,29,1995,10,10,832,9.2,1,0,1,1,0,0,2,0,0.11,0,0.11,0.11,0.11,Matches
118,Samuel Essende,cd COD,FW,Augsburg,26,1998,30,21,"1,636",18.2,7,2,9,7,0,0,4,2,0.39,0.11,0.5,0.39,0.5,Matches
119,Frank Feller,de GER,GK,Heidenheim,20,2004,2,1,121,1.3,0,0,0,0,0,0,0,0,0,0,0,0,0,Matches
120,Kilian Fischer,de GER,DF,Wolfsburg,23,2000,32,29,"2,297",25.5,1,0,1,1,0,0,7,0,0.04,0,0.04,0.04,0.04,Matches
121,Jonas Föhrenbach,de GER,"DF,MF",Heidenheim,28,1996,27,22,"1,832",20.4,0,1,1,0,0,0,3,0,0,0.05,0.05,0,0.05,Matches
122,Marco Friedl,at AUT,DF,Werder Bremen,26,1998,26,25,"2,161",24,0,0,0,0,0,0,10,2,0,0,0,0,0,Matches
123,Marvin Friedrich,de GER,DF,Gladbach,28,1995,22,9,989,11,0,1,1,0,0,0,0,0,0,0.09,0.09,0,0.09,Matches
124,Jeremie Frimpong,nl NED,MF,Leverkusen,23,2000,33,25,"2,314",25.7,5,5,10,5,0,0,4,0,0.19,0.19,0.39,0.19,0.39,Matches
125,Chris Führich,de GER,MF,Stuttgart,26,1998,33,23,"1,981",22,2,3,5,2,0,0,1,0,0.09,0.14,0.23,0.09,0.23,Matches
Rk,Player,Nation,Pos,Squad,Age,Born,MP,Starts,Min,90s,Gls,Ast,G+A,G-PK,PK,PKatt,CrdY,CrdR,Gls,Ast,G+A,G-PK,G+A-PK,Matches
126,Shiō Fukuda,jp JPN,FW,Gladbach,20,2004,6,0,60,0.7,1,0,1,1,0,0,0,0,1.5,0,1.5,1.5,1.5,Matches
127,Cristian Gamboa,cr CRC,MF,Bochum,34,1989,12,1,226,2.5,1,0,1,1,0,0,1,0,0.4,0,0.4,0.4,0.4,Matches
128,Aleix García,es ESP,MF,Leverkusen,27,1997,28,17,"1,455",16.2,3,4,7,3,0,0,3,0,0.19,0.25,0.43,0.19,0.43,Matches
129,Viggo Gebel,de GER,MF,RB Leipzig,16,2007,1,0,14,0.2,0,0,0,0,0,0,0,0,0,0,0,0,0,Matches
130,Lutsharel Geertruida,nl NED,DF,RB Leipzig,24,2000,24,17,"1,557",17.3,1,0,1,1,0,0,2,0,0.06,0,0.06,0.06,0.06,Matches
131,Dennis Geiger,de GER,MF,Hoffenheim,26,1998,20,7,734,8.2,0,0,0,0,0,0,4,0,0,0,0,0,0,Matches
132,Valentin Gendrey,fr FRA,"DF,MF",Hoffenheim,24,2000,22,14,"1,414",15.7,1,1,2,1,0,0,1,0,0.06,0.06,0.13,0.06,0.13,Matches
133,Yannick Gerhardt,de GER,"MF,DF",Wolfsburg,30,1994,29,15,"1,518",16.9,1,1,2,1,0,0,5,1,0.06,0.06,0.12,0.06,0.12,Matches
134,Max Geschwill,de GER,DF,Holstein Kiel,23,2001,19,13,"1,282",14.2,1,2,3,1,0,0,2,0,0.07,0.14,0.21,0.07,0.21,Matches
135,Dimitris Giannoulis,gr GRE,MF,Augsburg,28,1995,31,31,"2,650",29.4,1,4,5,1,0,0,8,0,0.03,0.14,0.17,0.03,0.17,Matches
136,Armin Gigovic,ba BIH,MF,Holstein Kiel,22,2002,31,23,"1,895",21.1,5,1,6,5,0,0,5,0,0.24,0.05,0.28,0.24,0.28,Matches
137,Benedikt Gimber,de GER,DF,Heidenheim,27,1997,32,32,"2,671",29.7,0,0,0,0,0,0,9,0,0,0,0,0,0,Matches
138,Matthias Ginter,de GER,DF,Freiburg,30,1994,32,28,"2,561",28.5,2,1,3,2,0,0,5,0,0.07,0.04,0.11,0.07,0.11,Matches
139,Jamie Gittens,eng ENG,MF,Dortmund,19,2004,32,21,"1,776",19.7,8,3,11,8,0,0,4,0,0.41,0.15,0.56,0.41,0.56,Matches
140,Serge Gnabry,de GER,"MF,FW",Bayern Munich,29,1995,27,13,"1,242",13.8,7,5,12,7,0,1,0,0,0.51,0.36,0.87,0.51,0.87,Matches
141,Tidiam Gomis,fr FRA,FW,RB Leipzig,17,2006,8,1,152,1.7,0,1,1,0,0,0,2,0,0,0.59,0.59,0,0.59,Matches
142,Leon Goretzka,de GER,MF,Bayern Munich,29,1995,26,13,"1,325",14.7,4,1,5,4,0,0,2,0,0.27,0.07,0.34,0.27,0.34,Matches
143,Robin Gosens,de GER,MF,Union Berlin,30,1994,1,1,90,1,0,0,0,0,0,0,1,0,0,0,0,0,0,Matches
144,Mario Götze,de GER,MF,Eintracht Frankfurt,32,1992,24,18,"1,542",17.1,3,2,5,3,0,0,1,0,0.18,0.12,0.29,0.18,0.29,Matches
145,Jeffrey Gouweleeuw,nl NED,DF,Augsburg,33,1991,33,33,"2,944",32.7,1,4,5,1,0,1,9,0,0.03,0.12,0.15,0.03,0.15,Matches
146,Kamil Grabara,pl POL,GK,Wolfsburg,25,1999,29,29,"2,585",28.7,0,0,0,0,0,0,2,0,0,0,0,0,0,Matches
147,Michael Gregoritsch,at AUT,FW,Freiburg,30,1994,20,5,639,7.1,2,1,3,2,0,0,2,0,0.28,0.14,0.42,0.28,0.42,Matches
148,Vincenzo Grifo,it ITA,MF,Freiburg,31,1993,34,31,"2,432",27,8,11,19,8,0,3,2,0,0.3,0.41,0.7,0.3,0.7,Matches
149,Florian Grillitsch,at AUT,"MF,DF",Hoffenheim,28,1995,8,8,601,6.7,0,0,0,0,0,0,1,0,0,0,0,0,0,Matches
150,Álex Grimaldo,es ESP,MF,Leverkusen,28,1995,32,31,"2,636",29.3,2,7,9,2,0,0,6,1,0.07,0.24,0.31,0.07,0.31,Matches
Rk,Player,Nation,Pos,Squad,Age,Born,MP,Starts,Min,90s,Gls,Ast,G+A,G-PK,PK,PKatt,CrdY,CrdR,Gls,Ast,G+A,G-PK,G+A-PK,Matches
151,Pascal Groß,de GER,"MF,DF",Dortmund,33,1991,30,28,"2,327",25.9,0,9,9,0,0,0,5,1,0,0.35,0.35,0,0.35,Matches
152,Marco Grüll,at AUT,"FW,MF",Werder Bremen,26,1998,30,13,"1,181",13.1,6,1,7,6,0,0,1,0,0.46,0.08,0.53,0.46,0.53,Matches
153,Raphaël Guerreiro,pt POR,"DF,MF",Bayern Munich,30,1993,23,19,"1,572",17.5,4,4,8,4,0,0,2,0,0.23,0.23,0.46,0.23,0.46,Matches
154,Morgan Guilavogui,gn GUI,"FW,MF",St Pauli,26,1998,25,21,"1,807",20.1,6,2,8,6,0,0,6,0,0.3,0.1,0.4,0.3,0.4,Matches
155,Serhou Guirassy,gn GUI,FW,Dortmund,28,1996,30,29,"2,598",28.9,21,4,25,18,3,4,4,0,0.73,0.14,0.87,0.62,0.76,Matches
156,Péter Gulácsi,hu HUN,GK,RB Leipzig,34,1990,30,30,"2,631",29.2,0,0,0,0,0,0,0,0,0,0,0,0,0,Matches
157,Robert Gumny,pl POL,MF,Augsburg,26,1998,7,2,271,3,0,0,0,0,0,0,2,0,0,0,0,0,0,Matches
158,Christian Günter,de GER,DF,Freiburg,31,1993,29,27,"2,314",25.7,2,2,4,2,0,0,0,0,0.08,0.08,0.16,0.08,0.16,Matches
159,Janik Haberer,de GER,MF,Union Berlin,30,1994,28,21,"1,696",18.8,0,0,0,0,0,0,1,0,0,0,0,0,0,Matches
160,Robin Hack,de GER,MF,Gladbach,25,1998,33,27,"2,172",24.1,4,7,11,4,0,0,4,0,0.17,0.29,0.46,0.17,0.46,Matches
161,Amadou Haidara,ml MLI,MF,RB Leipzig,26,1998,28,16,"1,320",14.7,0,1,1,0,0,0,7,0,0,0.07,0.07,0,0.07,Matches
162,Andreas Hanche-Olsen,no NOR,DF,Mainz 05,27,1997,22,12,"1,284",14.3,1,1,2,1,0,0,4,1,0.07,0.07,0.14,0.07,0.14,Matches
163,Phil Harres,de GER,FW,Holstein Kiel,22,2002,26,17,"1,544",17.2,8,1,9,8,0,0,3,0,0.47,0.06,0.52,0.47,0.52,Matches
164,Ramon Hendriks,nl NED,DF,Stuttgart,23,2001,25,10,"1,154",12.8,0,1,1,0,0,0,3,0,0,0.08,0.08,0,0.08,Matches
165,Paul Hennrich,de GER,MF,Hoffenheim,19,2005,1,0,12,0.1,0,0,0,0,0,0,0,0,0,0,0,0,0,Matches
166,Benjamin Henrichs,de GER,"DF,MF",RB Leipzig,27,1997,15,10,935,10.4,0,2,2,0,0,0,3,0,0,0.19,0.19,0,0.19,Matches
167,Mario Hermoso,es ESP,DF,Leverkusen,29,1995,4,3,293,3.3,0,0,0,0,0,0,0,0,0,0,0,0,0,Matches
168,Piero Hincapié,ec ECU,DF,Leverkusen,22,2002,32,28,"2,670",29.7,2,2,4,2,0,0,8,0,0.07,0.07,0.13,0.07,0.13,Matches
169,Adam Hložek,cz CZE,"FW,MF",Hoffenheim,22,2002,27,22,"1,871",20.8,8,4,12,8,0,0,2,0,0.38,0.19,0.58,0.38,0.58,Matches
170,Nicolas Höfler,de GER,MF,Freiburg,34,1990,20,7,794,8.8,0,0,0,0,0,0,3,0,0,0,0,0,0,Matches
171,Jonas Hofmann,de GER,MF,Leverkusen,32,1992,11,4,356,4,2,1,3,2,0,0,1,0,0.51,0.25,0.76,0.51,0.76,Matches
172,Philipp Hofmann,de GER,FW,Bochum,31,1993,32,27,"2,277",25.3,3,3,6,3,0,0,4,0,0.12,0.12,0.24,0.12,0.24,Matches
173,Lucas Höler,de GER,"FW,MF",Freiburg,30,1994,31,21,"1,867",20.7,6,4,10,6,0,1,3,0,0.29,0.19,0.48,0.29,0.48,Matches
174,Benedict Hollerbach,de GER,"FW,MF",Union Berlin,23,2001,34,30,"2,540",28.2,9,1,10,9,0,0,3,0,0.32,0.04,0.35,0.32,0.35,Matches
175,Lewis Holtby,de GER,MF,Holstein Kiel,33,1990,25,13,"1,238",13.8,0,1,1,0,0,0,1,1,0,0.07,0.07,0,0.07,Matches
Rk,Player,Nation,Pos,Squad,Age,Born,MP,Starts,Min,90s,Gls,Ast,G+A,G-PK,PK,PKatt,CrdY,CrdR,Gls,Ast,G+A,G-PK,G+A-PK,Matches
176,Gerrit Holtmann,ph PHI,"MF,DF",Bochum,29,1995,23,12,"1,136",12.6,2,1,3,2,0,0,2,0,0.16,0.08,0.24,0.16,0.24,Matches
177,Franck Honorat,fr FRA,MF,Gladbach,27,1996,19,18,"1,439",16,4,7,11,4,0,0,0,0,0.25,0.44,0.69,0.25,0.69,Matches
178,Mathias Honsak,at AUT,"MF,FW",Heidenheim,27,1996,22,12,"1,181",13.1,5,1,6,5,0,0,1,0,0.38,0.08,0.46,0.38,0.46,Matches
179,Timo Horn,de GER,GK,Bochum,31,1993,13,13,"1,170",13,0,0,0,0,0,0,2,0,0,0,0,0,0,Matches
180,Lukáš Hrádecký,fi FIN,GK,Leverkusen,34,1989,29,29,"2,610",29,0,0,0,0,0,0,1,0,0,0,0,0,0,Matches
181,Robin Hranáč,cz CZE,DF,Hoffenheim,24,2000,4,2,219,2.4,0,0,0,0,0,0,0,0,0,0,0,0,0,Matches
182,Hong Hyunseok,kr KOR,MF,Mainz 05,25,1999,23,4,530,5.9,0,1,1,0,0,0,0,0,0,0.17,0.17,0,0.17,Matches
183,Oscar Højlund,dk DEN,MF,Eintracht Frankfurt,19,2005,20,7,722,8,1,0,1,1,0,0,0,0,0.12,0,0.12,0.12,0.12,Matches
184,Arijon Ibrahimović,de GER,MF,Bayern Munich,18,2005,1,0,1,0,0,0,0,0,0,0,0,0,0,0,0,0,0,Matches
185,Andrej Ilic,rs SRB,FW,Union Berlin,24,2000,16,11,937,10.4,7,0,7,6,1,1,1,0,0.67,0,0.67,0.58,0.58,Matches
186,Jackson Irvine,au AUS,MF,St Pauli,31,1993,29,29,"2,610",29,0,6,6,0,0,0,2,0,0,0.21,0.21,0,0.21,Matches
187,Ko Itakura,jp JPN,DF,Gladbach,27,1997,31,31,"2,790",31,3,0,3,3,0,0,5,0,0.1,0,0.1,0.1,0.1,Matches
188,Hiroki Ito,jp JPN,DF,Bayern Munich,25,1999,6,3,250,2.8,1,0,1,1,0,0,1,0,0.36,0,0.36,0.36,0.36,Matches
189,Marko Ivezić,rs SRB,DF,Holstein Kiel,22,2001,23,18,"1,657",18.4,0,0,0,0,0,0,5,0,0,0,0,0,0,Matches
190,Lee Jae-sung,kr KOR,MF,Mainz 05,31,1992,33,31,"2,650",29.4,7,6,13,7,0,0,4,0,0.24,0.2,0.44,0.24,0.44,Matches
191,Kristijan Jakić,hr CRO,MF,Augsburg,27,1997,31,27,"2,306",25.6,0,1,1,0,0,0,2,0,0,0.04,0.04,0,0.04,Matches
192,Luca Jaquez,ch SUI,DF,Stuttgart,21,2003,5,2,253,2.8,0,0,0,0,0,0,0,0,0,0,0,0,0,Matches
193,Dominik Javorček,sk SVK,"MF,DF",Holstein Kiel,21,2002,13,4,386,4.3,0,2,2,0,0,0,2,0,0,0.47,0.47,0,0.47,Matches
194,Finn Jeltsch,de GER,DF,Stuttgart,18,2006,12,9,780,8.7,0,0,0,0,0,0,2,0,0,0,0,0,0,Matches
195,Fredrik Jensen,fi FIN,"MF,FW",Augsburg,26,1997,20,9,763,8.5,0,0,0,0,0,0,0,0,0,0,0,0,0,Matches
196,Moritz Jenz,de GER,DF,Mainz 05,25,1999,19,18,"1,600",17.8,0,0,0,0,0,0,4,0,0,0,0,0,0,Matches
197,Carl Johansson,se SWE,DF,Holstein Kiel,30,1994,10,7,568,6.3,0,0,0,0,0,0,0,1,0,0,0,0,0,Matches
198,Anthony Jung,de GER,DF,Werder Bremen,32,1991,28,20,"1,898",21.1,0,0,0,0,0,0,1,0,0,0,0,0,0,Matches
199,Josip Juranović,hr CRO,"MF,DF",Union Berlin,28,1995,17,13,"1,159",12.9,0,1,1,0,0,0,4,0,0,0.08,0.08,0,0.08,Matches
200,David Jurásek,cz CZE,"DF,MF",Hoffenheim,23,2000,14,6,619,6.9,0,1,1,0,0,0,0,0,0,0.15,0.15,0,0.15,Matches
Rk,Player,Nation,Pos,Squad,Age,Born,MP,Starts,Min,90s,Gls,Ast,G+A,G-PK,PK,PKatt,CrdY,CrdR,Gls,Ast,G+A,G-PK,G+A-PK,Matches
201,Yusuf Kabadayı,de GER,FW,Augsburg,20,2004,5,0,71,0.8,1,0,1,1,0,0,0,0,1.27,0,1.27,1.27,1.27,Matches
202,Almugera Kabar,de GER,DF,Dortmund,18,2006,5,1,137,1.5,0,0,0,0,0,0,2,1,0,0,0,0,0,Matches
203,Issa Kaboré,bf BFA,MF,Werder Bremen,23,2001,9,3,308,3.4,0,0,0,0,0,0,0,0,0,0,0,0,0,Matches
204,Pavel Kadeřábek,cz CZE,"MF,DF",Hoffenheim,32,1992,24,18,"1,576",17.5,2,0,2,2,0,0,6,0,0.11,0,0.11,0.11,0.11,Matches
205,Jakub Kamiński,pl POL,"MF,DF",Wolfsburg,22,2002,22,12,"1,130",12.6,0,2,2,0,0,0,2,0,0,0.16,0.16,0,0.16,Matches
206,Kevin Kampl,si SVN,MF,RB Leipzig,33,1990,26,18,"1,593",17.7,1,0,1,1,0,0,5,0,0.06,0,0.06,0.06,0.06,Matches
207,Harry Kane,eng ENG,FW,Bayern Munich,31,1993,31,28,"2,381",26.5,26,9,35,17,9,9,5,0,0.98,0.34,1.32,0.64,0.98,Matches
208,Atakan Karazor,tr TUR,MF,Stuttgart,27,1996,32,31,"2,618",29.1,2,4,6,2,0,0,10,1,0.07,0.14,0.21,0.07,0.21,Matches
209,Mikkel Kaufmann,dk DEN,"FW,MF",Heidenheim,23,2001,9,3,372,4.1,0,0,0,0,0,0,2,0,0,0,0,0,0,Matches
210,Yannik Keitel,de GER,MF,Stuttgart,24,2000,11,2,270,3,0,0,0,0,0,0,1,0,0,0,0,0,0,Matches
211,Andu Kelati,de GER,MF,Holstein Kiel,21,2002,8,2,288,3.2,1,1,2,1,0,0,2,1,0.31,0.31,0.62,0.31,0.62,Matches
212,Thomas Keller,de GER,"MF,DF",Heidenheim,24,1999,6,2,148,1.6,0,0,0,0,0,0,2,0,0,0,0,0,0,Matches
213,Aljoscha Kemlein,de GER,MF,Union Berlin,19,2004,15,11,922,10.2,1,0,1,1,0,0,3,0,0.1,0,0.1,0.1,0.1,Matches
214,Luca Kerber,de GER,MF,Heidenheim,22,2002,23,7,783,8.7,2,0,2,2,0,0,4,0,0.23,0,0.23,0.23,0.23,Matches
215,Rani Khedira,de GER,MF,Union Berlin,30,1994,32,31,"2,723",30.3,1,1,2,1,0,0,7,0,0.03,0.03,0.07,0.03,0.07,Matches
216,Joshua Kimmich,de GER,MF,Bayern Munich,29,1995,33,32,"2,847",31.6,3,7,10,3,0,0,4,0,0.09,0.22,0.32,0.09,0.32,Matches
217,Tim Kleindienst,de GER,FW,Gladbach,28,1995,31,31,"2,737",30.4,16,7,23,15,1,2,5,1,0.53,0.23,0.76,0.49,0.72,Matches
218,Lukas Klostermann,de GER,DF,RB Leipzig,28,1996,28,20,"1,838",20.4,1,0,1,1,0,0,5,0,0.05,0,0.05,0.05,0.05,Matches
219,Ansgar Knauff,de GER,MF,Eintracht Frankfurt,22,2002,30,18,"1,597",17.7,4,5,9,4,0,0,3,0,0.23,0.28,0.51,0.23,0.51,Matches
220,Magnus Knudsen,no NOR,MF,Holstein Kiel,23,2001,31,22,"1,850",20.6,0,1,1,0,0,0,7,0,0,0.05,0.05,0,0.05,Matches
221,Gregor Kobel,ch SUI,GK,Dortmund,26,1997,32,32,"2,880",32,0,0,0,0,0,0,1,0,0,0,0,0,0,Matches
222,Robin Koch,de GER,DF,Eintracht Frankfurt,28,1996,30,30,"2,586",28.7,3,0,3,3,0,0,3,0,0.1,0,0.1,0.1,0.1,Matches
223,Derrick Köhn,gh GHA,"MF,DF",Werder Bremen,25,1999,27,14,"1,343",14.9,2,2,4,2,0,0,2,0,0.13,0.13,0.27,0.13,0.27,Matches
224,Dominik Kohr,de GER,"DF,MF",Mainz 05,30,1994,28,28,"2,295",25.5,2,0,2,2,0,0,11,1,0.08,0,0.08,0.08,0.08,Matches
225,Marco Komenda,hr CRO,DF,Holstein Kiel,27,1996,19,17,"1,307",14.5,0,0,0,0,0,0,3,0,0,0,0,0,0,Matches
Rk,Player,Nation,Pos,Squad,Age,Born,MP,Starts,Min,90s,Gls,Ast,G+A,G-PK,PK,PKatt,CrdY,CrdR,Gls,Ast,G+A,G-PK,G+A-PK,Matches
226,Mert Kömür,de GER,MF,Augsburg,19,2005,20,5,654,7.3,2,1,3,2,0,0,1,0,0.28,0.14,0.41,0.28,0.41,Matches
227,Kacper Koscierski,de GER,DF,Bochum,17,2007,1,0,7,0.1,0,0,0,0,0,0,0,0,0,0,0,0,0,Matches
228,Henri Koudossou,de GER,MF,Augsburg,24,1999,21,4,748,8.3,0,0,0,0,0,0,1,0,0,0,0,0,0,Matches
229,Konstantinos Koulierakis,gr GRE,DF,Wolfsburg,20,2003,30,28,"2,468",27.4,0,2,2,0,0,0,4,0,0,0.07,0.07,0,0.07,Matches
230,Matej Kovar,cz CZE,GK,Leverkusen,24,2000,5,5,450,5,0,0,0,0,0,0,0,0,0,0,0,0,0,Matches
231,Andrej Kramarić,hr CRO,MF,Hoffenheim,33,1991,32,32,"2,767",30.7,11,8,19,8,3,3,4,0,0.36,0.26,0.62,0.26,0.52,Matches
232,Frans Krätzig,de GER,"MF,DF",Heidenheim,21,2003,16,15,"1,217",13.5,1,2,3,1,0,0,1,0,0.07,0.15,0.22,0.07,0.22,Matches
233,Frans Krätzig,de GER,DF,Stuttgart,21,2003,1,1,56,0.6,0,0,0,0,0,0,0,0,0,0,0,0,0,Matches
234,Tom Krauß,de GER,MF,Bochum,23,2001,14,13,"1,077",12,0,0,0,0,0,0,2,0,0,0,0,0,0,Matches
235,Rasmus Kristensen,dk DEN,"DF,MF",Eintracht Frankfurt,27,1997,30,28,"2,513",27.9,5,3,8,5,0,0,4,0,0.18,0.11,0.29,0.18,0.29,Matches
236,Lukas Kübler,de GER,DF,Freiburg,31,1992,28,22,"1,842",20.5,5,1,6,5,0,0,5,0,0.24,0.05,0.29,0.24,0.29,Matches
237,Jonah Kusi-Asare,se SWE,FW,Bayern Munich,17,2007,1,0,3,0,0,0,0,0,0,0,0,0,0,0,0,0,0,Matches
238,Moritz-Broni Kwarteng,gh GHA,MF,Bochum,26,1998,7,0,172,1.9,0,0,0,0,0,0,1,0,0,0,0,0,0,Matches
239,Nediljko Labrović,hr CRO,GK,Augsburg,24,1999,15,15,"1,350",15,0,0,0,0,0,0,0,0,0,0,0,0,0,Matches
240,Konrad Laimer,at AUT,DF,Bayern Munich,27,1997,29,19,"1,699",18.9,2,2,4,2,0,0,8,0,0.11,0.11,0.21,0.11,0.21,Matches
241,Stefan Lainer,at AUT,DF,Gladbach,31,1992,21,6,757,8.4,1,0,1,1,0,0,2,0,0.12,0,0.12,0.12,0.12,Matches
242,Hugo Larsson,se SWE,MF,Eintracht Frankfurt,20,2004,33,28,"2,393",26.6,3,1,4,3,0,0,2,0,0.11,0.04,0.15,0.11,0.15,Matches
243,Diogo Leite,pt POR,DF,Union Berlin,25,1999,30,29,"2,546",28.3,1,2,3,1,0,0,3,0,0.04,0.07,0.11,0.04,0.11,Matches
244,Maxim Leitsch,de GER,DF,Mainz 05,26,1998,14,6,674,7.5,1,0,1,1,0,0,2,0,0.13,0,0.13,0.13,0.13,Matches
245,Jamie Leweling,de GER,MF,Stuttgart,23,2001,27,22,"1,663",18.5,2,2,4,2,0,0,4,0,0.11,0.11,0.22,0.11,0.22,Matches
246,Philipp Lienhart,at AUT,DF,Freiburg,28,1996,32,31,"2,770",30.8,1,0,1,1,0,0,5,0,0.03,0,0.03,0.03,0.03,Matches
247,Marin Ljubicic,hr CRO,FW,Union Berlin,22,2002,13,1,281,3.1,1,1,2,1,0,0,1,0,0.32,0.32,0.64,0.32,0.64,Matches
248,Anthony Losilla,fr FRA,MF,Bochum,38,1986,21,13,"1,137",12.6,0,0,0,0,0,0,1,0,0,0,0,0,0,Matches
249,Yannik Lührs,de GER,DF,Dortmund,20,2003,3,1,127,1.4,0,0,0,0,0,0,0,0,0,0,0,0,0,Matches
250,Castello Lukeba,fr FRA,DF,RB Leipzig,21,2002,23,18,"1,577",17.5,0,0,0,0,0,0,2,0,0,0,0,0,0,Matches
Rk,Player,Nation,Pos,Squad,Age,Born,MP,Starts,Min,90s,Gls,Ast,G+A,G-PK,PK,PKatt,CrdY,CrdR,Gls,Ast,G+A,G-PK,G+A-PK,Matches
251,Senne Lynen,be BEL,MF,Werder Bremen,25,1999,32,32,"2,733",30.4,0,1,1,0,0,0,9,0,0,0.03,0.03,0,0.03,Matches
252,Shuto Machino,jp JPN,"FW,MF",Holstein Kiel,24,1999,32,23,"1,953",21.7,11,2,13,9,2,2,2,0,0.51,0.09,0.6,0.41,0.51,Matches
253,Arne Maier,de GER,MF,Augsburg,25,1999,28,7,938,10.4,0,0,0,0,0,0,0,1,0,0,0,0,0,Matches
254,Patrick Mainka,de GER,DF,Heidenheim,29,1994,34,34,"3,060",34,1,1,2,1,0,0,3,0,0.03,0.03,0.06,0.03,0.06,Matches
255,Lovro Majer,hr CRO,MF,Wolfsburg,26,1998,9,3,304,3.4,2,1,3,1,1,1,1,0,0.59,0.3,0.89,0.3,0.59,Matches
256,Jordy Makengo,fr FRA,DF,Freiburg,22,2001,19,7,745,8.3,0,0,0,0,0,0,1,0,0,0,0,0,0,Matches
257,Jarzinho Malanga,de GER,MF,Stuttgart,18,2006,1,0,2,0,0,0,0,0,0,0,0,0,0,0,0,0,0,Matches
258,Julián Malatini,ar ARG,DF,Werder Bremen,23,2001,10,5,454,5,1,1,2,1,0,0,1,0,0.2,0.2,0.4,0.2,0.4,Matches
259,Donyell Malen,nl NED,MF,Dortmund,25,1999,14,6,614,6.8,3,0,3,3,0,0,1,0,0.44,0,0.44,0.44,0.44,Matches
260,Lennard Maloney,us USA,"MF,DF",Heidenheim,24,1999,11,10,760,8.4,0,0,0,0,0,0,1,0,0,0,0,0,0,Matches
261,Lennard Maloney,us USA,"DF,MF",Mainz 05,24,1999,5,0,26,0.3,0,0,0,0,0,0,1,0,0,0,0,0,0,Matches
262,Johan Manzambi,ch SUI,MF,Freiburg,18,2005,11,4,335,3.7,2,1,3,2,0,0,2,0,0.54,0.27,0.81,0.54,0.81,Matches
263,Omar Marmoush,eg EGY,"FW,MF",Eintracht Frankfurt,25,1999,17,17,"1,448",16.1,15,9,24,13,2,2,2,0,0.93,0.56,1.49,0.81,1.37,Matches
264,Giorgos Masouras,gr GRE,FW,Bochum,30,1994,14,12,"1,055",11.7,2,1,3,2,0,0,1,0,0.17,0.09,0.26,0.17,0.26,Matches
265,Erhan Mašović,rs SRB,"DF,MF",Bochum,25,1998,16,10,910,10.1,1,1,2,1,0,0,2,0,0.1,0.1,0.2,0.1,0.2,Matches
266,Igor Matanovic,hr CRO,FW,Eintracht Frankfurt,21,2003,16,2,312,3.5,1,0,1,1,0,0,0,0,0.29,0,0.29,0.29,0.29,Matches
267,Chrislain Matsima,fr FRA,DF,Augsburg,22,2002,30,28,"2,551",28.3,1,1,2,1,0,0,4,0,0.04,0.04,0.07,0.04,0.07,Matches
268,Jean Mattéo Bahoya,fr FRA,MF,Eintracht Frankfurt,19,2005,24,10,921,10.2,2,3,5,2,0,0,3,0,0.2,0.29,0.49,0.2,0.49,Matches
269,Maurides,br BRA,FW,St Pauli,30,1994,1,0,2,0,0,0,0,0,0,0,0,0,0,0,0,0,0,Matches
270,Jakov Medić,hr CRO,DF,Bochum,25,1998,23,17,"1,603",17.8,1,0,1,1,0,0,2,0,0.06,0,0.06,0.06,0.06,Matches
271,Connor Metcalfe,au AUS,"MF,FW",St Pauli,24,1999,10,3,358,4,0,0,0,0,0,0,2,1,0,0,0,0,0,Matches
272,Karol Mets,ee EST,DF,St Pauli,31,1993,10,10,900,10,0,0,0,0,0,0,1,0,0,0,0,0,0,Matches
273,Alexander Meyer,de GER,GK,Dortmund,33,1991,2,2,180,2,0,0,0,0,0,0,0,0,0,0,0,0,0,Matches
274,Florian Micheler,at AUT,MF,Hoffenheim,19,2005,1,0,32,0.4,0,0,0,0,0,0,1,0,0,0,0,0,0,Matches
275,Enzo Millot,fr FRA,MF,Stuttgart,22,2002,29,22,"1,843",20.5,6,5,11,6,0,1,9,0,0.29,0.24,0.54,0.29,0.54,Matches
Rk,Player,Nation,Pos,Squad,Age,Born,MP,Starts,Min,90s,Gls,Ast,G+A,G-PK,PK,PKatt,CrdY,CrdR,Gls,Ast,G+A,G-PK,G+A-PK,Matches
276,Kim Min-jae,kr KOR,DF,Bayern Munich,27,1996,27,27,"2,283",25.4,2,0,2,2,0,0,2,0,0.08,0,0.08,0.08,0.08,Matches
277,Maximilian Mittelstädt,de GER,"DF,MF",Stuttgart,27,1997,31,28,"2,469",27.4,1,7,8,1,0,0,5,0,0.04,0.26,0.29,0.04,0.29,Matches
278,Koji Miyoshi,jp JPN,"MF,FW",Bochum,27,1997,15,6,464,5.2,1,0,1,1,0,0,0,1,0.19,0,0.19,0.19,0.19,Matches
279,Max Moerstedt,de GER,"FW,MF",Hoffenheim,18,2006,12,5,451,5,0,0,0,0,0,0,2,0,0,0,0,0,0,Matches
280,David Mokwa,fr FRA,FW,Hoffenheim,20,2004,2,0,22,0.2,0,0,0,0,0,0,0,0,0,0,0,0,0,Matches
281,Steve Mounié,bj BEN,MF,Augsburg,29,1994,16,1,347,3.9,1,0,1,1,0,0,2,0,0.26,0,0.26,0.26,0.26,Matches
282,Nordi Mukiele,fr FRA,"DF,MF",Leverkusen,26,1997,15,10,899,10,1,0,1,1,0,0,4,0,0.1,0,0.1,0.1,0.1,Matches
283,Florian Müller,de GER,GK,Freiburg,26,1997,9,8,753,8.4,0,0,0,0,0,0,0,0,0,0,0,0,0,Matches
284,Kevin Müller,de GER,GK,Heidenheim,33,1991,33,33,"2,939",32.7,0,0,0,0,0,0,0,0,0,0,0,0,0,Matches
285,Marius Müller,de GER,GK,Wolfsburg,31,1993,6,5,475,5.3,0,0,0,0,0,0,0,0,0,0,0,0,0,Matches
286,Thomas Müller,de GER,"MF,FW",Bayern Munich,34,1989,30,12,"1,225",13.6,1,4,5,1,0,0,3,0,0.07,0.29,0.37,0.07,0.37,Matches
287,Jamal Musiala,de GER,MF,Bayern Munich,21,2003,25,21,"1,798",20,12,2,14,12,0,0,3,0,0.6,0.1,0.7,0.6,0.7,Matches
288,Florent Muslija,xk KVX,"FW,MF",Freiburg,26,1998,9,0,168,1.9,0,0,0,0,0,0,0,0,0,0,0,0,0,Matches
289,Phillipp Mwene,at AUT,MF,Mainz 05,30,1994,32,32,"2,607",29,1,4,5,1,0,0,7,0,0.03,0.14,0.17,0.03,0.17,Matches
290,Joakim Mæhle,dk DEN,"DF,MF",Wolfsburg,27,1997,28,25,"2,188",24.3,3,4,7,3,0,0,6,0,0.12,0.16,0.29,0.12,0.29,Matches
291,Nathan N'Goumou,cm CMR,MF,Gladbach,24,2000,19,9,828,9.2,2,1,3,2,0,0,0,0,0.22,0.11,0.33,0.22,0.33,Matches
292,Stanley N'Soki,fr FRA,DF,Hoffenheim,25,1999,22,16,"1,308",14.5,0,0,0,0,0,0,3,1,0,0,0,0,0,Matches
293,Nikolas Nartey,dk DEN,MF,Stuttgart,24,2000,1,0,22,0.2,0,0,0,0,0,0,0,0,0,0,0,0,0,Matches
294,Paul Nebel,de GER,MF,Mainz 05,21,2002,31,26,"2,345",26.1,10,4,14,10,0,0,5,1,0.38,0.15,0.54,0.38,0.54,Matches
295,Kosta Nedeljković,rs SRB,"DF,MF",RB Leipzig,18,2005,10,6,479,5.3,0,0,0,0,0,0,1,0,0,0,0,0,0,Matches
296,Ivan Nekić,hr CRO,DF,Holstein Kiel,23,2000,1,1,71,0.8,0,0,0,0,0,0,0,0,0,0,0,0,0,Matches
297,David Nemeth,at AUT,DF,St Pauli,23,2001,24,24,"2,137",23.7,0,1,1,0,0,0,3,0,0,0.04,0.04,0,0.04,Matches
298,Luca Netz,de GER,DF,Gladbach,21,2003,24,8,969,10.8,0,2,2,0,0,0,2,0,0,0.19,0.19,0,0.19,Matches
299,Manuel Neuer,de GER,GK,Bayern Munich,38,1986,22,22,"1,980",22,0,0,0,0,0,0,0,0,0,0,0,0,0,Matches
300,Florian Neuhaus,de GER,MF,Gladbach,27,1997,18,2,382,4.2,0,1,1,0,0,0,1,0,0,0.24,0.24,0,0.24,Matches
Rk,Player,Nation,Pos,Squad,Age,Born,MP,Starts,Min,90s,Gls,Ast,G+A,G-PK,PK,PKatt,CrdY,CrdR,Gls,Ast,G+A,G-PK,G+A-PK,Matches
301,Moritz Nicolas,de GER,GK,Gladbach,26,1997,19,19,"1,639",18.2,0,0,0,0,0,0,0,0,0,0,0,0,0,Matches
302,Julian Niehues,de GER,MF,Heidenheim,23,2001,8,0,154,1.7,0,0,0,0,0,0,1,0,0,0,0,0,0,Matches
303,Justin Njinmah,de GER,"FW,MF",Werder Bremen,23,2000,26,10,952,10.6,3,2,5,3,0,0,1,0,0.28,0.19,0.47,0.28,0.47,Matches
304,Niels Nkounkou,fr FRA,"MF,DF",Eintracht Frankfurt,23,2000,12,4,382,4.2,0,0,0,0,0,0,1,0,0,0,0,0,0,Matches
305,Felix Nmecha,de GER,MF,Dortmund,23,2000,26,19,"1,509",16.8,4,1,5,4,0,0,3,0,0.24,0.06,0.3,0.24,0.3,Matches
306,Lukas Nmecha,de GER,FW,Wolfsburg,25,1998,19,3,467,5.2,3,0,3,3,0,0,1,0,0.58,0,0.58,0.58,0.58,Matches
307,Arnaud Nordin,fr FRA,"FW,MF",Mainz 05,26,1998,6,0,80,0.9,0,0,0,0,0,0,0,0,0,0,0,0,0,Matches
308,Alexander Nübel,de GER,GK,Stuttgart,27,1996,34,34,"3,060",34,0,1,1,0,0,0,0,0,0,0.03,0.03,0,0.03,Matches
309,Antonio Nusa,no NOR,"MF,DF",RB Leipzig,19,2005,25,16,"1,558",17.3,3,3,6,3,0,0,0,0,0.17,0.17,0.35,0.17,0.35,Matches
310,David Odogu,de GER,DF,Wolfsburg,18,2006,3,2,195,2.2,0,0,0,0,0,0,0,0,0,0,0,0,0,Matches
311,Tim Oermann,de GER,DF,Bochum,20,2003,29,26,"2,213",24.6,0,2,2,0,0,0,0,0,0,0.08,0.08,0,0.08,Matches
312,Ifechukwu Ogbus,ch SUI,DF,Freiburg,18,2005,2,0,19,0.2,0,0,0,0,0,0,0,0,0,0,0,0,0,Matches
313,Finn Ole Becker,de GER,MF,Hoffenheim,24,2000,13,7,670,7.4,0,1,1,0,0,0,1,0,0,0.13,0.13,0,0.13,Matches
314,Michael Olise,fr FRA,MF,Bayern Munich,22,2001,34,28,"2,334",25.9,12,15,27,12,0,0,3,0,0.46,0.58,1.04,0.46,1.04,Matches
315,Jonas Omlin,ch SUI,GK,Gladbach,30,1994,12,11,978,10.9,0,0,0,0,0,0,0,1,0,0,0,0,0,Matches
316,Karim Onisiwo,at AUT,MF,Mainz 05,32,1992,6,1,110,1.2,0,0,0,0,0,0,0,0,0,0,0,0,0,Matches
317,Frank Onyeka,ng NGA,MF,Augsburg,26,1998,31,30,"2,586",28.7,0,1,1,0,0,0,8,0,0,0.03,0.03,0,0.03,Matches
318,Loïs Openda,be BEL,FW,RB Leipzig,24,2000,33,28,"2,453",27.3,9,5,14,9,0,1,5,1,0.33,0.18,0.51,0.33,0.51,Matches
319,Gift Orban,ng NGA,FW,Hoffenheim,22,2002,13,7,687,7.6,4,0,4,4,0,0,2,0,0.52,0,0.52,0.52,0.52,Matches
320,Willi Orban,hu HUN,DF,RB Leipzig,31,1992,25,25,"2,222",24.7,5,0,5,5,0,0,4,2,0.2,0,0.2,0.2,0.2,Matches
321,Ivan Ordets,ua UKR,DF,Bochum,32,1992,22,21,"1,861",20.7,0,0,0,0,0,0,6,0,0,0,0,0,0,Matches
322,Patrick Osterhage,de GER,MF,Freiburg,24,2000,30,27,"2,267",25.2,1,0,1,1,0,0,6,1,0.04,0,0.04,0.04,0.04,Matches
323,Assan Ouedraogo,de GER,MF,RB Leipzig,18,2006,3,0,50,0.6,0,0,0,0,0,0,0,0,0,0,0,0,0,Matches
324,Salih Özcan,tr TUR,MF,Wolfsburg,26,1998,11,3,353,3.9,0,0,0,0,0,0,0,0,0,0,0,0,0,Matches
325,Salih Özcan,tr TUR,MF,Dortmund,26,1998,11,3,391,4.3,0,0,0,0,0,0,0,0,0,0,0,0,0,Matches
Rk,Player,Nation,Pos,Squad,Age,Born,MP,Starts,Min,90s,Gls,Ast,G+A,G-PK,PK,PKatt,CrdY,CrdR,Gls,Ast,G+A,G-PK,G+A-PK,Matches
326,Exequiel Palacios,ar ARG,MF,Leverkusen,25,1998,24,11,"1,155",12.8,1,6,7,1,0,0,2,0,0.08,0.47,0.55,0.08,0.55,Matches
327,João Palhinha,pt POR,MF,Bayern Munich,29,1995,17,6,673,7.5,0,0,0,0,0,0,2,1,0,0,0,0,0,Matches
328,Mats Pannewig,de GER,MF,Bochum,19,2004,14,2,267,3,0,0,0,0,0,0,1,0,0,0,0,0,0,Matches
329,Kevin Paredes,us USA,MF,Wolfsburg,21,2003,2,2,123,1.4,0,1,1,0,0,0,1,0,0,0.73,0.73,0,0.73,Matches
330,Felix Passlack,de GER,"MF,DF",Bochum,26,1998,31,30,"2,334",25.9,1,6,7,1,0,0,4,0,0.04,0.23,0.27,0.04,0.27,Matches
331,Aleksandar Pavlovic,de GER,MF,Bayern Munich,20,2004,21,18,"1,451",16.1,1,0,1,1,0,0,2,0,0.06,0,0.06,0.06,0.06,Matches
332,Mads Pedersen,dk DEN,DF,Augsburg,27,1996,7,2,235,2.6,0,0,0,0,0,0,0,0,0,0,0,0,0,Matches
333,Jordan Pefok,us USA,FW,Union Berlin,28,1996,18,10,908,10.1,0,1,1,0,0,0,2,0,0,0.1,0.1,0,0.1,Matches
334,Daniel Peretz,il ISR,GK,Bayern Munich,24,2000,3,3,270,3,0,0,0,0,0,0,1,0,0,0,0,0,0,Matches
335,Noah Pesch,hr CRO,FW,Gladbach,19,2005,1,0,6,0.1,0,0,0,0,0,0,0,0,0,0,0,0,0,Matches
336,Luca Philipp,de GER,GK,Hoffenheim,23,2000,6,6,540,6,0,0,0,0,0,0,0,0,0,0,0,0,0,Matches
337,Maximilian Philipp,de GER,"FW,MF",Freiburg,30,1994,2,0,17,0.2,0,0,0,0,0,0,0,0,0,0,0,0,0,Matches
338,Benedikt Pichler,at AUT,FW,Holstein Kiel,27,1997,18,7,785,8.7,1,2,3,1,0,0,1,0,0.11,0.23,0.34,0.11,0.34,Matches
339,Amos Pieper,de GER,DF,Werder Bremen,26,1998,23,16,"1,498",16.6,0,0,0,0,0,0,3,0,0,0,0,0,0,Matches
340,Marvin Pieringer,de GER,FW,Heidenheim,24,1999,31,26,"2,206",24.5,7,4,11,4,3,3,7,0,0.29,0.16,0.45,0.16,0.33,Matches
341,Alassane Pléa,fr FRA,MF,Gladbach,31,1993,30,24,"1,902",21.1,11,4,15,10,1,1,3,0,0.52,0.19,0.71,0.47,0.66,Matches
342,Finn Porath,de GER,MF,Holstein Kiel,27,1997,31,20,"1,970",21.9,2,3,5,2,0,0,3,0,0.09,0.14,0.23,0.09,0.23,Matches
343,Yussuf Poulsen,dk DEN,"MF,FW",RB Leipzig,30,1994,22,2,378,4.2,2,0,2,2,0,0,1,0,0.48,0,0.48,0.48,0.48,Matches
344,Alexander Prass,at AUT,"MF,DF",Hoffenheim,23,2001,23,19,"1,566",17.4,0,1,1,0,0,0,1,0,0,0.06,0.06,0,0.06,Matches
345,David Preu,de GER,MF,Union Berlin,19,2004,5,1,121,1.3,0,0,0,0,0,0,1,0,0,0,0,0,0,Matches
346,Grischa Prömel,de GER,MF,Hoffenheim,29,1995,2,2,174,1.9,0,0,0,0,0,0,0,0,0,0,0,0,0,Matches
347,Ivan Prtajin,hr CRO,FW,Union Berlin,28,1996,5,2,161,1.8,0,0,0,0,0,0,0,0,0,0,0,0,0,Matches
348,Tymoteusz Puchacz,pl POL,MF,Holstein Kiel,25,1999,10,5,396,4.4,0,1,1,0,0,0,0,0,0,0.23,0.23,0,0.23,Matches
349,Leopold Querfeld,at AUT,DF,Union Berlin,20,2003,27,17,"1,747",19.4,2,2,4,2,0,0,8,0,0.1,0.1,0.21,0.1,0.21,Matches
350,Grant Ranos,am ARM,FW,Gladbach,21,2003,2,0,20,0.2,0,0,0,0,0,0,1,0,0,0,0,0,0,Matches
Rk,Player,Nation,Pos,Squad,Age,Born,MP,Starts,Min,90s,Gls,Ast,G+A,G-PK,PK,PKatt,CrdY,CrdR,Gls,Ast,G+A,G-PK,G+A-PK,Matches
351,David Raum,de GER,"MF,DF",RB Leipzig,26,1998,22,21,"1,783",19.8,1,5,6,1,0,0,5,0,0.05,0.25,0.3,0.05,0.3,Matches
352,Rocco Reitz,de GER,MF,Gladbach,22,2002,27,21,"1,830",20.3,2,1,3,2,0,0,1,0,0.1,0.05,0.15,0.1,0.15,Matches
353,Nicolai Remberg,de GER,MF,Holstein Kiel,24,2000,32,26,"2,417",26.9,0,1,1,0,0,0,11,0,0,0.04,0.04,0,0.04,Matches
354,Elvis Rexhbeçaj,xk KVX,MF,Augsburg,26,1997,27,22,"1,785",19.8,1,1,2,1,0,0,8,0,0.05,0.05,0.1,0.05,0.1,Matches
355,Gio Reyna,us USA,MF,Dortmund,21,2002,16,3,350,3.9,2,0,2,2,0,0,3,0,0.51,0,0.51,0.51,0.51,Matches
356,Fabian Rieder,ch SUI,MF,Stuttgart,22,2002,21,8,867,9.6,1,3,4,1,0,0,1,0,0.1,0.31,0.42,0.1,0.42,Matches
357,Lasse Rieß,de GER,GK,Mainz 05,23,2001,2,2,180,2,0,0,0,0,0,0,0,0,0,0,0,0,0,Matches
358,Lars Ritzka,de GER,"MF,DF",St Pauli,26,1998,21,11,922,10.2,1,0,1,1,0,0,1,0,0.1,0,0.1,0.1,0.1,Matches
359,Mads Roerslev,dk DEN,DF,Wolfsburg,25,1999,7,2,298,3.3,0,0,0,0,0,0,0,0,0,0,0,0,0,Matches
360,Merlin Röhl,de GER,MF,Freiburg,22,2002,19,11,965,10.7,0,1,1,0,0,0,2,0,0,0.09,0.09,0,0.09,Matches
361,Lasse Rosenboom,de GER,MF,Holstein Kiel,22,2002,26,21,"1,734",19.3,2,2,4,2,0,0,3,0,0.1,0.1,0.21,0.1,0.21,Matches
362,Max Rosenfelder,de GER,DF,Freiburg,21,2003,25,13,"1,249",13.9,1,0,1,1,0,0,2,0,0.07,0,0.07,0.07,0.07,Matches
363,Tom Rothe,de GER,"MF,DF",Union Berlin,19,2004,26,19,"1,670",18.6,3,3,6,3,0,0,4,1,0.16,0.16,0.32,0.16,0.32,Matches
364,Anthony Rouault,fr FRA,DF,Stuttgart,23,2001,18,14,"1,212",13.5,1,0,1,1,0,0,1,0,0.07,0,0.07,0.07,0.07,Matches
365,Jérôme Roussillon,fr FRA,DF,Union Berlin,31,1993,7,1,136,1.5,0,0,0,0,0,0,0,0,0,0,0,0,0,Matches
366,Julian Ryerson,no NOR,"DF,MF",Dortmund,26,1997,29,27,"2,259",25.1,2,3,5,2,0,0,6,1,0.08,0.12,0.2,0.08,0.2,Matches
367,Frederik Rønnow,dk DEN,GK,Union Berlin,31,1992,28,28,"2,520",28,0,0,0,0,0,0,2,0,0,0,0,0,0,Matches
368,Elias Saad,tn TUN,"FW,MF",St Pauli,24,1999,18,10,900,10,3,2,5,3,0,0,1,0,0.3,0.2,0.5,0.3,0.5,Matches
369,Marcel Sabitzer,at AUT,MF,Dortmund,30,1994,26,18,"1,616",18,1,0,1,1,0,0,3,0,0.06,0,0.06,0.06,0.06,Matches
370,Faik Sakar,de GER,MF,RB Leipzig,16,2008,1,0,1,0,0,0,0,0,0,0,0,0,0,0,0,0,0,Matches
371,Manolis Saliakas,gr GRE,MF,St Pauli,27,1996,30,26,"2,314",25.7,2,1,3,2,0,0,4,0,0.08,0.04,0.12,0.08,0.12,Matches
372,Roland Sallai,hu HUN,"DF,FW",Freiburg,27,1997,2,0,46,0.5,0,0,0,0,0,0,0,0,0,0,0,0,0,Matches
373,Diadie Samassékou,ml MLI,MF,Hoffenheim,28,1996,8,6,290,3.2,0,0,0,0,0,0,0,0,0,0,0,0,0,Matches
374,Philipp Sander,de GER,MF,Gladbach,26,1998,27,16,"1,400",15.6,1,0,1,1,0,0,2,0,0.06,0,0.06,0.06,0.06,Matches
375,James Sands,us USA,MF,St Pauli,24,2000,7,5,453,5,0,0,0,0,0,0,1,0,0,0,0,0,0,Matches
Rk,Player,Nation,Pos,Squad,Age,Born,MP,Starts,Min,90s,Gls,Ast,G+A,G-PK,PK,PKatt,CrdY,CrdR,Gls,Ast,G+A,G-PK,G+A-PK,Matches
376,Leroy Sané,de GER,MF,Bayern Munich,28,1996,30,17,"1,637",18.2,11,5,16,11,0,0,2,0,0.6,0.27,0.88,0.6,0.88,Matches
377,Kaishu Sano,jp JPN,MF,Mainz 05,23,2000,34,34,"3,043",33.8,0,0,0,0,0,0,3,0,0,0,0,0,0,Matches
378,Kauã Santos,br BRA,GK,Eintracht Frankfurt,21,2003,9,8,765,8.5,0,0,0,0,0,0,0,0,0,0,0,0,0,Matches
379,Joe Scally,us USA,DF,Gladbach,21,2002,32,30,"2,578",28.6,0,0,0,0,0,0,6,0,0,0,0,0,0,Matches
380,András Schäfer,hu HUN,MF,Union Berlin,25,1999,26,17,"1,534",17,1,1,2,1,0,0,3,0,0.06,0.06,0.12,0.06,0.12,Matches
381,Patrik Schick,cz CZE,FW,Leverkusen,28,1996,31,19,"1,684",18.7,21,0,21,20,1,1,4,0,1.12,0,1.12,1.07,1.07,Matches
382,Stefan Schimmer,de GER,FW,Heidenheim,30,1994,13,0,247,2.7,0,0,0,0,0,0,1,0,0,0,0,0,0,Matches
383,Xaver Schlager,at AUT,MF,RB Leipzig,26,1997,4,2,181,2,0,0,0,0,0,0,1,0,0,0,0,0,0,Matches
384,Keven Schlotterbeck,de GER,DF,Augsburg,27,1997,18,15,"1,297",14.4,3,1,4,3,0,0,4,1,0.21,0.07,0.28,0.21,0.28,Matches
385,Nico Schlotterbeck,de GER,DF,Dortmund,24,1999,23,23,"1,982",22,0,4,4,0,0,0,7,2,0,0.18,0.18,0,0.18,Matches
386,Romano Schmid,at AUT,MF,Werder Bremen,24,2000,32,32,"2,834",31.5,5,4,9,4,1,1,4,0,0.16,0.13,0.29,0.13,0.25,Matches
387,Jan Schöppner,de GER,MF,Heidenheim,25,1999,33,32,"2,681",29.8,4,3,7,4,0,0,8,0,0.13,0.1,0.23,0.13,0.23,Matches
388,Marvin Schulz,de GER,"DF,MF",Holstein Kiel,29,1995,12,3,306,3.4,0,0,0,0,0,0,3,0,0,0,0,0,0,Matches
389,Alexander Schwolow,de GER,GK,Union Berlin,32,1992,6,6,540,6,0,0,0,0,0,0,0,0,0,0,0,0,0,Matches
390,Léo Scienza,br BRA,"MF,FW",Heidenheim,25,1998,25,13,"1,153",12.8,3,3,6,3,0,0,1,0,0.23,0.23,0.47,0.23,0.47,Matches
391,Nicolas Seiwald,at AUT,"MF,DF",RB Leipzig,23,2001,30,20,"2,084",23.2,0,0,0,0,0,0,2,0,0,0,0,0,0,Matches
392,Benjamin Šeško,si SVN,"FW,MF",RB Leipzig,21,2003,33,30,"2,380",26.4,13,5,18,11,2,2,2,1,0.49,0.19,0.68,0.42,0.61,Matches
393,Armindo Sieb,de GER,"MF,FW",Mainz 05,21,2003,27,5,762,8.5,2,2,4,2,0,0,2,0,0.24,0.24,0.47,0.24,0.47,Matches
394,Tim Siersleben,de GER,DF,Heidenheim,24,2000,16,14,"1,182",13.1,0,0,0,0,0,0,4,0,0,0,0,0,0,Matches
395,Kiliann Sildillia,fr FRA,DF,Freiburg,22,2002,21,8,801,8.9,2,0,2,2,0,0,2,0,0.22,0,0.22,0.22,0.22,Matches
396,André Silva,pt POR,FW,Werder Bremen,28,1995,7,4,375,4.2,1,0,1,0,1,2,1,0,0.24,0,0.24,0,0,Matches
397,André Silva,pt POR,FW,RB Leipzig,28,1995,8,0,132,1.5,1,2,3,0,1,1,0,0,0.68,1.36,2.05,0,1.36,Matches
398,Mohamed Simakan,fr FRA,DF,RB Leipzig,24,2000,1,1,54,0.6,0,0,0,0,0,0,0,0,0,0,0,0,0,Matches
399,Xavi Simons,nl NED,MF,RB Leipzig,21,2003,25,25,"2,150",23.9,10,6,16,10,0,0,5,0,0.42,0.25,0.67,0.42,0.67,Matches
400,Danel Sinani,lu LUX,"FW,MF",St Pauli,27,1997,26,14,"1,250",13.9,2,2,4,2,0,0,3,0,0.14,0.14,0.29,0.14,0.29,Matches
Rk,Player,Nation,Pos,Squad,Age,Born,MP,Starts,Min,90s,Gls,Ast,G+A,G-PK,PK,PKatt,CrdY,CrdR,Gls,Ast,G+A,G-PK,G+A-PK,Matches
401,Tobias Sippel,de GER,GK,Gladbach,36,1988,1,0,59,0.7,0,0,0,0,0,0,0,0,0,0,0,0,0,Matches
402,Ibrahima Sissoko,ml MLI,MF,Bochum,26,1997,32,30,"2,610",29,2,1,3,2,0,0,11,1,0.07,0.03,0.1,0.07,0.1,Matches
403,Tim Skarke,de GER,"FW,MF",Union Berlin,27,1996,33,11,"1,164",12.9,0,2,2,0,0,0,1,0,0,0.15,0.15,0,0.15,Matches
404,Ellyes Skhiri,tn TUN,MF,Eintracht Frankfurt,29,1995,30,26,"2,231",24.8,1,2,3,1,0,0,6,0,0.04,0.08,0.12,0.04,0.12,Matches
405,Leo Skiri Østigård,no NOR,DF,Hoffenheim,24,1999,11,11,927,10.3,0,0,0,0,0,0,0,1,0,0,0,0,0,Matches
406,Andreas Skov Olsen,dk DEN,"MF,FW",Wolfsburg,24,1999,12,4,535,5.9,1,1,2,1,0,0,0,0,0.17,0.17,0.34,0.17,0.34,Matches
407,Robert Skov,dk DEN,"MF,DF",Union Berlin,28,1996,15,11,852,9.5,2,2,4,1,1,1,1,0,0.21,0.21,0.42,0.11,0.32,Matches
408,Steven Skrzybski,de GER,"FW,MF",Holstein Kiel,31,1992,24,15,"1,323",14.7,6,3,9,5,1,1,0,0,0.41,0.2,0.61,0.34,0.54,Matches
409,Eric Smith,se SWE,"DF,MF",St Pauli,27,1997,32,32,"2,827",31.4,1,1,2,1,0,0,7,0,0.03,0.03,0.06,0.03,0.06,Matches
410,Anton Stach,de GER,"MF,DF",Hoffenheim,25,1998,30,29,"2,585",28.7,1,2,3,1,0,0,8,0,0.03,0.07,0.1,0.03,0.1,Matches
411,Jens Stage,dk DEN,MF,Werder Bremen,27,1996,28,26,"2,204",24.5,10,5,15,10,0,0,10,0,0.41,0.2,0.61,0.41,0.61,Matches
412,Josip Stanišić,hr CRO,DF,Bayern Munich,24,2000,14,9,876,9.7,0,2,2,0,0,0,0,0,0,0.21,0.21,0,0.21,Matches
413,Niklas Stark,de GER,DF,Werder Bremen,29,1995,26,25,"2,106",23.4,0,1,1,0,0,0,6,1,0,0.04,0.04,0,0.04,Matches
414,Pascal Stenzel,de GER,DF,Stuttgart,28,1996,10,4,290,3.2,0,0,0,0,0,0,0,0,0,0,0,0,0,Matches
415,Leonidas Stergiou,ch SUI,DF,Stuttgart,22,2002,12,11,852,9.5,1,2,3,1,0,0,0,1,0.11,0.21,0.32,0.11,0.32,Matches
416,Finley Stevens,wls WAL,DF,St Pauli,21,2003,1,0,1,0,0,0,0,0,0,0,0,0,0,0,0,0,0,Matches
417,Angelo Stiller,de GER,MF,Stuttgart,23,2001,32,31,"2,741",30.5,1,8,9,1,0,0,6,0,0.03,0.26,0.3,0.03,0.3,Matches
418,Kevin Stöger,at AUT,MF,Gladbach,30,1993,31,16,"1,551",17.2,3,3,6,1,2,2,3,0,0.17,0.17,0.35,0.06,0.23,Matches
419,Niklas Süle,de GER,DF,Dortmund,28,1995,15,12,"1,053",11.7,0,0,0,0,0,0,1,0,0,0,0,0,0,Matches
420,Mattias Svanberg,se SWE,MF,Wolfsburg,25,1999,20,14,"1,219",13.5,3,1,4,3,0,0,4,0,0.22,0.07,0.3,0.22,0.3,Matches
421,Daniel Svensson,se SWE,"MF,DF",Dortmund,22,2002,12,8,781,8.7,1,3,4,1,0,0,0,0,0.12,0.35,0.46,0.12,0.46,Matches
422,Haris Tabakovic,ba BIH,FW,Hoffenheim,30,1994,22,6,821,9.1,3,1,4,3,0,0,0,0,0.33,0.11,0.44,0.33,0.44,Matches
423,Jonathan Tah,de GER,DF,Leverkusen,28,1996,33,33,"2,970",33,3,0,3,3,0,0,3,0,0.09,0,0.09,0.09,0.09,Matches
424,Edmond Tapsoba,bf BFA,DF,Leverkusen,25,1999,29,29,"2,507",27.9,0,0,0,0,0,0,4,0,0,0,0,0,0,Matches
425,Mathys Tel,fr FRA,MF,Bayern Munich,19,2005,8,2,256,2.8,0,1,1,0,0,0,0,0,0,0.35,0.35,0,0.35,Matches
Rk,Player,Nation,Pos,Squad,Age,Born,MP,Starts,Min,90s,Gls,Ast,G+A,G-PK,PK,PKatt,CrdY,CrdR,Gls,Ast,G+A,G-PK,G+A-PK,Matches
426,Nathan Tella,ng NGA,"MF,FW",Leverkusen,25,1999,27,17,"1,359",15.1,2,4,6,2,0,0,1,0,0.13,0.26,0.4,0.13,0.4,Matches
427,Martin Terrier,fr FRA,"MF,FW",Leverkusen,27,1997,15,7,584,6.5,2,1,3,2,0,0,1,0,0.31,0.15,0.46,0.31,0.46,Matches
428,Arthur Theate,be BEL,DF,Eintracht Frankfurt,24,2000,31,31,"2,704",30,0,0,0,0,0,0,6,1,0,0,0,0,0,Matches
429,Norman Theuerkauf,de GER,"DF,MF",Heidenheim,37,1987,1,0,22,0.2,0,0,0,0,0,0,0,0,0,0,0,0,0,Matches
430,Denis Thomalla,de GER,"FW,MF",Heidenheim,31,1992,1,0,4,0,0,0,0,0,0,0,0,0,0,0,0,0,0,Matches
431,Phillip Tietz,de GER,FW,Augsburg,27,1997,34,19,"1,686",18.7,7,2,9,6,1,1,4,0,0.37,0.11,0.48,0.32,0.43,Matches
432,Umut Tohumcu,de GER,MF,Hoffenheim,19,2004,12,3,375,4.2,0,1,1,0,0,0,3,0,0,0.24,0.24,0,0.24,Matches
433,John Tolkin,us USA,"MF,DF",Holstein Kiel,22,2002,11,9,737,8.2,0,2,2,0,0,0,0,0,0,0.24,0.24,0,0.24,Matches
434,Tiago Tomás,pt POR,"MF,FW",Wolfsburg,22,2002,32,23,"1,884",20.9,6,1,7,6,0,0,7,0,0.29,0.05,0.33,0.29,0.33,Matches
435,Keke Topp,de GER,FW,Werder Bremen,20,2004,19,1,252,2.8,2,2,4,2,0,0,1,0,0.71,0.71,1.43,0.71,1.43,Matches
436,Bazoumana Touré,ci CIV,"MF,FW",Hoffenheim,18,2006,13,7,609,6.8,0,3,3,0,0,0,1,0,0,0.44,0.44,0,0.44,Matches
437,Lucas Tousart,fr FRA,MF,Union Berlin,27,1997,15,6,561,6.2,0,1,1,0,0,0,2,0,0,0.16,0.16,0,0.16,Matches
438,Omar Traoré,de GER,"DF,MF",Heidenheim,26,1998,30,30,"2,616",29.1,0,1,1,0,0,0,7,0,0,0.03,0.03,0,0.03,Matches
439,Kevin Trapp,de GER,GK,Eintracht Frankfurt,34,1990,26,26,"2,295",25.5,0,0,0,0,0,0,0,0,0,0,0,0,0,Matches
440,Philipp Treu,de GER,MF,St Pauli,23,2000,33,33,"2,881",32,0,2,2,0,0,0,2,0,0,0.06,0.06,0,0.06,Matches
441,Christopher Trimmel,at AUT,"MF,DF",Union Berlin,37,1987,26,20,"1,740",19.3,0,3,3,0,0,0,5,0,0,0.16,0.16,0,0.16,Matches
442,Tuta,br BRA,"DF,MF",Eintracht Frankfurt,25,1999,30,26,"2,274",25.3,2,1,3,2,0,0,8,0,0.08,0.04,0.12,0.08,0.12,Matches
443,Lukas Ullrich,de GER,DF,Gladbach,20,2004,26,24,"1,903",21.1,1,2,3,1,0,0,4,0,0.05,0.09,0.14,0.05,0.14,Matches
444,Sven Ulreich,de GER,GK,Bayern Munich,35,1988,1,1,90,1,0,0,0,0,0,0,0,0,0,0,0,0,0,Matches
445,Deniz Undav,de GER,"FW,MF",Stuttgart,28,1996,27,20,"1,726",19.2,9,3,12,9,0,0,4,0,0.47,0.16,0.63,0.47,0.63,Matches
446,Dayot Upamecano,fr FRA,DF,Bayern Munich,25,1998,20,20,"1,759",19.5,2,0,2,2,0,0,6,0,0.1,0,0.1,0.1,0.1,Matches
447,Jonas Urbig,de GER,GK,Bayern Munich,20,2003,8,8,720,8,0,0,0,0,0,0,0,0,0,0,0,0,0,Matches
448,Can Uzun,tr TUR,MF,Eintracht Frankfurt,18,2005,20,6,675,7.5,4,1,5,4,0,0,1,0,0.53,0.13,0.67,0.53,0.67,Matches
449,Josha Vagnoman,de GER,"DF,MF",Stuttgart,23,2000,26,19,"1,834",20.4,1,1,2,1,0,0,4,0,0.05,0.05,0.1,0.05,0.1,Matches
450,Siebe Van Der Heyden,be BEL,"DF,MF",St Pauli,26,1998,13,11,872,9.7,1,0,1,1,0,0,4,1,0.1,0,0.1,0.1,0.1,Matches
Rk,Player,Nation,Pos,Squad,Age,Born,MP,Starts,Min,90s,Gls,Ast,G+A,G-PK,PK,PKatt,CrdY,CrdR,Gls,Ast,G+A,G-PK,G+A-PK,Matches
451,Maarten Vandevoordt,be BEL,GK,RB Leipzig,22,2002,6,4,429,4.8,0,0,0,0,0,0,0,0,0,0,0,0,0,Matches
452,Ruben Vargas,ch SUI,MF,Augsburg,25,1998,8,3,305,3.4,0,0,0,0,0,0,3,0,0,0,0,0,0,Matches
453,Nikola Vasilj,ba BIH,GK,St Pauli,28,1995,33,33,"2,969",33,0,0,0,0,0,0,2,1,0,0,0,0,0,Matches
454,Denis Vavro,sk SVK,DF,Wolfsburg,28,1996,29,27,"2,461",27.3,2,0,2,2,0,0,4,0,0.07,0,0.07,0.07,0.07,Matches
455,Miloš Veljković,rs SRB,DF,Werder Bremen,28,1995,14,11,"1,029",11.4,0,1,1,0,0,0,1,0,0,0.09,0.09,0,0.09,Matches
456,Nikolas Veratschnig,at AUT,MF,Mainz 05,21,2003,15,2,364,4,0,0,0,0,0,0,1,0,0,0,0,0,0,Matches
457,Arthur Vermeeren,be BEL,MF,RB Leipzig,19,2005,28,18,"1,572",17.5,0,2,2,0,0,0,7,0,0,0.11,0.11,0,0.11,Matches
458,Yorbe Vertessen,be BEL,"MF,FW",Union Berlin,23,2001,17,7,718,8,1,0,1,1,0,0,2,0,0.13,0,0.13,0.13,0.13,Matches
459,Gabriel Vidovic,hr CRO,MF,Bayern Munich,20,2003,4,0,24,0.3,0,0,0,0,0,0,0,0,0,0,0,0,0,Matches
460,Gabriel Vidovic,hr CRO,MF,Mainz 05,20,2003,1,0,4,0,0,0,0,0,0,0,0,0,0,0,0,0,0,Matches
461,Kevin Vogt,de GER,DF,Union Berlin,32,1991,18,16,"1,367",15.2,1,0,1,0,1,1,6,0,0.07,0,0.07,0,0,Matches
462,Kevin Volland,de GER,"FW,MF",Union Berlin,32,1992,4,0,61,0.7,0,0,0,0,0,0,1,0,0,0,0,0,0,Matches
463,Aster Vranckx,be BEL,MF,Wolfsburg,21,2002,14,6,556,6.2,0,0,0,0,0,0,1,0,0,0,0,0,0,Matches
464,Robert Wagner,de GER,MF,St Pauli,21,2003,12,5,407,4.5,0,0,0,0,0,0,1,0,0,0,0,0,0,Matches
465,Elye Wahi,fr FRA,FW,Eintracht Frankfurt,21,2003,8,1,196,2.2,0,0,0,0,0,0,1,0,0,0,0,0,0,Matches
466,Hauke Wahl,de GER,DF,St Pauli,30,1994,33,33,"2,970",33,0,0,0,0,0,0,1,0,0,0,0,0,0,Matches
467,Paul Wanner,de GER,"MF,FW",Heidenheim,18,2005,29,20,"1,771",19.7,3,2,5,2,1,1,2,0,0.15,0.1,0.25,0.1,0.2,Matches
468,Kjell-Arik Wätjen,de GER,MF,Dortmund,18,2006,2,0,16,0.2,0,0,0,0,0,0,0,0,0,0,0,0,0,Matches
469,Julian Weigl,de GER,MF,Gladbach,28,1995,33,33,"2,881",32,0,2,2,0,0,0,8,0,0,0.06,0.06,0,0.06,Matches
470,Timon Weiner,de GER,GK,Holstein Kiel,25,1999,25,25,"2,250",25,0,0,0,0,0,0,4,0,0,0,0,0,0,Matches
471,Nelson Weiper,de GER,FW,Mainz 05,19,2005,23,7,704,7.8,3,2,5,3,0,0,2,0,0.38,0.26,0.64,0.38,0.64,Matches
472,Mitchell Weiser,de GER,MF,Werder Bremen,30,1994,32,32,"2,868",31.9,5,9,14,5,0,0,9,1,0.16,0.28,0.44,0.16,0.44,Matches
473,Noah Weißhaupt,de GER,"FW,MF",St Pauli,22,2001,19,13,"1,160",12.9,1,0,1,1,0,0,0,0,0.08,0,0.08,0.08,0.08,Matches
474,Noah Weißhaupt,de GER,"FW,MF",Freiburg,22,2001,3,0,80,0.9,0,0,0,0,0,0,0,0,0,0,0,0,0,Matches
475,Silvan Widmer,ch SUI,MF,Mainz 05,31,1993,27,3,504,5.6,0,1,1,0,0,0,3,0,0,0.18,0.18,0,0.18,Matches
Rk,Player,Nation,Pos,Squad,Age,Born,MP,Starts,Min,90s,Gls,Ast,G+A,G-PK,PK,PKatt,CrdY,CrdR,Gls,Ast,G+A,G-PK,G+A-PK,Matches
476,Patrick Wimmer,at AUT,"MF,FW",Wolfsburg,23,2001,29,22,"1,770",19.7,3,4,7,3,0,0,5,1,0.15,0.2,0.36,0.15,0.36,Matches
477,Jonas Wind,dk DEN,"FW,MF",Wolfsburg,25,1999,31,21,"1,966",21.8,9,3,12,8,1,2,2,0,0.41,0.14,0.55,0.37,0.5,Matches
478,Florian Wirtz,de GER,MF,Leverkusen,21,2003,31,25,"2,351",26.1,10,12,22,8,2,4,3,0,0.38,0.46,0.84,0.31,0.77,Matches
479,Dani de Wit,nl NED,"MF,FW",Bochum,26,1998,28,11,"1,153",12.8,2,1,3,2,0,0,1,0,0.16,0.08,0.23,0.16,0.23,Matches
480,Maximilian Wittek,de GER,"DF,MF",Bochum,28,1995,33,32,"2,706",30.1,0,0,0,0,0,0,8,0,0,0,0,0,0,Matches
481,Marius Wolf,de GER,MF,Augsburg,29,1995,32,28,"2,144",23.8,1,3,4,1,0,0,2,0,0.04,0.13,0.17,0.04,0.17,Matches
482,Nick Woltemade,de GER,"FW,MF",Stuttgart,22,2002,28,17,"1,622",18,12,2,14,10,2,3,5,1,0.67,0.11,0.78,0.55,0.67,Matches
483,Jeong Woo-yeong,kr KOR,"MF,FW",Union Berlin,24,1999,23,17,"1,263",14,3,2,5,3,0,0,2,0,0.21,0.14,0.36,0.21,0.36,Matches
484,Granit Xhaka,ch SUI,MF,Leverkusen,31,1992,33,33,"2,888",32.1,2,7,9,2,0,0,3,0,0.06,0.22,0.28,0.06,0.28,Matches
485,Erencan Yardimci,tr TUR,FW,Hoffenheim,22,2002,8,3,313,3.5,0,0,0,0,0,0,2,0,0,0,0,0,0,Matches
486,Dan-Axel Zagadou,fr FRA,DF,Stuttgart,25,1999,2,0,29,0.3,0,0,0,0,0,0,1,0,0,0,0,0,0,Matches
487,David Zec,si SVN,DF,Holstein Kiel,24,2000,18,18,"1,541",17.1,2,0,2,2,0,0,5,0,0.12,0,0.12,0.12,0.12,Matches
488,Robin Zentner,de GER,GK,Mainz 05,29,1994,32,32,"2,880",32,0,0,0,0,0,0,3,0,0,0,0,0,0,Matches
489,Cedric Zesiger,ch SUI,DF,Augsburg,26,1998,15,15,"1,221",13.6,0,2,2,0,0,0,7,1,0,0.15,0.15,0,0.15,Matches
490,Cedric Zesiger,ch SUI,DF,Wolfsburg,26,1998,7,5,522,5.8,0,0,0,0,0,0,4,0,0,0,0,0,0,Matches
491,Michael Zetterer,de GER,GK,Werder Bremen,29,1995,34,34,"3,060",34,0,0,0,0,0,0,2,0,0,0,0,0,0,Matches
492,Budu Zivzivadze,ge GEO,FW,Heidenheim,30,1994,15,10,958,10.6,2,3,5,2,0,0,0,0,0.19,0.28,0.47,0.19,0.47,Matches
