Standard,,,,,,,,,,,,,,,,,,
Rk,Player,Nation,Pos,Squad,Age,Born,90s,Gls,Sh,SoT,SoT%,Sh/90,SoT/90,G/Sh,G/SoT,PK,PKatt,Matches
1,Junior Adamu,at AUT,FW,Freiburg,23,2001,17.2,2,37,12,32.4,2.16,0.7,0.05,0.17,0,0,Matches
2,Karim Adeyemi,de GER,"MF,FW",Dortmund,22,2002,15.9,7,46,18,39.1,2.89,1.13,0.15,0.39,0,0,Matches
3,Amine Adli,ma MAR,"MF,FW",Leverkusen,24,2000,8.5,2,20,7,35,2.35,0.82,0.1,0.29,0,0,Matches
4,Oladapo Afolayan,eng ENG,"FW,MF",St Pauli,26,1998,18.2,3,38,13,34.2,2.09,0.71,0.08,0.23,0,0,Matches
5,Felix Agu,ng NGA,MF,Werder Bremen,24,1999,19.5,3,10,5,50,0.51,0.26,0.3,0.6,0,0,Matches
6,Erik Ahlstrand,se SWE,MF,St Pauli,22,2001,0.5,0,0,0,,0,0,,,0,0,Matches
7,Kevin Akpoguma,ng NGA,DF,Hoffenheim,29,1995,24.7,0,5,1,20,0.2,0.04,0,0,0,0,Matches
8,Andreas Albers,dk DEN,"FW,MF",St Pauli,34,1990,0.7,1,3,1,33.3,4.35,1.45,0.33,1,0,0,Matches
9,Ben Alexander Voll,de GER,GK,St Pauli,23,2000,1,0,0,0,,0,0,,,0,0,Matches
10,Skelly Alvero,fr FRA,MF,Werder Bremen,22,2002,2.6,0,1,0,0,0.38,0,0,,0,0,Matches
11,Aurele Amenda,ch SUI,DF,Eintracht Frankfurt,21,2003,1.1,0,1,0,0,0.94,0,0,,0,0,Matches
12,Nadiem Amiri,de GER,MF,Mainz 05,27,1996,27.5,7,62,26,41.9,2.26,0.95,0.08,0.19,2,2,Matches
13,Mohamed Amoura,dz ALG,"FW,MF",Wolfsburg,24,2000,27.4,10,76,28,36.8,2.77,1.02,0.11,0.29,2,2,Matches
14,Robert Andrich,de GER,"MF,DF",Leverkusen,29,1994,17.8,2,21,5,23.8,1.18,0.28,0.1,0.4,0,0,Matches
15,Waldemar Anton,de GER,DF,Dortmund,28,1996,21.7,2,19,3,15.8,0.88,0.14,0.11,0.67,0,0,Matches
16,Maximilian Arnold,de GER,MF,Wolfsburg,30,1994,26.2,3,27,12,44.4,1.03,0.46,0.11,0.25,0,0,Matches
17,Jann-Fiete Arp,de GER,FW,Holstein Kiel,24,2000,7.9,2,22,11,50,2.78,1.39,0.05,0.09,1,2,Matches
18,Arthur,br BRA,"MF,DF",Leverkusen,21,2003,8.4,0,1,0,0,0.12,0,0,,0,0,Matches
19,Noah Atubolu,de GER,GK,Freiburg,22,2002,25.6,0,0,0,,0,0,,,0,0,Matches
20,Ayman Azhil,ma MAR,MF,Dortmund,23,2001,0.3,0,0,0,,0,0,,,0,0,Matches
21,Adam Aznou,ma MAR,DF,Bayern Munich,18,2006,0.2,0,0,0,,0,0,,,0,0,Matches
22,Aliou Badara Baldé,gn GUI,FW,Bochum,21,2002,1,0,4,1,25,3.96,0.99,0,0,0,0,Matches
23,Ridle Baku,de GER,MF,Wolfsburg,26,1998,13,2,18,6,33.3,1.38,0.46,0.11,0.33,0,0,Matches
24,Ridle Baku,de GER,MF,RB Leipzig,26,1998,14.2,2,17,5,29.4,1.2,0.35,0.12,0.4,0,0,Matches
25,Samuel Bamba,de GER,FW,Bochum,20,2004,0.3,0,2,1,50,6.67,3.33,0,0,0,0,Matches
Rk,Player,Nation,Pos,Squad,Age,Born,90s,Gls,Sh,SoT,SoT%,Sh/90,SoT/90,G/Sh,G/SoT,PK,PKatt,Matches
26,Noahkai Banks,us USA,DF,Augsburg,17,2006,3.1,0,1,0,0,0.32,0,0,,0,0,Matches
27,Scott Banks,sct SCO,MF,St Pauli,22,2001,1.3,0,3,0,0,2.33,0,0,,0,0,Matches
28,Aymen Barkok,ma MAR,MF,Mainz 05,26,1998,0.8,0,0,0,,0,0,,,0,0,Matches
29,Michy Batshuayi,be BEL,FW,Eintracht Frankfurt,30,1993,3.3,3,5,3,60,1.5,0.9,0.6,1,0,0,Matches
30,Maximilian Bauer,de GER,DF,Augsburg,24,2000,7.3,0,1,1,100,0.14,0.14,0,0,0,0,Matches
31,Oliver Baumann,de GER,GK,Hoffenheim,34,1990,28,0,0,0,,0,0,,,0,0,Matches
32,Christoph Baumgartner,at AUT,"MF,FW",RB Leipzig,24,1999,17.9,2,39,15,38.5,2.18,0.84,0.05,0.13,0,0,Matches
33,Ihlas Bebou,tg TOG,"FW,MF",Hoffenheim,30,1994,0.1,0,0,0,,0,0,,,0,0,Matches
34,Adrian Beck,de GER,"MF,FW",Heidenheim,27,1997,17.8,4,39,13,33.3,2.2,0.73,0.1,0.31,0,0,Matches
35,Timo Becker,de GER,"DF,MF",Holstein Kiel,27,1997,27.2,0,17,4,23.5,0.63,0.15,0,0,0,0,Matches
36,Hannes Behrens,de GER,DF,Hoffenheim,19,2005,0.3,0,0,0,,0,0,,,0,0,Matches
37,Kevin Behrens,de GER,FW,Wolfsburg,33,1991,1.9,1,9,3,33.3,4.76,1.59,0.11,0.33,0,0,Matches
38,Maximilian Beier,de GER,"MF,FW",Dortmund,21,2002,17.7,8,42,13,31,2.38,0.74,0.19,0.62,0,0,Matches
39,Stefan Bell,de GER,DF,Mainz 05,32,1991,16,0,12,4,33.3,0.75,0.25,0,0,0,0,Matches
40,Jeanuël Belocian,fr FRA,DF,Leverkusen,19,2005,0.8,0,0,0,,0,0,,,0,0,Matches
41,László Bénes,sk SVK,"MF,FW",Union Berlin,26,1997,6.5,2,19,7,36.8,2.9,1.07,0.11,0.29,0,0,Matches
42,Ramy Bensebaini,dz ALG,DF,Dortmund,29,1995,22.5,1,20,2,10,0.89,0.09,0.05,0.5,0,0,Matches
43,Mergim Berisha,de GER,FW,Hoffenheim,26,1998,3.7,1,11,3,27.3,2.97,0.81,0.09,0.33,0,0,Matches
44,Mergim Berisha,de GER,FW,Augsburg,26,1998,0.4,0,3,1,33.3,6.75,2.25,0,0,0,0,Matches
45,Bernardo,br BRA,DF,Bochum,29,1995,19.8,0,8,2,25,0.4,0.1,0,0,0,0,Matches
46,Alexander Bernhardsson,se SWE,"FW,MF",Holstein Kiel,25,1998,14,7,27,14,51.9,1.92,1,0.26,0.5,0,0,Matches
47,Matúš Bero,sk SVK,MF,Bochum,28,1995,28.5,5,32,13,40.6,1.12,0.46,0.16,0.38,0,1,Matches
48,Jan-Niklas Beste,de GER,"DF,MF",Freiburg,25,1999,2.4,0,6,2,33.3,2.55,0.85,0,0,0,0,Matches
49,El Bilal Touré,ml MLI,FW,Stuttgart,22,2001,4,2,14,4,28.6,3.54,1.01,0.14,0.5,0,0,Matches
50,Tom Bischof,de GER,MF,Hoffenheim,19,2005,28.4,5,51,18,35.3,1.79,0.63,0.1,0.28,0,0,Matches
Rk,Player,Nation,Pos,Squad,Age,Born,90s,Gls,Sh,SoT,SoT%,Sh/90,SoT/90,G/Sh,G/SoT,PK,PKatt,Matches
51,Leonardo Bittencourt,de GER,MF,Werder Bremen,30,1993,10.9,2,27,9,33.3,2.47,0.82,0.07,0.22,0,0,Matches
52,Myron Boadu,nl NED,FW,Bochum,23,2001,11.6,9,28,15,53.6,2.42,1.3,0.29,0.53,1,1,Matches
53,Sacha Boey,fr FRA,DF,Bayern Munich,23,2000,6.6,0,3,1,33.3,0.46,0.15,0,0,0,0,Matches
54,Victor Boniface,ng NGA,FW,Leverkusen,23,2000,11.2,8,51,18,35.3,4.55,1.61,0.16,0.44,0,1,Matches
55,Sebastiaan Bornauw,be BEL,DF,Wolfsburg,25,1999,8.8,2,8,3,37.5,0.91,0.34,0.25,0.67,0,0,Matches
56,Carlo Boukhalfa,ma MAR,MF,St Pauli,25,1999,18.3,2,21,4,19,1.15,0.22,0.1,0.5,0,0,Matches
57,Julian Brandt,de GER,MF,Dortmund,28,1996,25.6,5,45,15,33.3,1.76,0.59,0.11,0.33,0,0,Matches
58,Tim Breithaupt,de GER,MF,Augsburg,22,2002,1.3,0,1,0,0,0.75,0,0,,0,0,Matches
59,Maximilian Breunig,de GER,FW,Heidenheim,23,2000,3.9,2,11,3,27.3,2.83,0.77,0.09,0.33,1,1,Matches
60,Moritz Broschinski,de GER,"FW,MF",Bochum,23,2000,15.4,1,38,12,31.6,2.46,0.78,0.03,0.08,0,0,Matches
61,Nathaniel Brown,de GER,"MF,DF",Eintracht Frankfurt,21,2003,21.6,3,13,5,38.5,0.6,0.23,0.23,0.6,0,0,Matches
62,Jacob Bruun Larsen,dk DEN,"MF,FW",Hoffenheim,25,1998,4.4,2,14,7,50,3.15,1.58,0.14,0.29,0,0,Matches
63,Jacob Bruun Larsen,dk DEN,MF,Stuttgart,25,1998,4.6,1,6,3,50,1.3,0.65,0.17,0.33,0,0,Matches
64,Emi Buendía,ar ARG,MF,Leverkusen,27,1996,2.9,2,7,4,57.1,2.45,1.4,0.29,0.5,0,0,Matches
65,Marius Bülter,de GER,"MF,FW",Hoffenheim,31,1993,19.2,7,38,16,42.1,1.98,0.83,0.18,0.44,0,0,Matches
66,Jonathan Burkardt,de GER,FW,Mainz 05,24,2000,23.4,18,72,30,41.7,3.07,1.28,0.22,0.53,2,2,Matches
67,Oliver Burke,sct SCO,FW,Werder Bremen,27,1997,10.1,5,35,13,37.1,3.47,1.29,0.14,0.38,0,0,Matches
68,Marnon Busch,de GER,"DF,MF",Heidenheim,29,1994,15.5,0,13,3,23.1,0.84,0.19,0,0,0,0,Matches
69,Anthony Caci,fr FRA,MF,Mainz 05,27,1997,29.8,1,32,12,37.5,1.07,0.4,0.03,0.08,0,0,Matches
70,Cole Campbell,us USA,FW,Dortmund,18,2006,0.2,0,0,0,,0,0,,,0,0,Matches
71,Emre Can,de GER,"DF,MF",Dortmund,30,1994,23.4,3,9,3,33.3,0.38,0.13,0.11,0.33,2,2,Matches
72,Tiago Cardoso,lu LUX,GK,Gladbach,18,2006,4.2,0,0,0,,0,0,,,0,0,Matches
73,Abdoulie Ceesay,gm GAM,FW,St Pauli,20,2004,0.7,0,0,0,,0,0,,,0,0,Matches
74,Julian Chabot,de GER,DF,Stuttgart,26,1998,25.2,3,19,4,21.1,0.75,0.16,0.16,0.75,0,0,Matches
75,El Chadaille Bitshiabu,fr FRA,DF,RB Leipzig,19,2005,12.6,0,5,3,60,0.4,0.24,0,0,0,0,Matches
Rk,Player,Nation,Pos,Squad,Age,Born,90s,Gls,Sh,SoT,SoT%,Sh/90,SoT/90,G/Sh,G/SoT,PK,PKatt,Matches
76,Fares Chaïbi,dz ALG,MF,Eintracht Frankfurt,21,2002,11.3,1,25,6,24,2.22,0.53,0.04,0.17,0,0,Matches
77,Timothy Chandler,us USA,"DF,MF",Eintracht Frankfurt,34,1990,0.3,0,0,0,,0,0,,,0,0,Matches
78,Anrie Chase,jp JPN,DF,Stuttgart,20,2004,8.2,0,5,0,0,0.61,0,0,,0,0,Matches
79,Arthur Chaves,br BRA,DF,Hoffenheim,23,2001,24.3,1,11,2,18.2,0.45,0.08,0.09,0.5,0,0,Matches
80,Fabio Chiarodia,it ITA,DF,Gladbach,19,2005,4.2,1,4,1,25,0.95,0.24,0.25,1,0,0,Matches
81,Carney Chukwuemeka,eng ENG,MF,Dortmund,20,2003,2.8,1,8,2,25,2.85,0.71,0.13,0.5,0,0,Matches
82,Alexis Claude-Maurice,fr FRA,"MF,FW",Augsburg,26,1998,23.4,9,59,22,37.3,2.52,0.94,0.15,0.41,0,0,Matches
83,Nnamdi Collins,de GER,"DF,MF",Eintracht Frankfurt,20,2004,16.5,1,5,2,40,0.3,0.12,0.2,0.5,0,0,Matches
84,Kingsley Coman,fr FRA,MF,Bayern Munich,28,1996,14.2,5,44,17,38.6,3.09,1.19,0.11,0.29,0,0,Matches
85,Sirlord Conteh,de GER,"MF,FW",Heidenheim,28,1996,9.9,1,13,5,38.5,1.31,0.5,0.08,0.2,0,0,Matches
86,Danny da Costa,de GER,DF,Mainz 05,31,1993,22.3,0,5,1,20,0.22,0.04,0,0,0,0,Matches
87,Yan Couto,br BRA,"DF,MF",Dortmund,22,2002,9.9,0,6,2,33.3,0.6,0.2,0,0,0,0,Matches
88,Tomáš Čvančara,cz CZE,"MF,FW",Gladbach,23,2000,9.2,2,24,9,37.5,2.6,0.97,0.08,0.22,0,0,Matches
89,Finn Dahmen,de GER,GK,Augsburg,26,1998,19,0,0,0,,0,0,,,0,0,Matches
90,Thomas Dähne,de GER,GK,Holstein Kiel,30,1994,9,0,0,0,,0,0,,,0,0,Matches
91,Mahmoud Dahoud,de GER,MF,Eintracht Frankfurt,28,1996,4,1,7,2,28.6,1.73,0.49,0.14,0.5,0,0,Matches
92,Ameen Al-Dakhil,be BEL,DF,Stuttgart,22,2002,4.8,0,1,0,0,0.21,0,0,,0,0,Matches
93,Bence Dárdai,hu HUN,MF,Wolfsburg,18,2006,14.5,1,11,1,9.1,0.76,0.07,0.09,1,0,0,Matches
94,Lukas Daschner,de GER,"FW,MF",Bochum,25,1998,4.6,1,9,6,66.7,1.97,1.31,0.11,0.17,0,1,Matches
95,Alphonso Davies,ca CAN,DF,Bayern Munich,23,2000,17.3,1,17,3,17.6,0.98,0.17,0.06,0.33,0,0,Matches
96,Olivier Deman,be BEL,"FW,MF",Werder Bremen,24,2000,0.7,0,0,0,,0,0,,,0,0,Matches
97,Ermedin Demirović,ba BIH,FW,Stuttgart,26,1998,20.6,15,65,30,46.2,3.15,1.46,0.23,0.5,0,2,Matches
98,Justin Diehl,de GER,MF,Stuttgart,19,2004,1.2,1,7,1,14.3,6.06,0.87,0.14,1,0,0,Matches
99,Eric Dier,eng ENG,DF,Bayern Munich,30,1994,16.3,2,9,6,66.7,0.55,0.37,0.22,0.33,0,0,Matches
100,Junior Dina Ebimbe,cm CMR,MF,Eintracht Frankfurt,23,2000,3.3,0,8,0,0,2.46,0,0,,0,0,Matches
Rk,Player,Nation,Pos,Squad,Age,Born,90s,Gls,Sh,SoT,SoT%,Sh/90,SoT/90,G/Sh,G/SoT,PK,PKatt,Matches
101,Eren Dinkçi,de GER,MF,Freiburg,22,2001,13.3,0,14,3,21.4,1.05,0.23,0,0,0,0,Matches
102,Ritsu Doan,jp JPN,MF,Freiburg,26,1998,31.8,10,61,23,37.7,1.92,0.72,0.16,0.43,0,0,Matches
103,Danilho Doekhi,nl NED,DF,Union Berlin,26,1998,34,1,32,4,12.5,0.94,0.12,0.03,0.25,0,0,Matches
104,Niklas Dorsch,de GER,MF,Augsburg,26,1998,0.4,0,0,0,,0,0,,,0,0,Matches
105,Niklas Dorsch,de GER,MF,Heidenheim,26,1998,14.8,2,9,3,33.3,0.61,0.2,0.22,0.67,0,0,Matches
106,Patrick Drewes,de GER,GK,Bochum,31,1993,21,0,0,0,,0,0,,,0,0,Matches
107,Tim Drexler,de GER,DF,Hoffenheim,19,2005,4,0,2,2,100,0.5,0.5,0,0,0,0,Matches
108,Marvin Ducksch,de GER,FW,Werder Bremen,30,1994,26.9,8,71,29,40.8,2.64,1.08,0.1,0.24,1,2,Matches
109,Julien Duranville,be BEL,MF,Dortmund,18,2006,3.1,0,5,2,40,1.59,0.64,0,0,0,0,Matches
110,Adam Dźwigała,pl POL,DF,St Pauli,28,1995,4.1,0,6,0,0,1.45,0,0,,0,0,Matches
111,Johannes Eggestein,de GER,FW,St Pauli,26,1998,20.6,3,36,13,36.1,1.75,0.63,0.06,0.15,1,2,Matches
112,Maximilian Eggestein,de GER,MF,Freiburg,27,1996,31.6,2,36,12,33.3,1.14,0.38,0.06,0.17,0,0,Matches
113,Hugo Ekitike,fr FRA,FW,Eintracht Frankfurt,22,2002,28.5,15,117,48,41,4.11,1.69,0.12,0.29,1,3,Matches
114,Elif Elmas,mk MKD,"FW,MF",RB Leipzig,24,1999,0.5,0,2,1,50,4.09,2.05,0,0,0,0,Matches
115,Nico Elvedi,ch SUI,DF,Gladbach,27,1996,23.7,1,12,4,33.3,0.51,0.17,0.08,0.25,0,0,Matches
116,Arne Engels,be BEL,FW,Augsburg,20,2003,0.9,0,3,1,33.3,3.42,1.14,0,0,0,0,Matches
117,Patrick Erras,de GER,DF,Holstein Kiel,29,1995,9.2,1,8,1,12.5,0.87,0.11,0.13,1,0,0,Matches
118,Samuel Essende,cd COD,FW,Augsburg,26,1998,18.2,7,44,13,29.5,2.42,0.72,0.16,0.54,0,0,Matches
119,Frank Feller,de GER,GK,Heidenheim,20,2004,1.3,0,0,0,,0,0,,,0,0,Matches
120,Kilian Fischer,de GER,DF,Wolfsburg,23,2000,25.5,1,6,1,16.7,0.24,0.04,0.17,1,0,0,Matches
121,Jonas Föhrenbach,de GER,"DF,MF",Heidenheim,28,1996,20.4,0,8,1,12.5,0.39,0.05,0,0,0,0,Matches
122,Marco Friedl,at AUT,DF,Werder Bremen,26,1998,24,0,4,3,75,0.17,0.12,0,0,0,0,Matches
123,Marvin Friedrich,de GER,DF,Gladbach,28,1995,11,0,7,2,28.6,0.64,0.18,0,0,0,0,Matches
124,Jeremie Frimpong,nl NED,MF,Leverkusen,23,2000,25.7,5,34,16,47.1,1.32,0.62,0.15,0.31,0,0,Matches
125,Chris Führich,de GER,MF,Stuttgart,26,1998,22,2,36,12,33.3,1.64,0.55,0.06,0.17,0,0,Matches
Rk,Player,Nation,Pos,Squad,Age,Born,90s,Gls,Sh,SoT,SoT%,Sh/90,SoT/90,G/Sh,G/SoT,PK,PKatt,Matches
126,Shiō Fukuda,jp JPN,FW,Gladbach,20,2004,0.7,1,3,1,33.3,4.5,1.5,0.33,1,0,0,Matches
127,Cristian Gamboa,cr CRC,MF,Bochum,34,1989,2.5,1,4,1,25,1.59,0.4,0.25,1,0,0,Matches
128,Aleix García,es ESP,MF,Leverkusen,27,1997,16.2,3,15,5,33.3,0.93,0.31,0.2,0.6,0,0,Matches
129,Viggo Gebel,de GER,MF,RB Leipzig,16,2007,0.2,0,0,0,,0,0,,,0,0,Matches
130,Lutsharel Geertruida,nl NED,DF,RB Leipzig,24,2000,17.3,1,8,2,25,0.46,0.12,0.13,0.5,0,0,Matches
131,Dennis Geiger,de GER,MF,Hoffenheim,26,1998,8.2,0,5,1,20,0.61,0.12,0,0,0,0,Matches
132,Valentin Gendrey,fr FRA,"DF,MF",Hoffenheim,24,2000,15.7,1,10,5,50,0.64,0.32,0.1,0.2,0,0,Matches
133,Yannick Gerhardt,de GER,"MF,DF",Wolfsburg,30,1994,16.9,1,15,4,26.7,0.89,0.24,0.07,0.25,0,0,Matches
134,Max Geschwill,de GER,DF,Holstein Kiel,23,2001,14.2,1,9,2,22.2,0.63,0.14,0.11,0.5,0,0,Matches
135,Dimitris Giannoulis,gr GRE,MF,Augsburg,28,1995,29.4,1,13,4,30.8,0.44,0.14,0.08,0.25,0,0,Matches
136,Armin Gigovic,ba BIH,MF,Holstein Kiel,22,2002,21.1,5,26,11,42.3,1.23,0.52,0.19,0.45,0,0,Matches
137,Benedikt Gimber,de GER,DF,Heidenheim,27,1997,29.7,0,13,1,7.7,0.44,0.03,0,0,0,0,Matches
138,Matthias Ginter,de GER,DF,Freiburg,30,1994,28.5,2,24,4,16.7,0.84,0.14,0.08,0.5,0,0,Matches
139,Jamie Gittens,eng ENG,MF,Dortmund,19,2004,19.7,8,52,24,46.2,2.64,1.22,0.15,0.33,0,0,Matches
140,Serge Gnabry,de GER,"MF,FW",Bayern Munich,29,1995,13.8,7,49,18,36.7,3.55,1.3,0.14,0.39,0,1,Matches
141,Tidiam Gomis,fr FRA,FW,RB Leipzig,17,2006,1.7,0,5,1,20,2.96,0.59,0,0,0,0,Matches
142,Leon Goretzka,de GER,MF,Bayern Munich,29,1995,14.7,4,32,11,34.4,2.17,0.75,0.13,0.36,0,0,Matches
143,Robin Gosens,de GER,MF,Union Berlin,30,1994,1,0,1,0,0,1,0,0,,0,0,Matches
144,Mario Götze,de GER,MF,Eintracht Frankfurt,32,1992,17.1,3,8,5,62.5,0.47,0.29,0.38,0.6,0,0,Matches
145,Jeffrey Gouweleeuw,nl NED,DF,Augsburg,33,1991,32.7,1,18,5,27.8,0.55,0.15,0.06,0.2,0,1,Matches
146,Kamil Grabara,pl POL,GK,Wolfsburg,25,1999,28.7,0,0,0,,0,0,,,0,0,Matches
147,Michael Gregoritsch,at AUT,FW,Freiburg,30,1994,7.1,2,16,6,37.5,2.25,0.85,0.13,0.33,0,0,Matches
148,Vincenzo Grifo,it ITA,MF,Freiburg,31,1993,27,8,66,29,43.9,2.44,1.07,0.12,0.28,0,3,Matches
149,Florian Grillitsch,at AUT,"MF,DF",Hoffenheim,28,1995,6.7,0,6,1,16.7,0.9,0.15,0,0,0,0,Matches
150,Álex Grimaldo,es ESP,MF,Leverkusen,28,1995,29.3,2,44,14,31.8,1.5,0.48,0.05,0.14,0,0,Matches
Rk,Player,Nation,Pos,Squad,Age,Born,90s,Gls,Sh,SoT,SoT%,Sh/90,SoT/90,G/Sh,G/SoT,PK,PKatt,Matches
151,Pascal Groß,de GER,"MF,DF",Dortmund,33,1991,25.9,0,27,7,25.9,1.04,0.27,0,0,0,0,Matches
152,Marco Grüll,at AUT,"FW,MF",Werder Bremen,26,1998,13.1,6,25,10,40,1.91,0.76,0.24,0.6,0,0,Matches
153,Raphaël Guerreiro,pt POR,"DF,MF",Bayern Munich,30,1993,17.5,4,21,11,52.4,1.2,0.63,0.19,0.36,0,0,Matches
154,Morgan Guilavogui,gn GUI,"FW,MF",St Pauli,26,1998,20.1,6,41,15,36.6,2.04,0.75,0.15,0.4,0,0,Matches
155,Serhou Guirassy,gn GUI,FW,Dortmund,28,1996,28.9,21,89,37,41.6,3.08,1.28,0.2,0.49,3,4,Matches
156,Péter Gulácsi,hu HUN,GK,RB Leipzig,34,1990,29.2,0,0,0,,0,0,,,0,0,Matches
157,Robert Gumny,pl POL,MF,Augsburg,26,1998,3,0,4,2,50,1.33,0.66,0,0,0,0,Matches
158,Christian Günter,de GER,DF,Freiburg,31,1993,25.7,2,20,6,30,0.78,0.23,0.1,0.33,0,0,Matches
159,Janik Haberer,de GER,MF,Union Berlin,30,1994,18.8,0,15,3,20,0.8,0.16,0,0,0,0,Matches
160,Robin Hack,de GER,MF,Gladbach,25,1998,24.1,4,58,24,41.4,2.4,0.99,0.07,0.17,0,0,Matches
161,Amadou Haidara,ml MLI,MF,RB Leipzig,26,1998,14.7,0,18,2,11.1,1.23,0.14,0,0,0,0,Matches
162,Andreas Hanche-Olsen,no NOR,DF,Mainz 05,27,1997,14.3,1,12,2,16.7,0.84,0.14,0.08,0.5,0,0,Matches
163,Phil Harres,de GER,FW,Holstein Kiel,22,2002,17.2,8,37,17,45.9,2.16,0.99,0.22,0.47,0,0,Matches
164,Ramon Hendriks,nl NED,DF,Stuttgart,23,2001,12.8,0,5,1,20,0.39,0.08,0,0,0,0,Matches
165,Paul Hennrich,de GER,MF,Hoffenheim,19,2005,0.1,0,0,0,,0,0,,,0,0,Matches
166,Benjamin Henrichs,de GER,"DF,MF",RB Leipzig,27,1997,10.4,0,10,1,10,0.96,0.1,0,0,0,0,Matches
167,Mario Hermoso,es ESP,DF,Leverkusen,29,1995,3.3,0,4,0,0,1.23,0,0,,0,0,Matches
168,Piero Hincapié,ec ECU,DF,Leverkusen,22,2002,29.7,2,22,3,13.6,0.74,0.1,0.09,0.67,0,0,Matches
169,Adam Hložek,cz CZE,"FW,MF",Hoffenheim,22,2002,20.8,8,59,25,42.4,2.84,1.2,0.14,0.32,0,0,Matches
170,Nicolas Höfler,de GER,MF,Freiburg,34,1990,8.8,0,4,0,0,0.45,0,0,,0,0,Matches
171,Jonas Hofmann,de GER,MF,Leverkusen,32,1992,4,2,9,5,55.6,2.28,1.26,0.22,0.4,0,0,Matches
172,Philipp Hofmann,de GER,FW,Bochum,31,1993,25.3,3,54,19,35.2,2.13,0.75,0.06,0.16,0,0,Matches
173,Lucas Höler,de GER,"FW,MF",Freiburg,30,1994,20.7,6,35,19,54.3,1.69,0.92,0.17,0.32,0,1,Matches
174,Benedict Hollerbach,de GER,"FW,MF",Union Berlin,23,2001,28.2,9,77,24,31.2,2.73,0.85,0.12,0.38,0,0,Matches
175,Lewis Holtby,de GER,MF,Holstein Kiel,33,1990,13.8,0,7,1,14.3,0.51,0.07,0,0,0,0,Matches
Rk,Player,Nation,Pos,Squad,Age,Born,90s,Gls,Sh,SoT,SoT%,Sh/90,SoT/90,G/Sh,G/SoT,PK,PKatt,Matches
176,Gerrit Holtmann,ph PHI,"MF,DF",Bochum,29,1995,12.6,2,31,8,25.8,2.46,0.63,0.06,0.25,0,0,Matches
177,Franck Honorat,fr FRA,MF,Gladbach,27,1996,16,4,31,9,29,1.94,0.56,0.13,0.44,0,0,Matches
178,Mathias Honsak,at AUT,"MF,FW",Heidenheim,27,1996,13.1,5,29,10,34.5,2.21,0.76,0.17,0.5,0,0,Matches
179,Timo Horn,de GER,GK,Bochum,31,1993,13,0,0,0,,0,0,,,0,0,Matches
180,Lukáš Hrádecký,fi FIN,GK,Leverkusen,34,1989,29,0,0,0,,0,0,,,0,0,Matches
181,Robin Hranáč,cz CZE,DF,Hoffenheim,24,2000,2.4,0,0,0,,0,0,,,0,0,Matches
182,Hong Hyunseok,kr KOR,MF,Mainz 05,25,1999,5.9,0,5,2,40,0.85,0.34,0,0,0,0,Matches
183,Oscar Højlund,dk DEN,MF,Eintracht Frankfurt,19,2005,8,1,6,2,33.3,0.75,0.25,0.17,0.5,0,0,Matches
184,Arijon Ibrahimović,de GER,MF,Bayern Munich,18,2005,0,0,0,0,,0,0,,,0,0,Matches
185,Andrej Ilic,rs SRB,FW,Union Berlin,24,2000,10.4,7,27,11,40.7,2.59,1.06,0.22,0.55,1,1,Matches
186,Jackson Irvine,au AUS,MF,St Pauli,31,1993,29,0,41,13,31.7,1.41,0.45,0,0,0,0,Matches
187,Ko Itakura,jp JPN,DF,Gladbach,27,1997,31,3,21,7,33.3,0.68,0.23,0.14,0.43,0,0,Matches
188,Hiroki Ito,jp JPN,DF,Bayern Munich,25,1999,2.8,1,1,1,100,0.36,0.36,1,1,0,0,Matches
189,Marko Ivezić,rs SRB,DF,Holstein Kiel,22,2001,18.4,0,7,0,0,0.38,0,0,,0,0,Matches
190,Lee Jae-sung,kr KOR,MF,Mainz 05,31,1992,29.4,7,39,16,41,1.32,0.54,0.18,0.44,0,0,Matches
191,Kristijan Jakić,hr CRO,MF,Augsburg,27,1997,25.6,0,18,6,33.3,0.7,0.23,0,0,0,0,Matches
192,Luca Jaquez,ch SUI,DF,Stuttgart,21,2003,2.8,0,1,0,0,0.36,0,0,,0,0,Matches
193,Dominik Javorček,sk SVK,"MF,DF",Holstein Kiel,21,2002,4.3,0,1,0,0,0.23,0,0,,0,0,Matches
194,Finn Jeltsch,de GER,DF,Stuttgart,18,2006,8.7,0,2,0,0,0.23,0,0,,0,0,Matches
195,Fredrik Jensen,fi FIN,"MF,FW",Augsburg,26,1997,8.5,0,11,0,0,1.3,0,0,,0,0,Matches
196,Moritz Jenz,de GER,DF,Mainz 05,25,1999,17.8,0,10,4,40,0.56,0.23,0,0,0,0,Matches
197,Carl Johansson,se SWE,DF,Holstein Kiel,30,1994,6.3,0,1,1,100,0.16,0.16,0,0,0,0,Matches
198,Anthony Jung,de GER,DF,Werder Bremen,32,1991,21.1,0,1,0,0,0.05,0,0,,0,0,Matches
199,Josip Juranović,hr CRO,"MF,DF",Union Berlin,28,1995,12.9,0,6,2,33.3,0.47,0.16,0,0,0,0,Matches
200,David Jurásek,cz CZE,"DF,MF",Hoffenheim,23,2000,6.9,0,5,2,40,0.73,0.29,0,0,0,0,Matches
Rk,Player,Nation,Pos,Squad,Age,Born,90s,Gls,Sh,SoT,SoT%,Sh/90,SoT/90,G/Sh,G/SoT,PK,PKatt,Matches
201,Yusuf Kabadayı,de GER,FW,Augsburg,20,2004,0.8,1,4,1,25,5.07,1.27,0.25,1,0,0,Matches
202,Almugera Kabar,de GER,DF,Dortmund,18,2006,1.5,0,0,0,,0,0,,,0,0,Matches
203,Issa Kaboré,bf BFA,MF,Werder Bremen,23,2001,3.4,0,7,0,0,2.05,0,0,,0,0,Matches
204,Pavel Kadeřábek,cz CZE,"MF,DF",Hoffenheim,32,1992,17.5,2,14,3,21.4,0.8,0.17,0.14,0.67,0,0,Matches
205,Jakub Kamiński,pl POL,"MF,DF",Wolfsburg,22,2002,12.6,0,15,3,20,1.19,0.24,0,0,0,0,Matches
206,Kevin Kampl,si SVN,MF,RB Leipzig,33,1990,17.7,1,7,2,28.6,0.4,0.11,0.14,0.5,0,0,Matches
207,Harry Kane,eng ENG,FW,Bayern Munich,31,1993,26.5,26,114,54,47.4,4.31,2.04,0.15,0.31,9,9,Matches
208,Atakan Karazor,tr TUR,MF,Stuttgart,27,1996,29.1,2,14,7,50,0.48,0.24,0.14,0.29,0,0,Matches
209,Mikkel Kaufmann,dk DEN,"FW,MF",Heidenheim,23,2001,4.1,0,3,3,100,0.73,0.73,0,0,0,0,Matches
210,Yannik Keitel,de GER,MF,Stuttgart,24,2000,3,0,5,2,40,1.67,0.67,0,0,0,0,Matches
211,Andu Kelati,de GER,MF,Holstein Kiel,21,2002,3.2,1,6,3,50,1.87,0.94,0.17,0.33,0,0,Matches
212,Thomas Keller,de GER,"MF,DF",Heidenheim,24,1999,1.6,0,1,0,0,0.61,0,0,,0,0,Matches
213,Aljoscha Kemlein,de GER,MF,Union Berlin,19,2004,10.2,1,11,3,27.3,1.07,0.29,0.09,0.33,0,0,Matches
214,Luca Kerber,de GER,MF,Heidenheim,22,2002,8.7,2,7,5,71.4,0.8,0.57,0.29,0.4,0,0,Matches
215,Rani Khedira,de GER,MF,Union Berlin,30,1994,30.3,1,14,1,7.1,0.46,0.03,0.07,1,0,0,Matches
216,Joshua Kimmich,de GER,MF,Bayern Munich,29,1995,31.6,3,34,10,29.4,1.07,0.32,0.09,0.3,0,0,Matches
217,Tim Kleindienst,de GER,FW,Gladbach,28,1995,30.4,16,75,39,52,2.47,1.28,0.2,0.38,1,2,Matches
218,Lukas Klostermann,de GER,DF,RB Leipzig,28,1996,20.4,1,4,2,50,0.2,0.1,0.25,0.5,0,0,Matches
219,Ansgar Knauff,de GER,MF,Eintracht Frankfurt,22,2002,17.7,4,30,12,40,1.69,0.68,0.13,0.33,0,0,Matches
220,Magnus Knudsen,no NOR,MF,Holstein Kiel,23,2001,20.6,0,12,4,33.3,0.58,0.19,0,0,0,0,Matches
221,Gregor Kobel,ch SUI,GK,Dortmund,26,1997,32,0,0,0,,0,0,,,0,0,Matches
222,Robin Koch,de GER,DF,Eintracht Frankfurt,28,1996,28.7,3,17,6,35.3,0.59,0.21,0.18,0.5,0,0,Matches
223,Derrick Köhn,gh GHA,"MF,DF",Werder Bremen,25,1999,14.9,2,13,4,30.8,0.87,0.27,0.15,0.5,0,0,Matches
224,Dominik Kohr,de GER,"DF,MF",Mainz 05,30,1994,25.5,2,13,5,38.5,0.51,0.2,0.15,0.4,0,0,Matches
225,Marco Komenda,hr CRO,DF,Holstein Kiel,27,1996,14.5,0,3,0,0,0.21,0,0,,0,0,Matches
Rk,Player,Nation,Pos,Squad,Age,Born,90s,Gls,Sh,SoT,SoT%,Sh/90,SoT/90,G/Sh,G/SoT,PK,PKatt,Matches
226,Mert Kömür,de GER,MF,Augsburg,19,2005,7.3,2,13,7,53.8,1.79,0.96,0.15,0.29,0,0,Matches
227,Kacper Koscierski,de GER,DF,Bochum,17,2007,0.1,0,0,0,,0,0,,,0,0,Matches
228,Henri Koudossou,de GER,MF,Augsburg,24,1999,8.3,0,2,0,0,0.24,0,0,,0,0,Matches
229,Konstantinos Koulierakis,gr GRE,DF,Wolfsburg,20,2003,27.4,0,22,3,13.6,0.8,0.11,0,0,0,0,Matches
230,Matej Kovar,cz CZE,GK,Leverkusen,24,2000,5,0,0,0,,0,0,,,0,0,Matches
231,Andrej Kramarić,hr CRO,MF,Hoffenheim,33,1991,30.7,11,69,26,37.7,2.24,0.85,0.12,0.31,3,3,Matches
232,Frans Krätzig,de GER,"MF,DF",Heidenheim,21,2003,13.5,1,9,3,33.3,0.67,0.22,0.11,0.33,0,0,Matches
233,Frans Krätzig,de GER,DF,Stuttgart,21,2003,0.6,0,0,0,,0,0,,,0,0,Matches
234,Tom Krauß,de GER,MF,Bochum,23,2001,12,0,11,2,18.2,0.92,0.17,0,0,0,0,Matches
235,Rasmus Kristensen,dk DEN,"DF,MF",Eintracht Frankfurt,27,1997,27.9,5,24,8,33.3,0.86,0.29,0.21,0.63,0,0,Matches
236,Lukas Kübler,de GER,DF,Freiburg,31,1992,20.5,5,18,11,61.1,0.88,0.54,0.28,0.45,0,0,Matches
237,Jonah Kusi-Asare,se SWE,FW,Bayern Munich,17,2007,0,0,1,0,0,30,0,0,,0,0,Matches
238,Moritz-Broni Kwarteng,gh GHA,MF,Bochum,26,1998,1.9,0,6,1,16.7,3.14,0.52,0,0,0,0,Matches
239,Nediljko Labrović,hr CRO,GK,Augsburg,24,1999,15,0,0,0,,0,0,,,0,0,Matches
240,Konrad Laimer,at AUT,DF,Bayern Munich,27,1997,18.9,2,18,6,33.3,0.95,0.32,0.11,0.33,0,0,Matches
241,Stefan Lainer,at AUT,DF,Gladbach,31,1992,8.4,1,4,1,25,0.48,0.12,0.25,1,0,0,Matches
242,Hugo Larsson,se SWE,MF,Eintracht Frankfurt,20,2004,26.6,3,21,10,47.6,0.79,0.38,0.14,0.3,0,0,Matches
243,Diogo Leite,pt POR,DF,Union Berlin,25,1999,28.3,1,18,8,44.4,0.64,0.28,0.06,0.13,0,0,Matches
244,Maxim Leitsch,de GER,DF,Mainz 05,26,1998,7.5,1,6,1,16.7,0.8,0.13,0.17,1,0,0,Matches
245,Jamie Leweling,de GER,MF,Stuttgart,23,2001,18.5,2,29,16,55.2,1.57,0.87,0.07,0.13,0,0,Matches
246,Philipp Lienhart,at AUT,DF,Freiburg,28,1996,30.8,1,8,1,12.5,0.26,0.03,0.13,1,0,0,Matches
247,Marin Ljubicic,hr CRO,FW,Union Berlin,22,2002,3.1,1,2,1,50,0.64,0.32,0.5,1,0,0,Matches
248,Anthony Losilla,fr FRA,MF,Bochum,38,1986,12.6,0,5,0,0,0.4,0,0,,0,0,Matches
249,Yannik Lührs,de GER,DF,Dortmund,20,2003,1.4,0,0,0,,0,0,,,0,0,Matches
250,Castello Lukeba,fr FRA,DF,RB Leipzig,21,2002,17.5,0,4,1,25,0.23,0.06,0,0,0,0,Matches
Rk,Player,Nation,Pos,Squad,Age,Born,90s,Gls,Sh,SoT,SoT%,Sh/90,SoT/90,G/Sh,G/SoT,PK,PKatt,Matches
251,Senne Lynen,be BEL,MF,Werder Bremen,25,1999,30.4,0,24,3,12.5,0.79,0.1,0,0,0,0,Matches
252,Shuto Machino,jp JPN,"FW,MF",Holstein Kiel,24,1999,21.7,11,51,23,45.1,2.35,1.06,0.18,0.39,2,2,Matches
253,Arne Maier,de GER,MF,Augsburg,25,1999,10.4,0,18,6,33.3,1.73,0.58,0,0,0,0,Matches
254,Patrick Mainka,de GER,DF,Heidenheim,29,1994,34,1,25,9,36,0.74,0.26,0.04,0.11,0,0,Matches
255,Lovro Majer,hr CRO,MF,Wolfsburg,26,1998,3.4,2,7,5,71.4,2.07,1.48,0.14,0.2,1,1,Matches
256,Jordy Makengo,fr FRA,DF,Freiburg,22,2001,8.3,0,0,0,,0,0,,,0,0,Matches
257,Jarzinho Malanga,de GER,MF,Stuttgart,18,2006,0,0,0,0,,0,0,,,0,0,Matches
258,Julián Malatini,ar ARG,DF,Werder Bremen,23,2001,5,1,3,1,33.3,0.59,0.2,0.33,1,0,0,Matches
259,Donyell Malen,nl NED,MF,Dortmund,25,1999,6.8,3,19,6,31.6,2.79,0.88,0.16,0.5,0,0,Matches
260,Lennard Maloney,us USA,"MF,DF",Heidenheim,24,1999,8.4,0,3,0,0,0.36,0,0,,0,0,Matches
261,Lennard Maloney,us USA,"DF,MF",Mainz 05,24,1999,0.3,0,0,0,,0,0,,,0,0,Matches
262,Johan Manzambi,ch SUI,MF,Freiburg,18,2005,3.7,2,11,3,27.3,2.96,0.81,0.18,0.67,0,0,Matches
263,Omar Marmoush,eg EGY,"FW,MF",Eintracht Frankfurt,25,1999,16.1,15,77,36,46.8,4.79,2.24,0.17,0.36,2,2,Matches
264,Giorgos Masouras,gr GRE,FW,Bochum,30,1994,11.7,2,30,15,50,2.56,1.28,0.07,0.13,0,0,Matches
265,Erhan Mašović,rs SRB,"DF,MF",Bochum,25,1998,10.1,1,7,4,57.1,0.69,0.4,0.14,0.25,0,0,Matches
266,Igor Matanovic,hr CRO,FW,Eintracht Frankfurt,21,2003,3.5,1,11,5,45.5,3.17,1.44,0.09,0.2,0,0,Matches
267,Chrislain Matsima,fr FRA,DF,Augsburg,22,2002,28.3,1,14,2,14.3,0.49,0.07,0.07,0.5,0,0,Matches
268,Jean Mattéo Bahoya,fr FRA,MF,Eintracht Frankfurt,19,2005,10.2,2,10,3,30,0.98,0.29,0.2,0.67,0,0,Matches
269,Maurides,br BRA,FW,St Pauli,30,1994,0,0,0,0,,0,0,,,0,0,Matches
270,Jakov Medić,hr CRO,DF,Bochum,25,1998,17.8,1,14,3,21.4,0.79,0.17,0.07,0.33,0,0,Matches
271,Connor Metcalfe,au AUS,"MF,FW",St Pauli,24,1999,4,0,6,3,50,1.51,0.75,0,0,0,0,Matches
272,Karol Mets,ee EST,DF,St Pauli,31,1993,10,0,3,0,0,0.3,0,0,,0,0,Matches
273,Alexander Meyer,de GER,GK,Dortmund,33,1991,2,0,0,0,,0,0,,,0,0,Matches
274,Florian Micheler,at AUT,MF,Hoffenheim,19,2005,0.4,0,0,0,,0,0,,,0,0,Matches
275,Enzo Millot,fr FRA,MF,Stuttgart,22,2002,20.5,6,44,19,43.2,2.15,0.93,0.14,0.32,0,1,Matches
Rk,Player,Nation,Pos,Squad,Age,Born,90s,Gls,Sh,SoT,SoT%,Sh/90,SoT/90,G/Sh,G/SoT,PK,PKatt,Matches
276,Kim Min-jae,kr KOR,DF,Bayern Munich,27,1996,25.4,2,7,5,71.4,0.28,0.2,0.29,0.4,0,0,Matches
277,Maximilian Mittelstädt,de GER,"DF,MF",Stuttgart,27,1997,27.4,1,21,4,19,0.77,0.15,0.05,0.25,0,0,Matches
278,Koji Miyoshi,jp JPN,"MF,FW",Bochum,27,1997,5.2,1,12,5,41.7,2.33,0.97,0.08,0.2,0,0,Matches
279,Max Moerstedt,de GER,"FW,MF",Hoffenheim,18,2006,5,0,12,4,33.3,2.39,0.8,0,0,0,0,Matches
280,David Mokwa,fr FRA,FW,Hoffenheim,20,2004,0.2,0,2,2,100,8.18,8.18,0,0,0,0,Matches
281,Steve Mounié,bj BEN,MF,Augsburg,29,1994,3.9,1,22,8,36.4,5.71,2.07,0.05,0.13,0,0,Matches
282,Nordi Mukiele,fr FRA,"DF,MF",Leverkusen,26,1997,10,1,7,3,42.9,0.7,0.3,0.14,0.33,0,0,Matches
283,Florian Müller,de GER,GK,Freiburg,26,1997,8.4,0,0,0,,0,0,,,0,0,Matches
284,Kevin Müller,de GER,GK,Heidenheim,33,1991,32.7,0,0,0,,0,0,,,0,0,Matches
285,Marius Müller,de GER,GK,Wolfsburg,31,1993,5.3,0,0,0,,0,0,,,0,0,Matches
286,Thomas Müller,de GER,"MF,FW",Bayern Munich,34,1989,13.6,1,30,11,36.7,2.2,0.81,0.03,0.09,0,0,Matches
287,Jamal Musiala,de GER,MF,Bayern Munich,21,2003,20,12,68,32,47.1,3.4,1.6,0.18,0.38,0,0,Matches
288,Florent Muslija,xk KVX,"FW,MF",Freiburg,26,1998,1.9,0,3,2,66.7,1.61,1.07,0,0,0,0,Matches
289,Phillipp Mwene,at AUT,MF,Mainz 05,30,1994,29,1,21,5,23.8,0.72,0.17,0.05,0.2,0,0,Matches
290,Joakim Mæhle,dk DEN,"DF,MF",Wolfsburg,27,1997,24.3,3,18,7,38.9,0.74,0.29,0.17,0.43,0,0,Matches
291,Nathan N'Goumou,cm CMR,MF,Gladbach,24,2000,9.2,2,24,13,54.2,2.61,1.41,0.08,0.15,0,0,Matches
292,Stanley N'Soki,fr FRA,DF,Hoffenheim,25,1999,14.5,0,3,1,33.3,0.21,0.07,0,0,0,0,Matches
293,Nikolas Nartey,dk DEN,MF,Stuttgart,24,2000,0.2,0,0,0,,0,0,,,0,0,Matches
294,Paul Nebel,de GER,MF,Mainz 05,21,2002,26.1,10,44,18,40.9,1.69,0.69,0.23,0.56,0,0,Matches
295,Kosta Nedeljković,rs SRB,"DF,MF",RB Leipzig,18,2005,5.3,0,4,0,0,0.75,0,0,,0,0,Matches
296,Ivan Nekić,hr CRO,DF,Holstein Kiel,23,2000,0.8,0,0,0,,0,0,,,0,0,Matches
297,David Nemeth,at AUT,DF,St Pauli,23,2001,23.7,0,5,1,20,0.21,0.04,0,0,0,0,Matches
298,Luca Netz,de GER,DF,Gladbach,21,2003,10.8,0,3,0,0,0.28,0,0,,0,0,Matches
299,Manuel Neuer,de GER,GK,Bayern Munich,38,1986,22,0,0,0,,0,0,,,0,0,Matches
300,Florian Neuhaus,de GER,MF,Gladbach,27,1997,4.2,0,9,3,33.3,2.12,0.71,0,0,0,0,Matches
Rk,Player,Nation,Pos,Squad,Age,Born,90s,Gls,Sh,SoT,SoT%,Sh/90,SoT/90,G/Sh,G/SoT,PK,PKatt,Matches
301,Moritz Nicolas,de GER,GK,Gladbach,26,1997,18.2,0,0,0,,0,0,,,0,0,Matches
302,Julian Niehues,de GER,MF,Heidenheim,23,2001,1.7,0,2,1,50,1.17,0.58,0,0,0,0,Matches
303,Justin Njinmah,de GER,"FW,MF",Werder Bremen,23,2000,10.6,3,31,7,22.6,2.93,0.66,0.1,0.43,0,0,Matches
304,Niels Nkounkou,fr FRA,"MF,DF",Eintracht Frankfurt,23,2000,4.2,0,4,0,0,0.94,0,0,,0,0,Matches
305,Felix Nmecha,de GER,MF,Dortmund,23,2000,16.8,4,18,6,33.3,1.07,0.36,0.22,0.67,0,0,Matches
306,Lukas Nmecha,de GER,FW,Wolfsburg,25,1998,5.2,3,20,9,45,3.85,1.73,0.15,0.33,0,0,Matches
307,Arnaud Nordin,fr FRA,"FW,MF",Mainz 05,26,1998,0.9,0,1,0,0,1.13,0,0,,0,0,Matches
308,Alexander Nübel,de GER,GK,Stuttgart,27,1996,34,0,0,0,,0,0,,,0,0,Matches
309,Antonio Nusa,no NOR,"MF,DF",RB Leipzig,19,2005,17.3,3,24,7,29.2,1.39,0.4,0.13,0.43,0,0,Matches
310,David Odogu,de GER,DF,Wolfsburg,18,2006,2.2,0,2,0,0,0.92,0,0,,0,0,Matches
311,Tim Oermann,de GER,DF,Bochum,20,2003,24.6,0,9,0,0,0.37,0,0,,0,0,Matches
312,Ifechukwu Ogbus,ch SUI,DF,Freiburg,18,2005,0.2,0,0,0,,0,0,,,0,0,Matches
313,Finn Ole Becker,de GER,MF,Hoffenheim,24,2000,7.4,0,4,2,50,0.54,0.27,0,0,0,0,Matches
314,Michael Olise,fr FRA,MF,Bayern Munich,22,2001,25.9,12,86,36,41.9,3.32,1.39,0.14,0.33,0,0,Matches
315,Jonas Omlin,ch SUI,GK,Gladbach,30,1994,10.9,0,0,0,,0,0,,,0,0,Matches
316,Karim Onisiwo,at AUT,MF,Mainz 05,32,1992,1.2,0,3,0,0,2.45,0,0,,0,0,Matches
317,Frank Onyeka,ng NGA,MF,Augsburg,26,1998,28.7,0,24,6,25,0.84,0.21,0,0,0,0,Matches
318,Loïs Openda,be BEL,FW,RB Leipzig,24,2000,27.3,9,78,33,42.3,2.86,1.21,0.12,0.27,0,1,Matches
319,Gift Orban,ng NGA,FW,Hoffenheim,22,2002,7.6,4,11,4,36.4,1.44,0.52,0.36,1,0,0,Matches
320,Willi Orban,hu HUN,DF,RB Leipzig,31,1992,24.7,5,22,7,31.8,0.89,0.28,0.23,0.71,0,0,Matches
321,Ivan Ordets,ua UKR,DF,Bochum,32,1992,20.7,0,11,0,0,0.53,0,0,,0,0,Matches
322,Patrick Osterhage,de GER,MF,Freiburg,24,2000,25.2,1,21,3,14.3,0.83,0.12,0.05,0.33,0,0,Matches
323,Assan Ouedraogo,de GER,MF,RB Leipzig,18,2006,0.6,0,1,0,0,1.8,0,0,,0,0,Matches
324,Salih Özcan,tr TUR,MF,Wolfsburg,26,1998,3.9,0,2,0,0,0.51,0,0,,0,0,Matches
325,Salih Özcan,tr TUR,MF,Dortmund,26,1998,4.3,0,4,0,0,0.92,0,0,,0,0,Matches
Rk,Player,Nation,Pos,Squad,Age,Born,90s,Gls,Sh,SoT,SoT%,Sh/90,SoT/90,G/Sh,G/SoT,PK,PKatt,Matches
326,Exequiel Palacios,ar ARG,MF,Leverkusen,25,1998,12.8,1,13,9,69.2,1.01,0.7,0.08,0.11,0,0,Matches
327,João Palhinha,pt POR,MF,Bayern Munich,29,1995,7.5,0,10,3,30,1.34,0.4,0,0,0,0,Matches
328,Mats Pannewig,de GER,MF,Bochum,19,2004,3,0,9,3,33.3,3.03,1.01,0,0,0,0,Matches
329,Kevin Paredes,us USA,MF,Wolfsburg,21,2003,1.4,0,4,0,0,2.93,0,0,,0,0,Matches
330,Felix Passlack,de GER,"MF,DF",Bochum,26,1998,25.9,1,26,6,23.1,1,0.23,0.04,0.17,0,0,Matches
331,Aleksandar Pavlovic,de GER,MF,Bayern Munich,20,2004,16.1,1,9,4,44.4,0.56,0.25,0.11,0.25,0,0,Matches
332,Mads Pedersen,dk DEN,DF,Augsburg,27,1996,2.6,0,2,0,0,0.77,0,0,,0,0,Matches
333,Jordan Pefok,us USA,FW,Union Berlin,28,1996,10.1,0,23,8,34.8,2.28,0.79,0,0,0,0,Matches
334,Daniel Peretz,il ISR,GK,Bayern Munich,24,2000,3,0,0,0,,0,0,,,0,0,Matches
335,Noah Pesch,hr CRO,FW,Gladbach,19,2005,0.1,0,0,0,,0,0,,,0,0,Matches
336,Luca Philipp,de GER,GK,Hoffenheim,23,2000,6,0,0,0,,0,0,,,0,0,Matches
337,Maximilian Philipp,de GER,"FW,MF",Freiburg,30,1994,0.2,0,1,0,0,5.29,0,0,,0,0,Matches
338,Benedikt Pichler,at AUT,FW,Holstein Kiel,27,1997,8.7,1,20,9,45,2.29,1.03,0.05,0.11,0,0,Matches
339,Amos Pieper,de GER,DF,Werder Bremen,26,1998,16.6,0,7,1,14.3,0.42,0.06,0,0,0,0,Matches
340,Marvin Pieringer,de GER,FW,Heidenheim,24,1999,24.5,7,60,20,33.3,2.45,0.82,0.07,0.2,3,3,Matches
341,Alassane Pléa,fr FRA,MF,Gladbach,31,1993,21.1,11,42,14,33.3,1.99,0.66,0.24,0.71,1,1,Matches
342,Finn Porath,de GER,MF,Holstein Kiel,27,1997,21.9,2,29,12,41.4,1.32,0.55,0.07,0.17,0,0,Matches
343,Yussuf Poulsen,dk DEN,"MF,FW",RB Leipzig,30,1994,4.2,2,14,7,50,3.33,1.67,0.14,0.29,0,0,Matches
344,Alexander Prass,at AUT,"MF,DF",Hoffenheim,23,2001,17.4,0,12,1,8.3,0.69,0.06,0,0,0,0,Matches
345,David Preu,de GER,MF,Union Berlin,19,2004,1.3,0,2,0,0,1.49,0,0,,0,0,Matches
346,Grischa Prömel,de GER,MF,Hoffenheim,29,1995,1.9,0,0,0,,0,0,,,0,0,Matches
347,Ivan Prtajin,hr CRO,FW,Union Berlin,28,1996,1.8,0,8,2,25,4.47,1.12,0,0,0,0,Matches
348,Tymoteusz Puchacz,pl POL,MF,Holstein Kiel,25,1999,4.4,0,4,1,25,0.91,0.23,0,0,0,0,Matches
349,Leopold Querfeld,at AUT,DF,Union Berlin,20,2003,19.4,2,16,4,25,0.82,0.21,0.13,0.5,0,0,Matches
350,Grant Ranos,am ARM,FW,Gladbach,21,2003,0.2,0,0,0,,0,0,,,0,0,Matches
Rk,Player,Nation,Pos,Squad,Age,Born,90s,Gls,Sh,SoT,SoT%,Sh/90,SoT/90,G/Sh,G/SoT,PK,PKatt,Matches
351,David Raum,de GER,"MF,DF",RB Leipzig,26,1998,19.8,1,9,4,44.4,0.45,0.2,0.11,0.25,0,0,Matches
352,Rocco Reitz,de GER,MF,Gladbach,22,2002,20.3,2,23,7,30.4,1.13,0.34,0.09,0.29,0,0,Matches
353,Nicolai Remberg,de GER,MF,Holstein Kiel,24,2000,26.9,0,24,3,12.5,0.89,0.11,0,0,0,0,Matches
354,Elvis Rexhbeçaj,xk KVX,MF,Augsburg,26,1997,19.8,1,29,5,17.2,1.46,0.25,0.03,0.2,0,0,Matches
355,Gio Reyna,us USA,MF,Dortmund,21,2002,3.9,2,3,2,66.7,0.77,0.51,0.67,1,0,0,Matches
356,Fabian Rieder,ch SUI,MF,Stuttgart,22,2002,9.6,1,20,7,35,2.08,0.73,0.05,0.14,0,0,Matches
357,Lasse Rieß,de GER,GK,Mainz 05,23,2001,2,0,0,0,,0,0,,,0,0,Matches
358,Lars Ritzka,de GER,"MF,DF",St Pauli,26,1998,10.2,1,8,1,12.5,0.78,0.1,0.13,1,0,0,Matches
359,Mads Roerslev,dk DEN,DF,Wolfsburg,25,1999,3.3,0,0,0,,0,0,,,0,0,Matches
360,Merlin Röhl,de GER,MF,Freiburg,22,2002,10.7,0,12,3,25,1.12,0.28,0,0,0,0,Matches
361,Lasse Rosenboom,de GER,MF,Holstein Kiel,22,2002,19.3,2,12,5,41.7,0.62,0.26,0.17,0.4,0,0,Matches
362,Max Rosenfelder,de GER,DF,Freiburg,21,2003,13.9,1,5,1,20,0.36,0.07,0.2,1,0,0,Matches
363,Tom Rothe,de GER,"MF,DF",Union Berlin,19,2004,18.6,3,22,9,40.9,1.19,0.49,0.14,0.33,0,0,Matches
364,Anthony Rouault,fr FRA,DF,Stuttgart,23,2001,13.5,1,5,1,20,0.37,0.07,0.2,1,0,0,Matches
365,Jérôme Roussillon,fr FRA,DF,Union Berlin,31,1993,1.5,0,2,0,0,1.32,0,0,,0,0,Matches
366,Julian Ryerson,no NOR,"DF,MF",Dortmund,26,1997,25.1,2,18,5,27.8,0.72,0.2,0.11,0.4,0,0,Matches
367,Frederik Rønnow,dk DEN,GK,Union Berlin,31,1992,28,0,1,0,0,0.04,0,0,,0,0,Matches
368,Elias Saad,tn TUN,"FW,MF",St Pauli,24,1999,10,3,26,8,30.8,2.6,0.8,0.12,0.38,0,0,Matches
369,Marcel Sabitzer,at AUT,MF,Dortmund,30,1994,18,1,21,8,38.1,1.17,0.45,0.05,0.13,0,0,Matches
370,Faik Sakar,de GER,MF,RB Leipzig,16,2008,0,0,0,0,,0,0,,,0,0,Matches
371,Manolis Saliakas,gr GRE,MF,St Pauli,27,1996,25.7,2,29,6,20.7,1.13,0.23,0.07,0.33,0,0,Matches
372,Roland Sallai,hu HUN,"DF,FW",Freiburg,27,1997,0.5,0,3,1,33.3,5.87,1.96,0,0,0,0,Matches
373,Diadie Samassékou,ml MLI,MF,Hoffenheim,28,1996,3.2,0,3,1,33.3,0.93,0.31,0,0,0,0,Matches
374,Philipp Sander,de GER,MF,Gladbach,26,1998,15.6,1,18,8,44.4,1.16,0.51,0.06,0.13,0,0,Matches
375,James Sands,us USA,MF,St Pauli,24,2000,5,0,1,0,0,0.2,0,0,,0,0,Matches
Rk,Player,Nation,Pos,Squad,Age,Born,90s,Gls,Sh,SoT,SoT%,Sh/90,SoT/90,G/Sh,G/SoT,PK,PKatt,Matches
376,Leroy Sané,de GER,MF,Bayern Munich,28,1996,18.2,11,67,30,44.8,3.68,1.65,0.16,0.37,0,0,Matches
377,Kaishu Sano,jp JPN,MF,Mainz 05,23,2000,33.8,0,20,2,10,0.59,0.06,0,0,0,0,Matches
378,Kauã Santos,br BRA,GK,Eintracht Frankfurt,21,2003,8.5,0,0,0,,0,0,,,0,0,Matches
379,Joe Scally,us USA,DF,Gladbach,21,2002,28.6,0,6,1,16.7,0.21,0.03,0,0,0,0,Matches
380,András Schäfer,hu HUN,MF,Union Berlin,25,1999,17,1,12,1,8.3,0.7,0.06,0.08,1,0,0,Matches
381,Patrik Schick,cz CZE,FW,Leverkusen,28,1996,18.7,21,68,34,50,3.63,1.82,0.29,0.59,1,1,Matches
382,Stefan Schimmer,de GER,FW,Heidenheim,30,1994,2.7,0,10,2,20,3.64,0.73,0,0,0,0,Matches
383,Xaver Schlager,at AUT,MF,RB Leipzig,26,1997,2,0,1,0,0,0.5,0,0,,0,0,Matches
384,Keven Schlotterbeck,de GER,DF,Augsburg,27,1997,14.4,3,12,5,41.7,0.83,0.35,0.25,0.6,0,0,Matches
385,Nico Schlotterbeck,de GER,DF,Dortmund,24,1999,22,0,16,4,25,0.73,0.18,0,0,0,0,Matches
386,Romano Schmid,at AUT,MF,Werder Bremen,24,2000,31.5,5,48,15,31.3,1.52,0.48,0.08,0.27,1,1,Matches
387,Jan Schöppner,de GER,MF,Heidenheim,25,1999,29.8,4,41,13,31.7,1.38,0.44,0.1,0.31,0,0,Matches
388,Marvin Schulz,de GER,"DF,MF",Holstein Kiel,29,1995,3.4,0,3,1,33.3,0.88,0.29,0,0,0,0,Matches
389,Alexander Schwolow,de GER,GK,Union Berlin,32,1992,6,0,0,0,,0,0,,,0,0,Matches
390,Léo Scienza,br BRA,"MF,FW",Heidenheim,25,1998,12.8,3,38,15,39.5,2.97,1.17,0.08,0.2,0,0,Matches
391,Nicolas Seiwald,at AUT,"MF,DF",RB Leipzig,23,2001,23.2,0,5,0,0,0.22,0,0,,0,0,Matches
392,Benjamin Šeško,si SVN,"FW,MF",RB Leipzig,21,2003,26.4,13,68,31,45.6,2.57,1.17,0.16,0.35,2,2,Matches
393,Armindo Sieb,de GER,"MF,FW",Mainz 05,21,2003,8.5,2,29,7,24.1,3.43,0.83,0.07,0.29,0,0,Matches
394,Tim Siersleben,de GER,DF,Heidenheim,24,2000,13.1,0,4,2,50,0.3,0.15,0,0,0,0,Matches
395,Kiliann Sildillia,fr FRA,DF,Freiburg,22,2002,8.9,2,7,2,28.6,0.79,0.22,0.29,1,0,0,Matches
396,André Silva,pt POR,FW,Werder Bremen,28,1995,4.2,1,14,7,50,3.36,1.68,0,0,1,2,Matches
397,André Silva,pt POR,FW,RB Leipzig,28,1995,1.5,1,8,3,37.5,5.45,2.05,0,0,1,1,Matches
398,Mohamed Simakan,fr FRA,DF,RB Leipzig,24,2000,0.6,0,0,0,,0,0,,,0,0,Matches
399,Xavi Simons,nl NED,MF,RB Leipzig,21,2003,23.9,10,50,23,46,2.09,0.96,0.2,0.43,0,0,Matches
400,Danel Sinani,lu LUX,"FW,MF",St Pauli,27,1997,13.9,2,35,12,34.3,2.52,0.86,0.06,0.17,0,0,Matches
Rk,Player,Nation,Pos,Squad,Age,Born,90s,Gls,Sh,SoT,SoT%,Sh/90,SoT/90,G/Sh,G/SoT,PK,PKatt,Matches
401,Tobias Sippel,de GER,GK,Gladbach,36,1988,0.7,0,0,0,,0,0,,,0,0,Matches
402,Ibrahima Sissoko,ml MLI,MF,Bochum,26,1997,29,2,25,8,32,0.86,0.28,0.08,0.25,0,0,Matches
403,Tim Skarke,de GER,"FW,MF",Union Berlin,27,1996,12.9,0,20,9,45,1.55,0.7,0,0,0,0,Matches
404,Ellyes Skhiri,tn TUN,MF,Eintracht Frankfurt,29,1995,24.8,1,13,2,15.4,0.52,0.08,0.08,0.5,0,0,Matches
405,Leo Skiri Østigård,no NOR,DF,Hoffenheim,24,1999,10.3,0,5,0,0,0.49,0,0,,0,0,Matches
406,Andreas Skov Olsen,dk DEN,"MF,FW",Wolfsburg,24,1999,5.9,1,7,1,14.3,1.18,0.17,0.14,1,0,0,Matches
407,Robert Skov,dk DEN,"MF,DF",Union Berlin,28,1996,9.5,2,17,6,35.3,1.8,0.63,0.06,0.17,1,1,Matches
408,Steven Skrzybski,de GER,"FW,MF",Holstein Kiel,31,1992,14.7,6,33,13,39.4,2.24,0.88,0.15,0.38,1,1,Matches
409,Eric Smith,se SWE,"DF,MF",St Pauli,27,1997,31.4,1,24,9,37.5,0.76,0.29,0.04,0.11,0,0,Matches
410,Anton Stach,de GER,"MF,DF",Hoffenheim,25,1998,28.7,1,35,10,28.6,1.22,0.35,0.03,0.1,0,0,Matches
411,Jens Stage,dk DEN,MF,Werder Bremen,27,1996,24.5,10,44,15,34.1,1.8,0.61,0.23,0.67,0,0,Matches
412,Josip Stanišić,hr CRO,DF,Bayern Munich,24,2000,9.7,0,2,0,0,0.21,0,0,,0,0,Matches
413,Niklas Stark,de GER,DF,Werder Bremen,29,1995,23.4,0,12,3,25,0.51,0.13,0,0,0,0,Matches
414,Pascal Stenzel,de GER,DF,Stuttgart,28,1996,3.2,0,8,2,25,2.48,0.62,0,0,0,0,Matches
415,Leonidas Stergiou,ch SUI,DF,Stuttgart,22,2002,9.5,1,3,1,33.3,0.32,0.11,0.33,1,0,0,Matches
416,Finley Stevens,wls WAL,DF,St Pauli,21,2003,0,0,0,0,,0,0,,,0,0,Matches
417,Angelo Stiller,de GER,MF,Stuttgart,23,2001,30.5,1,21,4,19,0.69,0.13,0.05,0.25,0,0,Matches
418,Kevin Stöger,at AUT,MF,Gladbach,30,1993,17.2,3,26,12,46.2,1.51,0.7,0.04,0.08,2,2,Matches
419,Niklas Süle,de GER,DF,Dortmund,28,1995,11.7,0,9,2,22.2,0.77,0.17,0,0,0,0,Matches
420,Mattias Svanberg,se SWE,MF,Wolfsburg,25,1999,13.5,3,21,8,38.1,1.55,0.59,0.14,0.38,0,0,Matches
421,Daniel Svensson,se SWE,"MF,DF",Dortmund,22,2002,8.7,1,6,2,33.3,0.69,0.23,0.17,0.5,0,0,Matches
422,Haris Tabakovic,ba BIH,FW,Hoffenheim,30,1994,9.1,3,30,10,33.3,3.29,1.1,0.1,0.3,0,0,Matches
423,Jonathan Tah,de GER,DF,Leverkusen,28,1996,33,3,24,7,29.2,0.73,0.21,0.13,0.43,0,0,Matches
424,Edmond Tapsoba,bf BFA,DF,Leverkusen,25,1999,27.9,0,21,2,9.5,0.75,0.07,0,0,0,0,Matches
425,Mathys Tel,fr FRA,MF,Bayern Munich,19,2005,2.8,0,10,3,30,3.52,1.05,0,0,0,0,Matches
Rk,Player,Nation,Pos,Squad,Age,Born,90s,Gls,Sh,SoT,SoT%,Sh/90,SoT/90,G/Sh,G/SoT,PK,PKatt,Matches
426,Nathan Tella,ng NGA,"MF,FW",Leverkusen,25,1999,15.1,2,28,11,39.3,1.85,0.73,0.07,0.18,0,0,Matches
427,Martin Terrier,fr FRA,"MF,FW",Leverkusen,27,1997,6.5,2,16,6,37.5,2.47,0.92,0.13,0.33,0,0,Matches
428,Arthur Theate,be BEL,DF,Eintracht Frankfurt,24,2000,30,0,36,9,25,1.2,0.3,0,0,0,0,Matches
429,Norman Theuerkauf,de GER,"DF,MF",Heidenheim,37,1987,0.2,0,1,0,0,4.09,0,0,,0,0,Matches
430,Denis Thomalla,de GER,"FW,MF",Heidenheim,31,1992,0,0,0,0,,0,0,,,0,0,Matches
431,Phillip Tietz,de GER,FW,Augsburg,27,1997,18.7,7,51,20,39.2,2.72,1.07,0.12,0.3,1,1,Matches
432,Umut Tohumcu,de GER,MF,Hoffenheim,19,2004,4.2,0,3,1,33.3,0.72,0.24,0,0,0,0,Matches
433,John Tolkin,us USA,"MF,DF",Holstein Kiel,22,2002,8.2,0,2,0,0,0.24,0,0,,0,0,Matches
434,Tiago Tomás,pt POR,"MF,FW",Wolfsburg,22,2002,20.9,6,42,20,47.6,2.01,0.96,0.14,0.3,0,0,Matches
435,Keke Topp,de GER,FW,Werder Bremen,20,2004,2.8,2,7,4,57.1,2.5,1.43,0.29,0.5,0,0,Matches
436,Bazoumana Touré,ci CIV,"MF,FW",Hoffenheim,18,2006,6.8,0,19,5,26.3,2.81,0.74,0,0,0,0,Matches
437,Lucas Tousart,fr FRA,MF,Union Berlin,27,1997,6.2,0,9,5,55.6,1.44,0.8,0,0,0,0,Matches
438,Omar Traoré,de GER,"DF,MF",Heidenheim,26,1998,29.1,0,16,3,18.8,0.55,0.1,0,0,0,0,Matches
439,Kevin Trapp,de GER,GK,Eintracht Frankfurt,34,1990,25.5,0,0,0,,0,0,,,0,0,Matches
440,Philipp Treu,de GER,MF,St Pauli,23,2000,32,0,18,4,22.2,0.56,0.12,0,0,0,0,Matches
441,Christopher Trimmel,at AUT,"MF,DF",Union Berlin,37,1987,19.3,0,9,3,33.3,0.47,0.16,0,0,0,0,Matches
442,Tuta,br BRA,"DF,MF",Eintracht Frankfurt,25,1999,25.3,2,12,5,41.7,0.47,0.2,0.17,0.4,0,0,Matches
443,Lukas Ullrich,de GER,DF,Gladbach,20,2004,21.1,1,8,2,25,0.38,0.09,0.13,0.5,0,0,Matches
444,Sven Ulreich,de GER,GK,Bayern Munich,35,1988,1,0,0,0,,0,0,,,0,0,Matches
445,Deniz Undav,de GER,"FW,MF",Stuttgart,28,1996,19.2,9,75,31,41.3,3.91,1.62,0.12,0.29,0,0,Matches
446,Dayot Upamecano,fr FRA,DF,Bayern Munich,25,1998,19.5,2,13,6,46.2,0.67,0.31,0.15,0.33,0,0,Matches
447,Jonas Urbig,de GER,GK,Bayern Munich,20,2003,8,0,0,0,,0,0,,,0,0,Matches
448,Can Uzun,tr TUR,MF,Eintracht Frankfurt,18,2005,7.5,4,27,11,40.7,3.6,1.47,0.15,0.36,0,0,Matches
449,Josha Vagnoman,de GER,"DF,MF",Stuttgart,23,2000,20.4,1,15,7,46.7,0.74,0.34,0.07,0.14,0,0,Matches
450,Siebe Van Der Heyden,be BEL,"DF,MF",St Pauli,26,1998,9.7,1,3,2,66.7,0.31,0.21,0.33,0.5,0,0,Matches
Rk,Player,Nation,Pos,Squad,Age,Born,90s,Gls,Sh,SoT,SoT%,Sh/90,SoT/90,G/Sh,G/SoT,PK,PKatt,Matches
451,Maarten Vandevoordt,be BEL,GK,RB Leipzig,22,2002,4.8,0,0,0,,0,0,,,0,0,Matches
452,Ruben Vargas,ch SUI,MF,Augsburg,25,1998,3.4,0,9,1,11.1,2.66,0.3,0,0,0,0,Matches
453,Nikola Vasilj,ba BIH,GK,St Pauli,28,1995,33,0,0,0,,0,0,,,0,0,Matches
454,Denis Vavro,sk SVK,DF,Wolfsburg,28,1996,27.3,2,25,7,28,0.91,0.26,0.08,0.29,0,0,Matches
455,Miloš Veljković,rs SRB,DF,Werder Bremen,28,1995,11.4,0,2,1,50,0.17,0.09,0,0,0,0,Matches
456,Nikolas Veratschnig,at AUT,MF,Mainz 05,21,2003,4,0,7,1,14.3,1.73,0.25,0,0,0,0,Matches
457,Arthur Vermeeren,be BEL,MF,RB Leipzig,19,2005,17.5,0,4,1,25,0.23,0.06,0,0,0,0,Matches
458,Yorbe Vertessen,be BEL,"MF,FW",Union Berlin,23,2001,8,1,27,5,18.5,3.38,0.63,0.04,0.2,0,0,Matches
459,Gabriel Vidovic,hr CRO,MF,Bayern Munich,20,2003,0.3,0,1,0,0,3.75,0,0,,0,0,Matches
460,Gabriel Vidovic,hr CRO,MF,Mainz 05,20,2003,0,0,1,0,0,22.5,0,0,,0,0,Matches
461,Kevin Vogt,de GER,DF,Union Berlin,32,1991,15.2,1,1,1,100,0.07,0.07,0,0,1,1,Matches
462,Kevin Volland,de GER,"FW,MF",Union Berlin,32,1992,0.7,0,0,0,,0,0,,,0,0,Matches
463,Aster Vranckx,be BEL,MF,Wolfsburg,21,2002,6.2,0,0,0,,0,0,,,0,0,Matches
464,Robert Wagner,de GER,MF,St Pauli,21,2003,4.5,0,2,0,0,0.44,0,0,,0,0,Matches
465,Elye Wahi,fr FRA,FW,Eintracht Frankfurt,21,2003,2.2,0,9,2,22.2,4.13,0.92,0,0,0,0,Matches
466,Hauke Wahl,de GER,DF,St Pauli,30,1994,33,0,11,4,36.4,0.33,0.12,0,0,0,0,Matches
467,Paul Wanner,de GER,"MF,FW",Heidenheim,18,2005,19.7,3,25,6,24,1.27,0.3,0.08,0.33,1,1,Matches
468,Kjell-Arik Wätjen,de GER,MF,Dortmund,18,2006,0.2,0,0,0,,0,0,,,0,0,Matches
469,Julian Weigl,de GER,MF,Gladbach,28,1995,32,0,19,6,31.6,0.59,0.19,0,0,0,0,Matches
470,Timon Weiner,de GER,GK,Holstein Kiel,25,1999,25,0,0,0,,0,0,,,0,0,Matches
471,Nelson Weiper,de GER,FW,Mainz 05,19,2005,7.8,3,23,13,56.5,2.94,1.66,0.13,0.23,0,0,Matches
472,Mitchell Weiser,de GER,MF,Werder Bremen,30,1994,31.9,5,43,15,34.9,1.35,0.47,0.12,0.33,0,0,Matches
473,Noah Weißhaupt,de GER,"FW,MF",St Pauli,22,2001,12.9,1,18,4,22.2,1.4,0.31,0.06,0.25,0,0,Matches
474,Noah Weißhaupt,de GER,"FW,MF",Freiburg,22,2001,0.9,0,1,0,0,1.13,0,0,,0,0,Matches
475,Silvan Widmer,ch SUI,MF,Mainz 05,31,1993,5.6,0,3,1,33.3,0.54,0.18,0,0,0,0,Matches
Rk,Player,Nation,Pos,Squad,Age,Born,90s,Gls,Sh,SoT,SoT%,Sh/90,SoT/90,G/Sh,G/SoT,PK,PKatt,Matches
476,Patrick Wimmer,at AUT,"MF,FW",Wolfsburg,23,2001,19.7,3,42,10,23.8,2.14,0.51,0.07,0.3,0,0,Matches
477,Jonas Wind,dk DEN,"FW,MF",Wolfsburg,25,1999,21.8,9,40,13,32.5,1.83,0.6,0.2,0.62,1,2,Matches
478,Florian Wirtz,de GER,MF,Leverkusen,21,2003,26.1,10,78,39,50,2.99,1.49,0.1,0.21,2,4,Matches
479,Dani de Wit,nl NED,"MF,FW",Bochum,26,1998,12.8,2,20,7,35,1.56,0.55,0.1,0.29,0,0,Matches
480,Maximilian Wittek,de GER,"DF,MF",Bochum,28,1995,30.1,0,41,7,17.1,1.36,0.23,0,0,0,0,Matches
481,Marius Wolf,de GER,MF,Augsburg,29,1995,23.8,1,12,2,16.7,0.5,0.08,0.08,0.5,0,0,Matches
482,Nick Woltemade,de GER,"FW,MF",Stuttgart,22,2002,18,12,49,26,53.1,2.72,1.44,0.2,0.38,2,3,Matches
483,Jeong Woo-yeong,kr KOR,"MF,FW",Union Berlin,24,1999,14,3,25,6,24,1.78,0.43,0.12,0.5,0,0,Matches
484,Granit Xhaka,ch SUI,MF,Leverkusen,31,1992,32.1,2,21,3,14.3,0.65,0.09,0.1,0.67,0,0,Matches
485,Erencan Yardimci,tr TUR,FW,Hoffenheim,22,2002,3.5,0,5,1,20,1.44,0.29,0,0,0,0,Matches
486,Dan-Axel Zagadou,fr FRA,DF,Stuttgart,25,1999,0.3,0,0,0,,0,0,,,0,0,Matches
487,David Zec,si SVN,DF,Holstein Kiel,24,2000,17.1,2,11,5,45.5,0.64,0.29,0.18,0.4,0,0,Matches
488,Robin Zentner,de GER,GK,Mainz 05,29,1994,32,0,1,0,0,0.03,0,0,,0,0,Matches
489,Cedric Zesiger,ch SUI,DF,Augsburg,26,1998,13.6,0,10,2,20,0.74,0.15,0,0,0,0,Matches
490,Cedric Zesiger,ch SUI,DF,Wolfsburg,26,1998,5.8,0,2,1,50,0.34,0.17,0,0,0,0,Matches
491,Michael Zetterer,de GER,GK,Werder Bremen,29,1995,34,0,0,0,,0,0,,,0,0,Matches
492,Budu Zivzivadze,ge GEO,FW,Heidenheim,30,1994,10.6,2,22,10,45.5,2.07,0.94,0.09,0.2,0,0,Matches
