Performance,,,,,,,,,,,,,,,,,,,,
Rk,Player,Nation,Pos,Squad,Age,Born,90s,CrdY,CrdR,2CrdY,Fls,Fld,Off,Crs,Int,TklW,PKwon,PKcon,OG,Matches
1,Junior Adamu,at AUT,FW,Freiburg,23,2001,17.2,5,1,0,37,22,17,5,11,3,,,0,Matches
2,Karim Adeyemi,de GER,"MF,FW",Dortmund,22,2002,15.9,4,0,0,27,18,4,27,8,13,,,0,Matches
3,Amine Adli,ma MAR,"MF,FW",Leverkusen,24,2000,8.5,3,0,0,15,9,7,33,1,9,,,0,Matches
4,Oladapo Afolayan,eng ENG,"FW,MF",St Pauli,26,1998,18.2,3,0,0,21,42,9,50,8,8,,,0,Matches
5,Felix Agu,ng NGA,MF,Werder Bremen,24,1999,19.5,1,0,0,11,43,4,50,19,16,,,1,Matches
6,Erik Ahlstrand,se SWE,MF,St Pauli,22,2001,0.5,0,0,0,0,0,1,0,1,0,,,0,Matches
7,Kevin Akpoguma,ng NGA,DF,Hoffenheim,29,1995,24.7,3,0,0,24,23,1,12,25,26,,,0,Matches
8,Andreas Albers,dk DEN,"FW,MF",St Pauli,34,1990,0.7,0,0,0,3,2,0,0,0,0,,,0,Matches
9,Ben Alexander Voll,de GER,GK,St Pauli,23,2000,1,1,0,0,0,0,0,0,0,0,,,0,Matches
10,Skelly Alvero,fr FRA,MF,Werder Bremen,22,2002,2.6,1,0,0,7,5,0,0,2,6,,,0,Matches
11,Aurele Amenda,ch SUI,DF,Eintracht Frankfurt,21,2003,1.1,1,0,0,3,2,0,0,2,0,,,0,Matches
12,Nadiem Amiri,de GER,MF,Mainz 05,27,1996,27.5,9,2,1,44,51,2,165,19,28,,,0,Matches
13,Mohamed Amoura,dz ALG,"FW,MF",Wolfsburg,24,2000,27.4,6,0,0,31,20,23,36,9,21,,,0,Matches
14,Robert Andrich,de GER,"MF,DF",Leverkusen,29,1994,17.8,7,0,0,29,17,0,12,27,12,,,0,Matches
15,Waldemar Anton,de GER,DF,Dortmund,28,1996,21.7,4,0,0,20,20,1,23,32,21,,,1,Matches
16,Maximilian Arnold,de GER,MF,Wolfsburg,30,1994,26.2,7,1,0,30,52,0,153,24,21,,,0,Matches
17,Jann-Fiete Arp,de GER,FW,Holstein Kiel,24,2000,7.9,8,1,1,20,18,2,24,3,10,,,0,Matches
18,Arthur,br BRA,"MF,DF",Leverkusen,21,2003,8.4,1,0,0,20,6,0,16,9,12,,,0,Matches
19,Noah Atubolu,de GER,GK,Freiburg,22,2002,25.6,2,0,0,0,0,0,0,0,0,,,0,Matches
20,Ayman Azhil,ma MAR,MF,Dortmund,23,2001,0.3,1,0,0,2,0,1,0,0,1,,,0,Matches
21,Adam Aznou,ma MAR,DF,Bayern Munich,18,2006,0.2,0,0,0,0,0,0,1,0,0,,,0,Matches
22,Aliou Badara Baldé,gn GUI,FW,Bochum,21,2002,1,1,0,0,1,0,2,4,0,1,,,0,Matches
23,Ridle Baku,de GER,MF,Wolfsburg,26,1998,13,2,0,0,13,10,1,36,14,16,,,0,Matches
24,Ridle Baku,de GER,MF,RB Leipzig,26,1998,14.2,1,0,0,13,14,3,33,11,19,,,0,Matches
25,Samuel Bamba,de GER,FW,Bochum,20,2004,0.3,0,0,0,0,1,1,5,0,1,,,0,Matches
Rk,Player,Nation,Pos,Squad,Age,Born,90s,CrdY,CrdR,2CrdY,Fls,Fld,Off,Crs,Int,TklW,PKwon,PKcon,OG,Matches
26,Noahkai Banks,us USA,DF,Augsburg,17,2006,3.1,2,0,0,2,1,0,2,5,5,,,1,Matches
27,Scott Banks,sct SCO,MF,St Pauli,22,2001,1.3,1,0,0,2,4,0,6,2,1,,,0,Matches
28,Aymen Barkok,ma MAR,MF,Mainz 05,26,1998,0.8,0,0,0,2,1,0,5,2,1,,,0,Matches
29,Michy Batshuayi,be BEL,FW,Eintracht Frankfurt,30,1993,3.3,2,0,0,6,2,4,1,1,1,,,0,Matches
30,Maximilian Bauer,de GER,DF,Augsburg,24,2000,7.3,1,0,0,7,13,1,4,5,9,,,0,Matches
31,Oliver Baumann,de GER,GK,Hoffenheim,34,1990,28,1,0,0,0,6,0,0,0,2,,,0,Matches
32,Christoph Baumgartner,at AUT,"MF,FW",RB Leipzig,24,1999,17.9,5,0,0,44,29,4,14,12,25,,,0,Matches
33,Ihlas Bebou,tg TOG,"FW,MF",Hoffenheim,30,1994,0.1,0,0,0,0,0,0,0,0,0,,,0,Matches
34,Adrian Beck,de GER,"MF,FW",Heidenheim,27,1997,17.8,1,0,0,16,14,2,31,9,17,,,0,Matches
35,Timo Becker,de GER,"DF,MF",Holstein Kiel,27,1997,27.2,2,0,0,9,9,0,22,17,35,,,0,Matches
36,Hannes Behrens,de GER,DF,Hoffenheim,19,2005,0.3,0,0,0,0,1,0,0,2,1,,,0,Matches
37,Kevin Behrens,de GER,FW,Wolfsburg,33,1991,1.9,2,0,0,4,1,0,0,1,1,,,0,Matches
38,Maximilian Beier,de GER,"MF,FW",Dortmund,21,2002,17.7,2,0,0,17,16,9,18,7,15,,,0,Matches
39,Stefan Bell,de GER,DF,Mainz 05,32,1991,16,4,0,0,24,10,3,0,28,11,,,0,Matches
40,Jeanuël Belocian,fr FRA,DF,Leverkusen,19,2005,0.8,1,0,0,1,4,0,0,0,1,,,0,Matches
41,László Bénes,sk SVK,"MF,FW",Union Berlin,26,1997,6.5,4,0,0,10,4,1,49,4,3,,,0,Matches
42,Ramy Bensebaini,dz ALG,DF,Dortmund,29,1995,22.5,6,0,0,28,24,0,35,27,27,,,0,Matches
43,Mergim Berisha,de GER,FW,Hoffenheim,26,1998,3.7,1,0,0,5,5,3,3,0,2,,,0,Matches
44,Mergim Berisha,de GER,FW,Augsburg,26,1998,0.4,1,0,0,2,0,0,1,0,0,,,0,Matches
45,Bernardo,br BRA,DF,Bochum,29,1995,19.8,5,0,0,24,11,0,15,26,26,,,0,Matches
46,Alexander Bernhardsson,se SWE,"FW,MF",Holstein Kiel,25,1998,14,3,0,0,21,15,2,34,5,14,,,0,Matches
47,Matúš Bero,sk SVK,MF,Bochum,28,1995,28.5,11,0,0,50,34,1,123,18,36,,,0,Matches
48,Jan-Niklas Beste,de GER,"DF,MF",Freiburg,25,1999,2.4,0,0,0,3,6,1,20,0,3,,,0,Matches
49,El Bilal Touré,ml MLI,FW,Stuttgart,22,2001,4,0,0,0,9,3,1,0,0,1,,,0,Matches
50,Tom Bischof,de GER,MF,Hoffenheim,19,2005,28.4,5,0,0,46,33,1,145,32,54,,,0,Matches
Rk,Player,Nation,Pos,Squad,Age,Born,90s,CrdY,CrdR,2CrdY,Fls,Fld,Off,Crs,Int,TklW,PKwon,PKcon,OG,Matches
51,Leonardo Bittencourt,de GER,MF,Werder Bremen,30,1993,10.9,3,0,0,15,19,2,23,15,8,,,0,Matches
52,Myron Boadu,nl NED,FW,Bochum,23,2001,11.6,2,0,0,11,6,12,2,1,1,,,0,Matches
53,Sacha Boey,fr FRA,DF,Bayern Munich,23,2000,6.6,1,0,0,7,7,0,12,2,6,,,0,Matches
54,Victor Boniface,ng NGA,FW,Leverkusen,23,2000,11.2,2,0,0,14,8,6,6,0,4,,,0,Matches
55,Sebastiaan Bornauw,be BEL,DF,Wolfsburg,25,1999,8.8,2,0,0,12,2,0,1,12,6,,,0,Matches
56,Carlo Boukhalfa,ma MAR,MF,St Pauli,25,1999,18.3,1,0,0,18,17,2,11,10,11,,,0,Matches
57,Julian Brandt,de GER,MF,Dortmund,28,1996,25.6,1,0,0,8,9,5,68,14,12,,,0,Matches
58,Tim Breithaupt,de GER,MF,Augsburg,22,2002,1.3,0,0,0,2,3,0,1,2,1,,,0,Matches
59,Maximilian Breunig,de GER,FW,Heidenheim,23,2000,3.9,0,0,0,8,5,1,1,1,4,,,0,Matches
60,Moritz Broschinski,de GER,"FW,MF",Bochum,23,2000,15.4,1,0,0,28,18,5,28,1,16,,,0,Matches
61,Nathaniel Brown,de GER,"MF,DF",Eintracht Frankfurt,21,2003,21.6,2,0,0,15,22,0,93,16,42,,,0,Matches
62,Jacob Bruun Larsen,dk DEN,"MF,FW",Hoffenheim,25,1998,4.4,0,0,0,2,2,3,19,1,3,,,0,Matches
63,Jacob Bruun Larsen,dk DEN,MF,Stuttgart,25,1998,4.6,1,0,0,2,2,6,17,1,1,,,0,Matches
64,Emi Buendía,ar ARG,MF,Leverkusen,27,1996,2.9,0,0,0,6,7,0,3,1,5,,,0,Matches
65,Marius Bülter,de GER,"MF,FW",Hoffenheim,31,1993,19.2,4,0,0,11,36,6,86,4,10,,,0,Matches
66,Jonathan Burkardt,de GER,FW,Mainz 05,24,2000,23.4,0,0,0,23,24,11,27,1,7,,,0,Matches
67,Oliver Burke,sct SCO,FW,Werder Bremen,27,1997,10.1,4,0,0,12,2,8,20,2,4,,,0,Matches
68,Marnon Busch,de GER,"DF,MF",Heidenheim,29,1994,15.5,1,0,0,8,7,0,50,14,15,,,0,Matches
69,Anthony Caci,fr FRA,MF,Mainz 05,27,1997,29.8,6,0,0,37,11,15,134,27,37,,,0,Matches
70,Cole Campbell,us USA,FW,Dortmund,18,2006,0.2,0,0,0,1,1,0,1,0,0,,,0,Matches
71,Emre Can,de GER,"DF,MF",Dortmund,30,1994,23.4,4,1,0,25,19,0,10,20,27,,,0,Matches
72,Tiago Cardoso,lu LUX,GK,Gladbach,18,2006,4.2,0,0,0,0,0,0,0,0,0,,,0,Matches
73,Abdoulie Ceesay,gm GAM,FW,St Pauli,20,2004,0.7,1,0,0,2,3,0,0,0,3,,,0,Matches
74,Julian Chabot,de GER,DF,Stuttgart,26,1998,25.2,11,1,1,35,28,5,2,35,25,,,0,Matches
75,El Chadaille Bitshiabu,fr FRA,DF,RB Leipzig,19,2005,12.6,2,1,0,8,2,0,4,13,19,,,0,Matches
Rk,Player,Nation,Pos,Squad,Age,Born,90s,CrdY,CrdR,2CrdY,Fls,Fld,Off,Crs,Int,TklW,PKwon,PKcon,OG,Matches
76,Fares Chaïbi,dz ALG,MF,Eintracht Frankfurt,21,2002,11.3,2,0,0,5,7,1,72,10,10,,,0,Matches
77,Timothy Chandler,us USA,"DF,MF",Eintracht Frankfurt,34,1990,0.3,0,0,0,0,2,0,1,2,0,,,0,Matches
78,Anrie Chase,jp JPN,DF,Stuttgart,20,2004,8.2,1,0,0,12,2,0,4,9,5,,,0,Matches
79,Arthur Chaves,br BRA,DF,Hoffenheim,23,2001,24.3,8,0,0,38,19,1,8,38,35,,,0,Matches
80,Fabio Chiarodia,it ITA,DF,Gladbach,19,2005,4.2,0,0,0,7,0,0,0,9,4,,,0,Matches
81,Carney Chukwuemeka,eng ENG,MF,Dortmund,20,2003,2.8,1,0,0,4,5,1,1,1,5,,,0,Matches
82,Alexis Claude-Maurice,fr FRA,"MF,FW",Augsburg,26,1998,23.4,4,0,0,26,42,3,21,15,26,,,0,Matches
83,Nnamdi Collins,de GER,"DF,MF",Eintracht Frankfurt,20,2004,16.5,4,0,0,26,22,0,17,18,24,,,0,Matches
84,Kingsley Coman,fr FRA,MF,Bayern Munich,28,1996,14.2,0,0,0,9,12,8,47,8,11,,,0,Matches
85,Sirlord Conteh,de GER,"MF,FW",Heidenheim,28,1996,9.9,2,0,0,8,11,4,21,0,5,,,0,Matches
86,Danny da Costa,de GER,DF,Mainz 05,31,1993,22.3,0,0,0,19,4,0,22,29,24,,,0,Matches
87,Yan Couto,br BRA,"DF,MF",Dortmund,22,2002,9.9,5,0,0,12,7,0,53,10,16,,,0,Matches
88,Tomáš Čvančara,cz CZE,"MF,FW",Gladbach,23,2000,9.2,5,1,1,11,6,1,15,4,0,,,0,Matches
89,Finn Dahmen,de GER,GK,Augsburg,26,1998,19,0,0,0,0,1,0,0,0,0,,,0,Matches
90,Thomas Dähne,de GER,GK,Holstein Kiel,30,1994,9,0,0,0,1,1,0,0,0,0,,,0,Matches
91,Mahmoud Dahoud,de GER,MF,Eintracht Frankfurt,28,1996,4,2,0,0,10,2,0,4,2,4,,,0,Matches
92,Ameen Al-Dakhil,be BEL,DF,Stuttgart,22,2002,4.8,0,1,0,4,5,0,0,9,6,,,0,Matches
93,Bence Dárdai,hu HUN,MF,Wolfsburg,18,2006,14.5,0,0,0,9,16,0,10,12,14,,,0,Matches
94,Lukas Daschner,de GER,"FW,MF",Bochum,25,1998,4.6,0,0,0,4,2,0,19,0,2,,,0,Matches
95,Alphonso Davies,ca CAN,DF,Bayern Munich,23,2000,17.3,0,0,0,8,26,3,19,13,16,,,0,Matches
96,Olivier Deman,be BEL,"FW,MF",Werder Bremen,24,2000,0.7,1,0,0,1,2,0,6,4,3,,,0,Matches
97,Ermedin Demirović,ba BIH,FW,Stuttgart,26,1998,20.6,2,0,0,24,27,18,3,1,7,,,0,Matches
98,Justin Diehl,de GER,MF,Stuttgart,19,2004,1.2,0,0,0,2,0,0,10,0,0,,,0,Matches
99,Eric Dier,eng ENG,DF,Bayern Munich,30,1994,16.3,1,0,0,16,4,1,2,14,12,,,0,Matches
100,Junior Dina Ebimbe,cm CMR,MF,Eintracht Frankfurt,23,2000,3.3,0,0,0,10,4,1,8,7,2,,,0,Matches
Rk,Player,Nation,Pos,Squad,Age,Born,90s,CrdY,CrdR,2CrdY,Fls,Fld,Off,Crs,Int,TklW,PKwon,PKcon,OG,Matches
101,Eren Dinkçi,de GER,MF,Freiburg,22,2001,13.3,1,0,0,9,6,1,16,7,14,,,0,Matches
102,Ritsu Doan,jp JPN,MF,Freiburg,26,1998,31.8,2,0,0,27,56,8,80,14,43,,,0,Matches
103,Danilho Doekhi,nl NED,DF,Union Berlin,26,1998,34,4,0,0,36,14,2,10,44,23,,,0,Matches
104,Niklas Dorsch,de GER,MF,Augsburg,26,1998,0.4,0,0,0,0,2,0,1,0,0,,,0,Matches
105,Niklas Dorsch,de GER,MF,Heidenheim,26,1998,14.8,5,1,0,15,20,0,36,16,18,,,0,Matches
106,Patrick Drewes,de GER,GK,Bochum,31,1993,21,2,0,0,1,3,0,0,0,0,,,0,Matches
107,Tim Drexler,de GER,DF,Hoffenheim,19,2005,4,2,0,0,8,2,0,1,0,8,,,0,Matches
108,Marvin Ducksch,de GER,FW,Werder Bremen,30,1994,26.9,3,0,0,6,17,14,169,7,6,,,0,Matches
109,Julien Duranville,be BEL,MF,Dortmund,18,2006,3.1,3,0,0,10,7,2,13,0,0,,,0,Matches
110,Adam Dźwigała,pl POL,DF,St Pauli,28,1995,4.1,2,1,0,5,3,0,3,3,10,,,0,Matches
111,Johannes Eggestein,de GER,FW,St Pauli,26,1998,20.6,3,0,0,12,12,14,35,0,4,,,0,Matches
112,Maximilian Eggestein,de GER,MF,Freiburg,27,1996,31.6,4,0,0,22,24,1,9,39,31,,,0,Matches
113,Hugo Ekitike,fr FRA,FW,Eintracht Frankfurt,22,2002,28.5,1,0,0,39,17,19,17,5,12,,,0,Matches
114,Elif Elmas,mk MKD,"FW,MF",RB Leipzig,24,1999,0.5,1,0,0,2,0,1,0,0,1,,,0,Matches
115,Nico Elvedi,ch SUI,DF,Gladbach,27,1996,23.7,1,0,0,9,15,1,1,27,24,,,1,Matches
116,Arne Engels,be BEL,FW,Augsburg,20,2003,0.9,1,0,0,3,1,0,4,0,0,,,0,Matches
117,Patrick Erras,de GER,DF,Holstein Kiel,29,1995,9.2,2,0,0,10,0,0,0,9,6,,,0,Matches
118,Samuel Essende,cd COD,FW,Augsburg,26,1998,18.2,4,2,0,45,34,13,5,1,6,,,0,Matches
119,Frank Feller,de GER,GK,Heidenheim,20,2004,1.3,0,0,0,0,0,0,0,0,0,,,0,Matches
120,Kilian Fischer,de GER,DF,Wolfsburg,23,2000,25.5,7,0,0,34,7,0,39,19,46,,,0,Matches
121,Jonas Föhrenbach,de GER,"DF,MF",Heidenheim,28,1996,20.4,3,0,0,13,4,1,58,15,24,,,0,Matches
122,Marco Friedl,at AUT,DF,Werder Bremen,26,1998,24,10,2,1,26,16,3,2,36,41,,,2,Matches
123,Marvin Friedrich,de GER,DF,Gladbach,28,1995,11,0,0,0,5,4,0,0,6,9,,,0,Matches
124,Jeremie Frimpong,nl NED,MF,Leverkusen,23,2000,25.7,4,0,0,20,31,9,113,8,24,,,0,Matches
125,Chris Führich,de GER,MF,Stuttgart,26,1998,22,1,0,0,9,6,1,83,7,11,,,0,Matches
Rk,Player,Nation,Pos,Squad,Age,Born,90s,CrdY,CrdR,2CrdY,Fls,Fld,Off,Crs,Int,TklW,PKwon,PKcon,OG,Matches
126,Shiō Fukuda,jp JPN,FW,Gladbach,20,2004,0.7,0,0,0,2,0,1,1,0,0,,,0,Matches
127,Cristian Gamboa,cr CRC,MF,Bochum,34,1989,2.5,1,0,0,1,3,0,6,2,3,,,0,Matches
128,Aleix García,es ESP,MF,Leverkusen,27,1997,16.2,3,0,0,8,9,1,93,14,9,,,0,Matches
129,Viggo Gebel,de GER,MF,RB Leipzig,16,2007,0.2,0,0,0,0,1,0,0,0,0,,,0,Matches
130,Lutsharel Geertruida,nl NED,DF,RB Leipzig,24,2000,17.3,2,0,0,17,6,1,13,16,24,,,0,Matches
131,Dennis Geiger,de GER,MF,Hoffenheim,26,1998,8.2,4,0,0,26,10,0,5,7,14,,,0,Matches
132,Valentin Gendrey,fr FRA,"DF,MF",Hoffenheim,24,2000,15.7,1,0,0,12,27,2,51,15,13,,,0,Matches
133,Yannick Gerhardt,de GER,"MF,DF",Wolfsburg,30,1994,16.9,5,1,0,20,13,2,23,16,14,,,0,Matches
134,Max Geschwill,de GER,DF,Holstein Kiel,23,2001,14.2,2,0,0,13,9,1,10,31,22,,,1,Matches
135,Dimitris Giannoulis,gr GRE,MF,Augsburg,28,1995,29.4,8,0,0,17,20,1,120,47,33,,,0,Matches
136,Armin Gigovic,ba BIH,MF,Holstein Kiel,22,2002,21.1,5,0,0,22,28,2,14,22,14,,,0,Matches
137,Benedikt Gimber,de GER,DF,Heidenheim,27,1997,29.7,9,0,0,63,49,1,3,32,47,,,0,Matches
138,Matthias Ginter,de GER,DF,Freiburg,30,1994,28.5,5,0,0,13,26,1,12,17,17,,,0,Matches
139,Jamie Gittens,eng ENG,MF,Dortmund,19,2004,19.7,4,0,0,25,44,3,49,10,17,,,0,Matches
140,Serge Gnabry,de GER,"MF,FW",Bayern Munich,29,1995,13.8,0,0,0,19,6,8,22,6,10,,,0,Matches
141,Tidiam Gomis,fr FRA,FW,RB Leipzig,17,2006,1.7,2,0,0,3,2,2,4,1,0,,,0,Matches
142,Leon Goretzka,de GER,MF,Bayern Munich,29,1995,14.7,2,0,0,12,11,0,6,17,9,,,0,Matches
143,Robin Gosens,de GER,MF,Union Berlin,30,1994,1,1,0,0,5,0,0,1,1,0,,,0,Matches
144,Mario Götze,de GER,MF,Eintracht Frankfurt,32,1992,17.1,1,0,0,15,15,1,39,7,28,,,0,Matches
145,Jeffrey Gouweleeuw,nl NED,DF,Augsburg,33,1991,32.7,9,0,0,22,13,2,17,39,31,,,0,Matches
146,Kamil Grabara,pl POL,GK,Wolfsburg,25,1999,28.7,2,0,0,0,3,0,0,0,0,,,0,Matches
147,Michael Gregoritsch,at AUT,FW,Freiburg,30,1994,7.1,2,0,0,7,5,4,1,1,2,,,0,Matches
148,Vincenzo Grifo,it ITA,MF,Freiburg,31,1993,27,2,0,0,15,12,2,157,8,21,,,0,Matches
149,Florian Grillitsch,at AUT,"MF,DF",Hoffenheim,28,1995,6.7,1,0,0,4,11,0,5,9,9,,,0,Matches
150,Álex Grimaldo,es ESP,MF,Leverkusen,28,1995,29.3,6,1,1,15,25,8,217,17,15,,,0,Matches
Rk,Player,Nation,Pos,Squad,Age,Born,90s,CrdY,CrdR,2CrdY,Fls,Fld,Off,Crs,Int,TklW,PKwon,PKcon,OG,Matches
151,Pascal Groß,de GER,"MF,DF",Dortmund,33,1991,25.9,5,1,0,18,12,0,178,9,29,,,0,Matches
152,Marco Grüll,at AUT,"FW,MF",Werder Bremen,26,1998,13.1,1,0,0,22,31,6,21,5,10,,,0,Matches
153,Raphaël Guerreiro,pt POR,"DF,MF",Bayern Munich,30,1993,17.5,2,0,0,9,7,0,27,10,14,,,0,Matches
154,Morgan Guilavogui,gn GUI,"FW,MF",St Pauli,26,1998,20.1,6,0,0,47,34,11,10,13,19,,,0,Matches
155,Serhou Guirassy,gn GUI,FW,Dortmund,28,1996,28.9,4,0,0,16,53,12,1,5,6,,,0,Matches
156,Péter Gulácsi,hu HUN,GK,RB Leipzig,34,1990,29.2,0,0,0,0,1,0,0,0,1,,,0,Matches
157,Robert Gumny,pl POL,MF,Augsburg,26,1998,3,2,0,0,4,4,0,4,1,3,,,0,Matches
158,Christian Günter,de GER,DF,Freiburg,31,1993,25.7,0,0,0,14,4,5,123,7,22,,,1,Matches
159,Janik Haberer,de GER,MF,Union Berlin,30,1994,18.8,1,0,0,21,15,3,15,18,28,,,0,Matches
160,Robin Hack,de GER,MF,Gladbach,25,1998,24.1,4,0,0,19,21,9,61,9,19,,,0,Matches
161,Amadou Haidara,ml MLI,MF,RB Leipzig,26,1998,14.7,7,0,0,23,8,0,12,18,17,,,0,Matches
162,Andreas Hanche-Olsen,no NOR,DF,Mainz 05,27,1997,14.3,4,1,1,20,8,0,1,11,14,,,0,Matches
163,Phil Harres,de GER,FW,Holstein Kiel,22,2002,17.2,3,0,0,35,20,5,6,4,9,,,0,Matches
164,Ramon Hendriks,nl NED,DF,Stuttgart,23,2001,12.8,3,0,0,12,14,0,12,15,11,,,0,Matches
165,Paul Hennrich,de GER,MF,Hoffenheim,19,2005,0.1,0,0,0,0,0,0,0,0,0,,,0,Matches
166,Benjamin Henrichs,de GER,"DF,MF",RB Leipzig,27,1997,10.4,3,0,0,13,9,0,19,15,16,,,0,Matches
167,Mario Hermoso,es ESP,DF,Leverkusen,29,1995,3.3,0,0,0,2,1,0,4,9,0,,,0,Matches
168,Piero Hincapié,ec ECU,DF,Leverkusen,22,2002,29.7,8,0,0,26,43,0,36,32,40,,,1,Matches
169,Adam Hložek,cz CZE,"FW,MF",Hoffenheim,22,2002,20.8,2,0,0,16,30,6,20,4,11,,,0,Matches
170,Nicolas Höfler,de GER,MF,Freiburg,34,1990,8.8,3,0,0,12,5,0,1,14,22,,,0,Matches
171,Jonas Hofmann,de GER,MF,Leverkusen,32,1992,4,1,0,0,1,9,0,5,0,0,,,0,Matches
172,Philipp Hofmann,de GER,FW,Bochum,31,1993,25.3,4,0,0,36,31,4,10,5,12,,,0,Matches
173,Lucas Höler,de GER,"FW,MF",Freiburg,30,1994,20.7,3,0,0,31,30,8,14,6,24,,,0,Matches
174,Benedict Hollerbach,de GER,"FW,MF",Union Berlin,23,2001,28.2,3,0,0,43,45,17,73,3,20,,,0,Matches
175,Lewis Holtby,de GER,MF,Holstein Kiel,33,1990,13.8,1,1,0,13,23,0,46,19,19,,,0,Matches
Rk,Player,Nation,Pos,Squad,Age,Born,90s,CrdY,CrdR,2CrdY,Fls,Fld,Off,Crs,Int,TklW,PKwon,PKcon,OG,Matches
176,Gerrit Holtmann,ph PHI,"MF,DF",Bochum,29,1995,12.6,2,0,0,26,7,4,90,16,18,,,0,Matches
177,Franck Honorat,fr FRA,MF,Gladbach,27,1996,16,0,0,0,7,5,8,123,5,6,,,0,Matches
178,Mathias Honsak,at AUT,"MF,FW",Heidenheim,27,1996,13.1,1,0,0,14,13,2,47,9,9,,,0,Matches
179,Timo Horn,de GER,GK,Bochum,31,1993,13,2,0,0,0,2,0,0,0,0,,,0,Matches
180,Lukáš Hrádecký,fi FIN,GK,Leverkusen,34,1989,29,1,0,0,0,2,0,0,0,0,,,0,Matches
181,Robin Hranáč,cz CZE,DF,Hoffenheim,24,2000,2.4,0,0,0,5,0,0,0,5,0,,,0,Matches
182,Hong Hyunseok,kr KOR,MF,Mainz 05,25,1999,5.9,0,0,0,3,8,1,4,7,3,,,0,Matches
183,Oscar Højlund,dk DEN,MF,Eintracht Frankfurt,19,2005,8,0,0,0,12,3,0,1,5,12,,,0,Matches
184,Arijon Ibrahimović,de GER,MF,Bayern Munich,18,2005,0,0,0,0,0,0,0,0,0,0,,,0,Matches
185,Andrej Ilic,rs SRB,FW,Union Berlin,24,2000,10.4,1,0,0,14,8,8,3,3,2,,,0,Matches
186,Jackson Irvine,au AUS,MF,St Pauli,31,1993,29,2,0,0,38,16,2,17,35,29,,,0,Matches
187,Ko Itakura,jp JPN,DF,Gladbach,27,1997,31,5,0,0,28,12,1,8,28,29,,,0,Matches
188,Hiroki Ito,jp JPN,DF,Bayern Munich,25,1999,2.8,1,0,0,2,3,0,2,4,0,,,0,Matches
189,Marko Ivezić,rs SRB,DF,Holstein Kiel,22,2001,18.4,5,0,0,27,5,1,2,26,18,,,0,Matches
190,Lee Jae-sung,kr KOR,MF,Mainz 05,31,1992,29.4,4,0,0,23,40,9,31,37,24,,,0,Matches
191,Kristijan Jakić,hr CRO,MF,Augsburg,27,1997,25.6,2,0,0,22,28,3,14,29,24,,,0,Matches
192,Luca Jaquez,ch SUI,DF,Stuttgart,21,2003,2.8,0,0,0,4,0,0,1,3,0,,,0,Matches
193,Dominik Javorček,sk SVK,"MF,DF",Holstein Kiel,21,2002,4.3,2,0,0,7,6,1,21,5,0,,,0,Matches
194,Finn Jeltsch,de GER,DF,Stuttgart,18,2006,8.7,2,0,0,7,5,0,3,13,14,,,0,Matches
195,Fredrik Jensen,fi FIN,"MF,FW",Augsburg,26,1997,8.5,0,0,0,5,5,3,21,5,7,,,0,Matches
196,Moritz Jenz,de GER,DF,Mainz 05,25,1999,17.8,4,0,0,27,6,1,0,29,23,,,0,Matches
197,Carl Johansson,se SWE,DF,Holstein Kiel,30,1994,6.3,0,1,0,5,4,0,0,11,2,,,0,Matches
198,Anthony Jung,de GER,DF,Werder Bremen,32,1991,21.1,1,0,0,9,15,2,4,26,21,,,0,Matches
199,Josip Juranović,hr CRO,"MF,DF",Union Berlin,28,1995,12.9,4,0,0,8,6,1,77,6,13,,,0,Matches
200,David Jurásek,cz CZE,"DF,MF",Hoffenheim,23,2000,6.9,0,0,0,1,2,1,55,7,3,,,0,Matches
Rk,Player,Nation,Pos,Squad,Age,Born,90s,CrdY,CrdR,2CrdY,Fls,Fld,Off,Crs,Int,TklW,PKwon,PKcon,OG,Matches
201,Yusuf Kabadayı,de GER,FW,Augsburg,20,2004,0.8,0,0,0,1,1,1,1,0,0,,,0,Matches
202,Almugera Kabar,de GER,DF,Dortmund,18,2006,1.5,2,1,1,2,2,0,1,1,3,,,0,Matches
203,Issa Kaboré,bf BFA,MF,Werder Bremen,23,2001,3.4,0,0,0,4,8,1,19,2,5,,,0,Matches
204,Pavel Kadeřábek,cz CZE,"MF,DF",Hoffenheim,32,1992,17.5,6,0,0,21,8,4,73,21,14,,,0,Matches
205,Jakub Kamiński,pl POL,"MF,DF",Wolfsburg,22,2002,12.6,2,0,0,10,3,0,52,11,9,,,1,Matches
206,Kevin Kampl,si SVN,MF,RB Leipzig,33,1990,17.7,5,0,0,20,7,1,29,22,20,,,0,Matches
207,Harry Kane,eng ENG,FW,Bayern Munich,31,1993,26.5,5,0,0,9,21,16,14,4,10,,,0,Matches
208,Atakan Karazor,tr TUR,MF,Stuttgart,27,1996,29.1,10,1,1,37,59,2,4,33,32,,,0,Matches
209,Mikkel Kaufmann,dk DEN,"FW,MF",Heidenheim,23,2001,4.1,2,0,0,5,14,0,2,2,4,,,0,Matches
210,Yannik Keitel,de GER,MF,Stuttgart,24,2000,3,1,0,0,2,6,0,2,4,6,,,0,Matches
211,Andu Kelati,de GER,MF,Holstein Kiel,21,2002,3.2,2,1,1,4,5,0,6,3,4,,,0,Matches
212,Thomas Keller,de GER,"MF,DF",Heidenheim,24,1999,1.6,2,0,0,6,4,0,0,4,5,,,0,Matches
213,Aljoscha Kemlein,de GER,MF,Union Berlin,19,2004,10.2,3,0,0,15,2,1,5,7,5,,,0,Matches
214,Luca Kerber,de GER,MF,Heidenheim,22,2002,8.7,4,0,0,22,8,0,3,5,16,,,0,Matches
215,Rani Khedira,de GER,MF,Union Berlin,30,1994,30.3,7,0,0,44,19,1,22,47,42,,,0,Matches
216,Joshua Kimmich,de GER,MF,Bayern Munich,29,1995,31.6,4,0,0,15,27,2,177,22,28,,,0,Matches
217,Tim Kleindienst,de GER,FW,Gladbach,28,1995,30.4,5,1,1,75,25,23,15,13,15,,,0,Matches
218,Lukas Klostermann,de GER,DF,RB Leipzig,28,1996,20.4,5,0,0,13,7,0,12,25,14,,,0,Matches
219,Ansgar Knauff,de GER,MF,Eintracht Frankfurt,22,2002,17.7,3,0,0,27,28,11,32,11,22,,,0,Matches
220,Magnus Knudsen,no NOR,MF,Holstein Kiel,23,2001,20.6,7,0,0,27,10,0,7,10,30,,,0,Matches
221,Gregor Kobel,ch SUI,GK,Dortmund,26,1997,32,1,0,0,0,2,0,0,2,0,,,0,Matches
222,Robin Koch,de GER,DF,Eintracht Frankfurt,28,1996,28.7,3,0,0,23,13,1,1,25,11,,,0,Matches
223,Derrick Köhn,gh GHA,"MF,DF",Werder Bremen,25,1999,14.9,2,0,0,14,19,4,56,11,12,,,0,Matches
224,Dominik Kohr,de GER,"DF,MF",Mainz 05,30,1994,25.5,11,1,0,46,36,1,14,42,46,,,0,Matches
225,Marco Komenda,hr CRO,DF,Holstein Kiel,27,1996,14.5,3,0,0,16,13,0,15,7,17,,,0,Matches
Rk,Player,Nation,Pos,Squad,Age,Born,90s,CrdY,CrdR,2CrdY,Fls,Fld,Off,Crs,Int,TklW,PKwon,PKcon,OG,Matches
226,Mert Kömür,de GER,MF,Augsburg,19,2005,7.3,1,0,0,7,12,3,26,2,2,,,0,Matches
227,Kacper Koscierski,de GER,DF,Bochum,17,2007,0.1,0,0,0,0,0,0,0,0,0,,,0,Matches
228,Henri Koudossou,de GER,MF,Augsburg,24,1999,8.3,1,0,0,7,5,2,24,14,9,,,0,Matches
229,Konstantinos Koulierakis,gr GRE,DF,Wolfsburg,20,2003,27.4,4,0,0,24,13,2,13,32,22,,,0,Matches
230,Matej Kovar,cz CZE,GK,Leverkusen,24,2000,5,0,0,0,0,1,0,0,0,0,,,0,Matches
231,Andrej Kramarić,hr CRO,MF,Hoffenheim,33,1991,30.7,4,0,0,12,28,9,116,9,8,,,0,Matches
232,Frans Krätzig,de GER,"MF,DF",Heidenheim,21,2003,13.5,1,0,0,7,4,4,38,18,18,,,0,Matches
233,Frans Krätzig,de GER,DF,Stuttgart,21,2003,0.6,0,0,0,1,0,0,1,0,1,,,0,Matches
234,Tom Krauß,de GER,MF,Bochum,23,2001,12,2,0,0,14,16,0,10,11,17,,,0,Matches
235,Rasmus Kristensen,dk DEN,"DF,MF",Eintracht Frankfurt,27,1997,27.9,4,0,0,25,12,0,60,20,37,,,0,Matches
236,Lukas Kübler,de GER,DF,Freiburg,31,1992,20.5,5,0,0,25,23,1,30,48,20,,,0,Matches
237,Jonah Kusi-Asare,se SWE,FW,Bayern Munich,17,2007,0,0,0,0,0,0,0,0,0,0,,,0,Matches
238,Moritz-Broni Kwarteng,gh GHA,MF,Bochum,26,1998,1.9,1,0,0,3,1,0,1,0,3,,,0,Matches
239,Nediljko Labrović,hr CRO,GK,Augsburg,24,1999,15,0,0,0,0,2,0,0,0,0,,,0,Matches
240,Konrad Laimer,at AUT,DF,Bayern Munich,27,1997,18.9,8,0,0,35,12,1,21,5,24,,,0,Matches
241,Stefan Lainer,at AUT,DF,Gladbach,31,1992,8.4,2,0,0,11,6,3,29,12,13,,,1,Matches
242,Hugo Larsson,se SWE,MF,Eintracht Frankfurt,20,2004,26.6,2,0,0,21,5,2,8,33,29,,,0,Matches
243,Diogo Leite,pt POR,DF,Union Berlin,25,1999,28.3,3,0,0,25,37,2,9,53,34,,,1,Matches
244,Maxim Leitsch,de GER,DF,Mainz 05,26,1998,7.5,2,0,0,10,4,0,3,8,4,,,0,Matches
245,Jamie Leweling,de GER,MF,Stuttgart,23,2001,18.5,4,0,0,17,29,4,57,11,7,,,0,Matches
246,Philipp Lienhart,at AUT,DF,Freiburg,28,1996,30.8,5,0,0,22,19,3,8,31,13,,,0,Matches
247,Marin Ljubicic,hr CRO,FW,Union Berlin,22,2002,3.1,1,0,0,9,8,1,1,0,1,,,0,Matches
248,Anthony Losilla,fr FRA,MF,Bochum,38,1986,12.6,1,0,0,18,9,1,4,18,15,,,0,Matches
249,Yannik Lührs,de GER,DF,Dortmund,20,2003,1.4,0,0,0,2,0,0,0,1,1,,,0,Matches
250,Castello Lukeba,fr FRA,DF,RB Leipzig,21,2002,17.5,2,0,0,12,15,0,11,18,18,,,0,Matches
Rk,Player,Nation,Pos,Squad,Age,Born,90s,CrdY,CrdR,2CrdY,Fls,Fld,Off,Crs,Int,TklW,PKwon,PKcon,OG,Matches
251,Senne Lynen,be BEL,MF,Werder Bremen,25,1999,30.4,9,0,0,39,25,0,5,64,38,,,0,Matches
252,Shuto Machino,jp JPN,"FW,MF",Holstein Kiel,24,1999,21.7,2,0,0,20,25,9,33,7,5,,,0,Matches
253,Arne Maier,de GER,MF,Augsburg,25,1999,10.4,0,1,0,9,7,0,68,6,6,,,0,Matches
254,Patrick Mainka,de GER,DF,Heidenheim,29,1994,34,3,0,0,17,21,2,5,65,32,,,0,Matches
255,Lovro Majer,hr CRO,MF,Wolfsburg,26,1998,3.4,1,0,0,6,6,0,16,1,2,,,0,Matches
256,Jordy Makengo,fr FRA,DF,Freiburg,22,2001,8.3,1,0,0,5,6,2,25,6,9,,,0,Matches
257,Jarzinho Malanga,de GER,MF,Stuttgart,18,2006,0,0,0,0,0,0,0,0,0,0,,,0,Matches
258,Julián Malatini,ar ARG,DF,Werder Bremen,23,2001,5,1,0,0,9,5,0,3,7,9,,,0,Matches
259,Donyell Malen,nl NED,MF,Dortmund,25,1999,6.8,1,0,0,2,7,3,13,3,0,,,0,Matches
260,Lennard Maloney,us USA,"MF,DF",Heidenheim,24,1999,8.4,1,0,0,11,4,1,0,13,13,,,0,Matches
261,Lennard Maloney,us USA,"DF,MF",Mainz 05,24,1999,0.3,1,0,0,2,0,0,0,0,1,,,0,Matches
262,Johan Manzambi,ch SUI,MF,Freiburg,18,2005,3.7,2,0,0,7,7,0,5,4,3,,,0,Matches
263,Omar Marmoush,eg EGY,"FW,MF",Eintracht Frankfurt,25,1999,16.1,2,0,0,9,55,7,78,4,9,,,0,Matches
264,Giorgos Masouras,gr GRE,FW,Bochum,30,1994,11.7,1,0,0,12,10,15,27,4,10,,,0,Matches
265,Erhan Mašović,rs SRB,"DF,MF",Bochum,25,1998,10.1,2,0,0,12,4,0,0,12,10,,,0,Matches
266,Igor Matanovic,hr CRO,FW,Eintracht Frankfurt,21,2003,3.5,0,0,0,6,11,1,0,1,0,,,0,Matches
267,Chrislain Matsima,fr FRA,DF,Augsburg,22,2002,28.3,4,0,0,11,10,1,3,50,21,,,1,Matches
268,Jean Mattéo Bahoya,fr FRA,MF,Eintracht Frankfurt,19,2005,10.2,3,0,0,9,7,2,31,3,19,,,0,Matches
269,Maurides,br BRA,FW,St Pauli,30,1994,0,0,0,0,0,0,0,0,0,0,,,0,Matches
270,Jakov Medić,hr CRO,DF,Bochum,25,1998,17.8,2,0,0,10,7,2,1,22,10,,,0,Matches
271,Connor Metcalfe,au AUS,"MF,FW",St Pauli,24,1999,4,2,1,1,5,4,0,7,3,0,,,0,Matches
272,Karol Mets,ee EST,DF,St Pauli,31,1993,10,1,0,0,7,5,0,3,11,8,,,0,Matches
273,Alexander Meyer,de GER,GK,Dortmund,33,1991,2,0,0,0,0,0,0,0,0,0,,,0,Matches
274,Florian Micheler,at AUT,MF,Hoffenheim,19,2005,0.4,1,0,0,1,0,0,0,0,0,,,0,Matches
275,Enzo Millot,fr FRA,MF,Stuttgart,22,2002,20.5,9,0,0,25,37,3,41,13,13,,,0,Matches
Rk,Player,Nation,Pos,Squad,Age,Born,90s,CrdY,CrdR,2CrdY,Fls,Fld,Off,Crs,Int,TklW,PKwon,PKcon,OG,Matches
276,Kim Min-jae,kr KOR,DF,Bayern Munich,27,1996,25.4,2,0,0,25,4,0,0,33,17,,,0,Matches
277,Maximilian Mittelstädt,de GER,"DF,MF",Stuttgart,27,1997,27.4,5,0,0,24,38,2,166,47,55,,,0,Matches
278,Koji Miyoshi,jp JPN,"MF,FW",Bochum,27,1997,5.2,0,1,0,10,4,2,9,2,5,,,0,Matches
279,Max Moerstedt,de GER,"FW,MF",Hoffenheim,18,2006,5,2,0,0,6,10,1,0,0,3,,,0,Matches
280,David Mokwa,fr FRA,FW,Hoffenheim,20,2004,0.2,0,0,0,1,0,0,0,0,0,,,0,Matches
281,Steve Mounié,bj BEN,MF,Augsburg,29,1994,3.9,2,0,0,9,5,1,3,1,4,,,0,Matches
282,Nordi Mukiele,fr FRA,"DF,MF",Leverkusen,26,1997,10,4,0,0,6,14,1,13,16,17,,,1,Matches
283,Florian Müller,de GER,GK,Freiburg,26,1997,8.4,0,0,0,0,1,0,0,0,0,,,0,Matches
284,Kevin Müller,de GER,GK,Heidenheim,33,1991,32.7,0,0,0,0,3,0,0,0,1,,,0,Matches
285,Marius Müller,de GER,GK,Wolfsburg,31,1993,5.3,0,0,0,0,0,0,0,0,0,,,0,Matches
286,Thomas Müller,de GER,"MF,FW",Bayern Munich,34,1989,13.6,3,0,0,14,12,3,46,2,6,,,0,Matches
287,Jamal Musiala,de GER,MF,Bayern Munich,21,2003,20,3,0,0,20,55,2,8,7,21,,,0,Matches
288,Florent Muslija,xk KVX,"FW,MF",Freiburg,26,1998,1.9,0,0,0,0,2,0,14,2,4,,,0,Matches
289,Phillipp Mwene,at AUT,MF,Mainz 05,30,1994,29,7,0,0,24,24,3,86,24,30,,,0,Matches
290,Joakim Mæhle,dk DEN,"DF,MF",Wolfsburg,27,1997,24.3,6,0,0,9,16,0,25,26,14,,,0,Matches
291,Nathan N'Goumou,cm CMR,MF,Gladbach,24,2000,9.2,0,0,0,7,12,7,21,4,11,,,0,Matches
292,Stanley N'Soki,fr FRA,DF,Hoffenheim,25,1999,14.5,3,1,0,12,6,0,1,28,18,,,2,Matches
293,Nikolas Nartey,dk DEN,MF,Stuttgart,24,2000,0.2,0,0,0,0,0,0,0,0,0,,,0,Matches
294,Paul Nebel,de GER,MF,Mainz 05,21,2002,26.1,5,1,1,37,38,5,111,14,27,,,0,Matches
295,Kosta Nedeljković,rs SRB,"DF,MF",RB Leipzig,18,2005,5.3,1,0,0,7,1,1,17,2,8,,,0,Matches
296,Ivan Nekić,hr CRO,DF,Holstein Kiel,23,2000,0.8,0,0,0,1,0,0,0,3,1,,,0,Matches
297,David Nemeth,at AUT,DF,St Pauli,23,2001,23.7,3,0,0,21,14,0,7,18,29,,,0,Matches
298,Luca Netz,de GER,DF,Gladbach,21,2003,10.8,2,0,0,8,6,1,16,10,14,,,0,Matches
299,Manuel Neuer,de GER,GK,Bayern Munich,38,1986,22,0,0,0,0,1,0,0,0,0,,,0,Matches
300,Florian Neuhaus,de GER,MF,Gladbach,27,1997,4.2,1,0,0,4,7,0,8,6,3,,,0,Matches
Rk,Player,Nation,Pos,Squad,Age,Born,90s,CrdY,CrdR,2CrdY,Fls,Fld,Off,Crs,Int,TklW,PKwon,PKcon,OG,Matches
301,Moritz Nicolas,de GER,GK,Gladbach,26,1997,18.2,0,0,0,0,0,0,0,1,0,,,0,Matches
302,Julian Niehues,de GER,MF,Heidenheim,23,2001,1.7,1,0,0,1,2,0,0,0,1,,,0,Matches
303,Justin Njinmah,de GER,"FW,MF",Werder Bremen,23,2000,10.6,1,0,0,7,17,12,19,4,1,,,0,Matches
304,Niels Nkounkou,fr FRA,"MF,DF",Eintracht Frankfurt,23,2000,4.2,1,0,0,5,2,0,23,9,9,,,0,Matches
305,Felix Nmecha,de GER,MF,Dortmund,23,2000,16.8,3,0,0,22,26,0,6,24,21,,,0,Matches
306,Lukas Nmecha,de GER,FW,Wolfsburg,25,1998,5.2,1,0,0,7,15,0,6,2,0,,,0,Matches
307,Arnaud Nordin,fr FRA,"FW,MF",Mainz 05,26,1998,0.9,0,0,0,1,3,0,9,0,0,,,0,Matches
308,Alexander Nübel,de GER,GK,Stuttgart,27,1996,34,0,0,0,0,4,0,0,0,0,,,0,Matches
309,Antonio Nusa,no NOR,"MF,DF",RB Leipzig,19,2005,17.3,0,0,0,14,28,9,35,8,17,,,0,Matches
310,David Odogu,de GER,DF,Wolfsburg,18,2006,2.2,0,0,0,2,0,1,0,2,4,,,0,Matches
311,Tim Oermann,de GER,DF,Bochum,20,2003,24.6,0,0,0,16,8,0,14,24,30,,,0,Matches
312,Ifechukwu Ogbus,ch SUI,DF,Freiburg,18,2005,0.2,0,0,0,1,0,0,0,1,1,,,0,Matches
313,Finn Ole Becker,de GER,MF,Hoffenheim,24,2000,7.4,1,0,0,5,7,0,8,9,5,,,0,Matches
314,Michael Olise,fr FRA,MF,Bayern Munich,22,2001,25.9,3,0,0,22,66,5,134,8,20,,,0,Matches
315,Jonas Omlin,ch SUI,GK,Gladbach,30,1994,10.9,0,1,0,1,1,0,0,0,0,,,0,Matches
316,Karim Onisiwo,at AUT,MF,Mainz 05,32,1992,1.2,0,0,0,3,2,1,2,0,0,,,0,Matches
317,Frank Onyeka,ng NGA,MF,Augsburg,26,1998,28.7,8,0,0,47,74,3,20,37,46,,,0,Matches
318,Loïs Openda,be BEL,FW,RB Leipzig,24,2000,27.3,5,1,1,29,77,27,27,5,4,,,0,Matches
319,Gift Orban,ng NGA,FW,Hoffenheim,22,2002,7.6,2,0,0,15,7,8,6,0,1,,,0,Matches
320,Willi Orban,hu HUN,DF,RB Leipzig,31,1992,24.7,4,2,0,23,14,4,5,20,24,,,0,Matches
321,Ivan Ordets,ua UKR,DF,Bochum,32,1992,20.7,6,0,0,22,19,2,1,43,8,,,0,Matches
322,Patrick Osterhage,de GER,MF,Freiburg,24,2000,25.2,6,1,1,25,22,5,21,22,29,,,0,Matches
323,Assan Ouedraogo,de GER,MF,RB Leipzig,18,2006,0.6,0,0,0,1,3,0,1,0,0,,,0,Matches
324,Salih Özcan,tr TUR,MF,Wolfsburg,26,1998,3.9,0,0,0,5,6,0,8,7,2,,,0,Matches
325,Salih Özcan,tr TUR,MF,Dortmund,26,1998,4.3,0,0,0,11,7,1,2,10,6,,,0,Matches
Rk,Player,Nation,Pos,Squad,Age,Born,90s,CrdY,CrdR,2CrdY,Fls,Fld,Off,Crs,Int,TklW,PKwon,PKcon,OG,Matches
326,Exequiel Palacios,ar ARG,MF,Leverkusen,25,1998,12.8,2,0,0,9,18,1,4,12,15,,,0,Matches
327,João Palhinha,pt POR,MF,Bayern Munich,29,1995,7.5,2,1,0,13,10,0,2,4,14,,,0,Matches
328,Mats Pannewig,de GER,MF,Bochum,19,2004,3,1,0,0,5,1,0,3,2,7,,,0,Matches
329,Kevin Paredes,us USA,MF,Wolfsburg,21,2003,1.4,1,0,0,1,4,0,1,1,2,,,0,Matches
330,Felix Passlack,de GER,"MF,DF",Bochum,26,1998,25.9,4,0,0,28,21,2,111,19,24,,,0,Matches
331,Aleksandar Pavlovic,de GER,MF,Bayern Munich,20,2004,16.1,2,0,0,17,9,0,5,6,22,,,0,Matches
332,Mads Pedersen,dk DEN,DF,Augsburg,27,1996,2.6,0,0,0,5,1,1,5,2,7,,,0,Matches
333,Jordan Pefok,us USA,FW,Union Berlin,28,1996,10.1,2,0,0,22,15,7,0,4,6,,,0,Matches
334,Daniel Peretz,il ISR,GK,Bayern Munich,24,2000,3,1,0,0,0,2,0,0,0,0,,,0,Matches
335,Noah Pesch,hr CRO,FW,Gladbach,19,2005,0.1,0,0,0,1,0,0,0,0,0,,,0,Matches
336,Luca Philipp,de GER,GK,Hoffenheim,23,2000,6,0,0,0,0,0,0,0,0,0,,,0,Matches
337,Maximilian Philipp,de GER,"FW,MF",Freiburg,30,1994,0.2,0,0,0,0,0,0,0,0,0,,,0,Matches
338,Benedikt Pichler,at AUT,FW,Holstein Kiel,27,1997,8.7,1,0,0,14,16,13,10,2,3,,,0,Matches
339,Amos Pieper,de GER,DF,Werder Bremen,26,1998,16.6,3,0,0,11,11,0,4,23,17,,,0,Matches
340,Marvin Pieringer,de GER,FW,Heidenheim,24,1999,24.5,7,0,0,50,46,15,11,8,11,,,0,Matches
341,Alassane Pléa,fr FRA,MF,Gladbach,31,1993,21.1,3,0,0,18,33,8,44,1,4,,,0,Matches
342,Finn Porath,de GER,MF,Holstein Kiel,27,1997,21.9,3,0,0,31,37,0,84,19,27,,,0,Matches
343,Yussuf Poulsen,dk DEN,"MF,FW",RB Leipzig,30,1994,4.2,1,0,0,8,14,1,2,0,5,,,0,Matches
344,Alexander Prass,at AUT,"MF,DF",Hoffenheim,23,2001,17.4,1,0,0,17,25,0,55,11,24,,,0,Matches
345,David Preu,de GER,MF,Union Berlin,19,2004,1.3,1,0,0,1,1,1,4,0,0,,,0,Matches
346,Grischa Prömel,de GER,MF,Hoffenheim,29,1995,1.9,0,0,0,0,3,0,2,1,0,,,0,Matches
347,Ivan Prtajin,hr CRO,FW,Union Berlin,28,1996,1.8,0,0,0,1,1,2,3,0,2,,,0,Matches
348,Tymoteusz Puchacz,pl POL,MF,Holstein Kiel,25,1999,4.4,0,0,0,2,7,1,38,3,5,,,0,Matches
349,Leopold Querfeld,at AUT,DF,Union Berlin,20,2003,19.4,8,0,0,20,13,0,1,17,15,,,0,Matches
350,Grant Ranos,am ARM,FW,Gladbach,21,2003,0.2,1,0,0,1,0,0,0,0,0,,,0,Matches
Rk,Player,Nation,Pos,Squad,Age,Born,90s,CrdY,CrdR,2CrdY,Fls,Fld,Off,Crs,Int,TklW,PKwon,PKcon,OG,Matches
351,David Raum,de GER,"MF,DF",RB Leipzig,26,1998,19.8,5,0,0,23,10,6,188,10,28,,,0,Matches
352,Rocco Reitz,de GER,MF,Gladbach,22,2002,20.3,1,0,0,19,38,0,23,54,24,,,0,Matches
353,Nicolai Remberg,de GER,MF,Holstein Kiel,24,2000,26.9,11,0,0,43,45,2,8,29,24,,,2,Matches
354,Elvis Rexhbeçaj,xk KVX,MF,Augsburg,26,1997,19.8,8,0,0,13,42,1,70,16,19,,,0,Matches
355,Gio Reyna,us USA,MF,Dortmund,21,2002,3.9,3,0,0,8,3,0,15,0,0,,,0,Matches
356,Fabian Rieder,ch SUI,MF,Stuttgart,22,2002,9.6,1,0,0,14,11,0,40,11,15,,,0,Matches
357,Lasse Rieß,de GER,GK,Mainz 05,23,2001,2,0,0,0,0,0,0,0,0,0,,,0,Matches
358,Lars Ritzka,de GER,"MF,DF",St Pauli,26,1998,10.2,1,0,0,10,6,1,19,10,28,,,0,Matches
359,Mads Roerslev,dk DEN,DF,Wolfsburg,25,1999,3.3,0,0,0,2,3,0,7,5,8,,,0,Matches
360,Merlin Röhl,de GER,MF,Freiburg,22,2002,10.7,2,0,0,22,19,0,12,4,9,,,0,Matches
361,Lasse Rosenboom,de GER,MF,Holstein Kiel,22,2002,19.3,3,0,0,19,12,0,18,19,35,,,0,Matches
362,Max Rosenfelder,de GER,DF,Freiburg,21,2003,13.9,2,0,0,8,14,1,9,8,17,,,0,Matches
363,Tom Rothe,de GER,"MF,DF",Union Berlin,19,2004,18.6,4,1,0,25,11,2,46,18,30,,,0,Matches
364,Anthony Rouault,fr FRA,DF,Stuttgart,23,2001,13.5,1,0,0,19,8,0,1,17,11,,,0,Matches
365,Jérôme Roussillon,fr FRA,DF,Union Berlin,31,1993,1.5,0,0,0,1,3,0,10,2,0,,,0,Matches
366,Julian Ryerson,no NOR,"DF,MF",Dortmund,26,1997,25.1,6,1,1,31,23,0,111,23,28,,,0,Matches
367,Frederik Rønnow,dk DEN,GK,Union Berlin,31,1992,28,2,0,0,0,4,0,0,0,0,,,0,Matches
368,Elias Saad,tn TUN,"FW,MF",St Pauli,24,1999,10,1,0,0,17,24,7,14,4,14,,,0,Matches
369,Marcel Sabitzer,at AUT,MF,Dortmund,30,1994,18,3,0,0,12,9,0,23,10,19,,,0,Matches
370,Faik Sakar,de GER,MF,RB Leipzig,16,2008,0,0,0,0,0,0,0,0,0,0,,,0,Matches
371,Manolis Saliakas,gr GRE,MF,St Pauli,27,1996,25.7,4,0,0,16,15,0,83,16,23,,,0,Matches
372,Roland Sallai,hu HUN,"DF,FW",Freiburg,27,1997,0.5,0,0,0,0,1,0,4,1,1,,,0,Matches
373,Diadie Samassékou,ml MLI,MF,Hoffenheim,28,1996,3.2,0,0,0,5,4,0,0,5,6,,,0,Matches
374,Philipp Sander,de GER,MF,Gladbach,26,1998,15.6,2,0,0,16,7,0,22,22,17,,,0,Matches
375,James Sands,us USA,MF,St Pauli,24,2000,5,1,0,0,11,5,1,2,6,7,,,0,Matches
Rk,Player,Nation,Pos,Squad,Age,Born,90s,CrdY,CrdR,2CrdY,Fls,Fld,Off,Crs,Int,TklW,PKwon,PKcon,OG,Matches
376,Leroy Sané,de GER,MF,Bayern Munich,28,1996,18.2,2,0,0,16,25,6,50,7,14,,,0,Matches
377,Kaishu Sano,jp JPN,MF,Mainz 05,23,2000,33.8,3,0,0,16,33,2,11,63,33,,,0,Matches
378,Kauã Santos,br BRA,GK,Eintracht Frankfurt,21,2003,8.5,0,0,0,0,2,0,0,0,0,,,1,Matches
379,Joe Scally,us USA,DF,Gladbach,21,2002,28.6,6,0,0,23,47,1,49,18,32,,,0,Matches
380,András Schäfer,hu HUN,MF,Union Berlin,25,1999,17,3,0,0,27,33,0,17,24,25,,,0,Matches
381,Patrik Schick,cz CZE,FW,Leverkusen,28,1996,18.7,4,0,0,23,23,7,1,4,5,,,0,Matches
382,Stefan Schimmer,de GER,FW,Heidenheim,30,1994,2.7,1,0,0,2,1,2,2,0,0,,,0,Matches
383,Xaver Schlager,at AUT,MF,RB Leipzig,26,1997,2,1,0,0,4,3,0,1,0,1,,,0,Matches
384,Keven Schlotterbeck,de GER,DF,Augsburg,27,1997,14.4,4,1,1,10,11,1,3,18,17,,,0,Matches
385,Nico Schlotterbeck,de GER,DF,Dortmund,24,1999,22,7,2,1,18,19,0,14,15,25,,,0,Matches
386,Romano Schmid,at AUT,MF,Werder Bremen,24,2000,31.5,4,0,0,28,42,3,143,12,25,,,0,Matches
387,Jan Schöppner,de GER,MF,Heidenheim,25,1999,29.8,8,0,0,31,20,2,12,43,31,,,0,Matches
388,Marvin Schulz,de GER,"DF,MF",Holstein Kiel,29,1995,3.4,3,0,0,6,1,0,12,0,4,,,0,Matches
389,Alexander Schwolow,de GER,GK,Union Berlin,32,1992,6,0,0,0,0,0,0,0,0,0,,,0,Matches
390,Léo Scienza,br BRA,"MF,FW",Heidenheim,25,1998,12.8,1,0,0,16,63,5,81,5,11,,,0,Matches
391,Nicolas Seiwald,at AUT,"MF,DF",RB Leipzig,23,2001,23.2,2,0,0,27,2,0,46,31,32,,,0,Matches
392,Benjamin Šeško,si SVN,"FW,MF",RB Leipzig,21,2003,26.4,2,1,1,26,20,18,7,4,3,,,0,Matches
393,Armindo Sieb,de GER,"MF,FW",Mainz 05,21,2003,8.5,2,0,0,13,13,10,6,1,5,,,0,Matches
394,Tim Siersleben,de GER,DF,Heidenheim,24,2000,13.1,4,0,0,16,7,0,10,20,14,,,0,Matches
395,Kiliann Sildillia,fr FRA,DF,Freiburg,22,2002,8.9,2,0,0,10,9,1,19,10,9,,,0,Matches
396,André Silva,pt POR,FW,Werder Bremen,28,1995,4.2,1,0,0,4,7,2,2,0,2,,,0,Matches
397,André Silva,pt POR,FW,RB Leipzig,28,1995,1.5,0,0,0,0,2,0,0,0,1,,,0,Matches
398,Mohamed Simakan,fr FRA,DF,RB Leipzig,24,2000,0.6,0,0,0,0,1,0,1,2,0,,,0,Matches
399,Xavi Simons,nl NED,MF,RB Leipzig,21,2003,23.9,5,0,0,24,56,5,80,13,22,,,0,Matches
400,Danel Sinani,lu LUX,"FW,MF",St Pauli,27,1997,13.9,3,0,0,25,14,4,70,2,11,,,0,Matches
Rk,Player,Nation,Pos,Squad,Age,Born,90s,CrdY,CrdR,2CrdY,Fls,Fld,Off,Crs,Int,TklW,PKwon,PKcon,OG,Matches
401,Tobias Sippel,de GER,GK,Gladbach,36,1988,0.7,0,0,0,0,0,0,0,0,0,,,0,Matches
402,Ibrahima Sissoko,ml MLI,MF,Bochum,26,1997,29,11,1,1,76,29,2,21,33,40,,,0,Matches
403,Tim Skarke,de GER,"FW,MF",Union Berlin,27,1996,12.9,1,0,0,10,15,10,28,5,12,,,0,Matches
404,Ellyes Skhiri,tn TUN,MF,Eintracht Frankfurt,29,1995,24.8,6,0,0,21,19,2,3,34,24,,,0,Matches
405,Leo Skiri Østigård,no NOR,DF,Hoffenheim,24,1999,10.3,0,1,0,18,5,1,2,10,7,,,1,Matches
406,Andreas Skov Olsen,dk DEN,"MF,FW",Wolfsburg,24,1999,5.9,0,0,0,2,3,2,29,2,7,,,0,Matches
407,Robert Skov,dk DEN,"MF,DF",Union Berlin,28,1996,9.5,1,0,0,14,10,1,62,9,10,,,0,Matches
408,Steven Skrzybski,de GER,"FW,MF",Holstein Kiel,31,1992,14.7,0,0,0,16,22,2,30,13,8,,,0,Matches
409,Eric Smith,se SWE,"DF,MF",St Pauli,27,1997,31.4,7,0,0,27,24,3,100,37,27,,,0,Matches
410,Anton Stach,de GER,"MF,DF",Hoffenheim,25,1998,28.7,8,0,0,39,34,0,23,49,47,,,0,Matches
411,Jens Stage,dk DEN,MF,Werder Bremen,27,1996,24.5,10,0,0,37,30,4,24,18,29,,,0,Matches
412,Josip Stanišić,hr CRO,DF,Bayern Munich,24,2000,9.7,0,0,0,2,4,0,11,5,11,,,0,Matches
413,Niklas Stark,de GER,DF,Werder Bremen,29,1995,23.4,6,1,1,30,28,2,4,36,24,,,0,Matches
414,Pascal Stenzel,de GER,DF,Stuttgart,28,1996,3.2,0,0,0,4,2,0,27,2,2,,,0,Matches
415,Leonidas Stergiou,ch SUI,DF,Stuttgart,22,2002,9.5,0,1,0,6,0,1,14,14,11,,,0,Matches
416,Finley Stevens,wls WAL,DF,St Pauli,21,2003,0,0,0,0,0,0,0,0,0,0,,,0,Matches
417,Angelo Stiller,de GER,MF,Stuttgart,23,2001,30.5,6,0,0,21,48,1,94,26,26,,,1,Matches
418,Kevin Stöger,at AUT,MF,Gladbach,30,1993,17.2,3,0,0,22,40,1,114,14,20,,,0,Matches
419,Niklas Süle,de GER,DF,Dortmund,28,1995,11.7,1,0,0,5,2,0,1,3,12,,,0,Matches
420,Mattias Svanberg,se SWE,MF,Wolfsburg,25,1999,13.5,4,0,0,16,22,0,34,15,10,,,0,Matches
421,Daniel Svensson,se SWE,"MF,DF",Dortmund,22,2002,8.7,0,0,0,4,7,1,36,5,11,,,0,Matches
422,Haris Tabakovic,ba BIH,FW,Hoffenheim,30,1994,9.1,0,0,0,15,8,11,4,1,0,,,0,Matches
423,Jonathan Tah,de GER,DF,Leverkusen,28,1996,33,3,0,0,16,5,0,7,37,14,,,0,Matches
424,Edmond Tapsoba,bf BFA,DF,Leverkusen,25,1999,27.9,4,0,0,34,6,1,8,24,21,,,1,Matches
425,Mathys Tel,fr FRA,MF,Bayern Munich,19,2005,2.8,0,0,0,5,6,1,5,1,1,,,0,Matches
Rk,Player,Nation,Pos,Squad,Age,Born,90s,CrdY,CrdR,2CrdY,Fls,Fld,Off,Crs,Int,TklW,PKwon,PKcon,OG,Matches
426,Nathan Tella,ng NGA,"MF,FW",Leverkusen,25,1999,15.1,1,0,0,22,32,10,25,5,11,,,0,Matches
427,Martin Terrier,fr FRA,"MF,FW",Leverkusen,27,1997,6.5,1,0,0,2,9,2,5,1,2,,,0,Matches
428,Arthur Theate,be BEL,DF,Eintracht Frankfurt,24,2000,30,6,1,1,14,23,1,26,36,24,,,0,Matches
429,Norman Theuerkauf,de GER,"DF,MF",Heidenheim,37,1987,0.2,0,0,0,1,0,0,0,0,0,,,0,Matches
430,Denis Thomalla,de GER,"FW,MF",Heidenheim,31,1992,0,0,0,0,0,0,0,0,0,0,,,0,Matches
431,Phillip Tietz,de GER,FW,Augsburg,27,1997,18.7,4,0,0,36,12,15,2,5,6,,,0,Matches
432,Umut Tohumcu,de GER,MF,Hoffenheim,19,2004,4.2,3,0,0,6,6,0,8,3,6,,,0,Matches
433,John Tolkin,us USA,"MF,DF",Holstein Kiel,22,2002,8.2,0,0,0,2,9,0,37,8,11,,,0,Matches
434,Tiago Tomás,pt POR,"MF,FW",Wolfsburg,22,2002,20.9,7,0,0,30,50,6,21,10,19,,,0,Matches
435,Keke Topp,de GER,FW,Werder Bremen,20,2004,2.8,1,0,0,8,6,2,6,1,1,,,0,Matches
436,Bazoumana Touré,ci CIV,"MF,FW",Hoffenheim,18,2006,6.8,1,0,0,13,3,7,25,3,10,,,0,Matches
437,Lucas Tousart,fr FRA,MF,Union Berlin,27,1997,6.2,2,0,0,11,6,0,2,6,9,,,0,Matches
438,Omar Traoré,de GER,"DF,MF",Heidenheim,26,1998,29.1,7,0,0,23,37,1,107,21,28,,,0,Matches
439,Kevin Trapp,de GER,GK,Eintracht Frankfurt,34,1990,25.5,0,0,0,0,1,0,0,0,0,,,0,Matches
440,Philipp Treu,de GER,MF,St Pauli,23,2000,32,2,0,0,20,36,2,59,22,43,,,1,Matches
441,Christopher Trimmel,at AUT,"MF,DF",Union Berlin,37,1987,19.3,5,0,0,14,5,1,109,17,24,,,0,Matches
442,Tuta,br BRA,"DF,MF",Eintracht Frankfurt,25,1999,25.3,8,0,0,30,9,0,2,42,26,,,1,Matches
443,Lukas Ullrich,de GER,DF,Gladbach,20,2004,21.1,4,0,0,22,17,0,47,20,15,,,0,Matches
444,Sven Ulreich,de GER,GK,Bayern Munich,35,1988,1,0,0,0,0,0,0,0,0,0,,,0,Matches
445,Deniz Undav,de GER,"FW,MF",Stuttgart,28,1996,19.2,4,0,0,25,22,12,11,2,10,,,0,Matches
446,Dayot Upamecano,fr FRA,DF,Bayern Munich,25,1998,19.5,6,0,0,20,11,0,6,31,25,,,0,Matches
447,Jonas Urbig,de GER,GK,Bayern Munich,20,2003,8,0,0,0,0,0,0,0,0,0,,,0,Matches
448,Can Uzun,tr TUR,MF,Eintracht Frankfurt,18,2005,7.5,1,0,0,8,16,0,17,1,3,,,0,Matches
449,Josha Vagnoman,de GER,"DF,MF",Stuttgart,23,2000,20.4,4,0,0,18,20,0,44,14,13,,,0,Matches
450,Siebe Van Der Heyden,be BEL,"DF,MF",St Pauli,26,1998,9.7,4,1,1,16,9,0,18,15,10,,,0,Matches
Rk,Player,Nation,Pos,Squad,Age,Born,90s,CrdY,CrdR,2CrdY,Fls,Fld,Off,Crs,Int,TklW,PKwon,PKcon,OG,Matches
451,Maarten Vandevoordt,be BEL,GK,RB Leipzig,22,2002,4.8,0,0,0,0,0,0,0,0,0,,,0,Matches
452,Ruben Vargas,ch SUI,MF,Augsburg,25,1998,3.4,3,0,0,5,3,0,14,2,1,,,0,Matches
453,Nikola Vasilj,ba BIH,GK,St Pauli,28,1995,33,2,1,1,1,1,0,0,0,0,,,0,Matches
454,Denis Vavro,sk SVK,DF,Wolfsburg,28,1996,27.3,4,0,0,7,5,0,8,36,13,,,0,Matches
455,Miloš Veljković,rs SRB,DF,Werder Bremen,28,1995,11.4,1,0,0,5,3,2,9,3,5,,,0,Matches
456,Nikolas Veratschnig,at AUT,MF,Mainz 05,21,2003,4,1,0,0,9,6,4,7,4,7,,,0,Matches
457,Arthur Vermeeren,be BEL,MF,RB Leipzig,19,2005,17.5,7,0,0,22,1,0,3,23,20,,,0,Matches
458,Yorbe Vertessen,be BEL,"MF,FW",Union Berlin,23,2001,8,2,0,0,14,17,2,23,3,4,,,0,Matches
459,Gabriel Vidovic,hr CRO,MF,Bayern Munich,20,2003,0.3,0,0,0,0,1,0,0,0,0,,,0,Matches
460,Gabriel Vidovic,hr CRO,MF,Mainz 05,20,2003,0,0,0,0,0,1,0,0,0,0,,,0,Matches
461,Kevin Vogt,de GER,DF,Union Berlin,32,1991,15.2,6,0,0,10,7,0,0,9,7,,,0,Matches
462,Kevin Volland,de GER,"FW,MF",Union Berlin,32,1992,0.7,1,0,0,3,0,0,0,0,0,,,0,Matches
463,Aster Vranckx,be BEL,MF,Wolfsburg,21,2002,6.2,1,0,0,12,11,0,3,10,6,,,0,Matches
464,Robert Wagner,de GER,MF,St Pauli,21,2003,4.5,1,0,0,6,5,0,2,2,4,,,0,Matches
465,Elye Wahi,fr FRA,FW,Eintracht Frankfurt,21,2003,2.2,1,0,0,2,3,4,5,0,0,,,0,Matches
466,Hauke Wahl,de GER,DF,St Pauli,30,1994,33,1,0,0,13,15,2,8,29,29,,,0,Matches
467,Paul Wanner,de GER,"MF,FW",Heidenheim,18,2005,19.7,2,0,0,23,18,1,54,3,28,,,0,Matches
468,Kjell-Arik Wätjen,de GER,MF,Dortmund,18,2006,0.2,0,0,0,0,1,0,0,0,0,,,0,Matches
469,Julian Weigl,de GER,MF,Gladbach,28,1995,32,8,0,0,23,24,0,10,51,26,,,0,Matches
470,Timon Weiner,de GER,GK,Holstein Kiel,25,1999,25,4,0,0,2,3,0,0,0,0,,,0,Matches
471,Nelson Weiper,de GER,FW,Mainz 05,19,2005,7.8,2,0,0,19,0,7,6,2,4,,,0,Matches
472,Mitchell Weiser,de GER,MF,Werder Bremen,30,1994,31.9,9,1,1,30,45,1,80,22,42,,,0,Matches
473,Noah Weißhaupt,de GER,"FW,MF",St Pauli,22,2001,12.9,0,0,0,10,42,6,72,1,6,,,0,Matches
474,Noah Weißhaupt,de GER,"FW,MF",Freiburg,22,2001,0.9,0,0,0,1,6,0,8,0,0,,,0,Matches
475,Silvan Widmer,ch SUI,MF,Mainz 05,31,1993,5.6,3,0,0,5,4,2,12,5,5,,,0,Matches
Rk,Player,Nation,Pos,Squad,Age,Born,90s,CrdY,CrdR,2CrdY,Fls,Fld,Off,Crs,Int,TklW,PKwon,PKcon,OG,Matches
476,Patrick Wimmer,at AUT,"MF,FW",Wolfsburg,23,2001,19.7,5,1,0,35,40,6,44,34,33,,,0,Matches
477,Jonas Wind,dk DEN,"FW,MF",Wolfsburg,25,1999,21.8,2,0,0,15,40,4,7,6,6,,,0,Matches
478,Florian Wirtz,de GER,MF,Leverkusen,21,2003,26.1,3,0,0,22,39,11,102,9,22,,,0,Matches
479,Dani de Wit,nl NED,"MF,FW",Bochum,26,1998,12.8,1,0,0,24,12,8,8,12,18,,,0,Matches
480,Maximilian Wittek,de GER,"DF,MF",Bochum,28,1995,30.1,8,0,0,34,34,0,166,26,40,,,0,Matches
481,Marius Wolf,de GER,MF,Augsburg,29,1995,23.8,2,0,0,19,14,4,113,26,15,,,0,Matches
482,Nick Woltemade,de GER,"FW,MF",Stuttgart,22,2002,18,5,1,1,24,35,6,6,1,6,,,0,Matches
483,Jeong Woo-yeong,kr KOR,"MF,FW",Union Berlin,24,1999,14,2,0,0,16,15,4,37,11,7,,,0,Matches
484,Granit Xhaka,ch SUI,MF,Leverkusen,31,1992,32.1,3,0,0,34,34,0,30,11,27,,,1,Matches
485,Erencan Yardimci,tr TUR,FW,Hoffenheim,22,2002,3.5,2,0,0,8,5,5,1,1,3,,,0,Matches
486,Dan-Axel Zagadou,fr FRA,DF,Stuttgart,25,1999,0.3,1,0,0,1,0,0,0,1,0,,,0,Matches
487,David Zec,si SVN,DF,Holstein Kiel,24,2000,17.1,5,0,0,21,8,3,1,14,10,,,0,Matches
488,Robin Zentner,de GER,GK,Mainz 05,29,1994,32,3,0,0,1,2,0,0,0,1,,,0,Matches
489,Cedric Zesiger,ch SUI,DF,Augsburg,26,1998,13.6,7,1,1,15,7,0,12,20,7,,,0,Matches
490,Cedric Zesiger,ch SUI,DF,Wolfsburg,26,1998,5.8,4,0,0,14,5,0,3,5,9,,,0,Matches
491,Michael Zetterer,de GER,GK,Werder Bremen,29,1995,34,2,0,0,0,6,0,0,1,0,,,0,Matches
492,Budu Zivzivadze,ge GEO,FW,Heidenheim,30,1994,10.6,0,0,0,9,15,6,5,2,11,,,0,Matches
