,,,,,,,,Standard,,,,,,,,,,,,,,,,,,
Rk,Player,Nation,Pos,Squad,Age,Born,90s,Gls,Sh,SoT,SoT%,Sh/90,SoT/90,G/Sh,G/SoT,PK,PKatt,Matches,,,,,,,,
1,Brenden Aaronson,us USA,MF,Leeds United,23,2000,39.5,9,86,28,32.6,2.18,0.71,0.1,0.32,0,0,Matches,,,,,,,,
2,Thelo Aasgaard,no NOR,"MF,FW",Luton Town,22,2002,16.8,2,38,11,28.9,2.26,0.65,0.05,0.18,0,0,Matches,,,,,,,,
3,James Abankwah,ie IRL,DF,Watford,20,2004,15.4,0,4,1,25,0.26,0.07,0,0,0,0,Matches,,,,,,,,
4,Salis Abdul Samed,gh GHA,MF,Sunderland,24,2000,3.1,0,0,0,,0,0,,,0,0,Matches,,,,,,,,
5,Azeem Abdulai,sct SCO,MF,Swansea City,21,2002,3.9,1,2,1,50,0.52,0.26,0.5,1,0,0,Matches,,,,,,,,
6,Ebou Adams,gm GAM,MF,Derby County,28,1996,42.1,6,51,11,21.6,1.21,0.26,0.12,0.55,0,0,Matches,,,,,,,,
7,Elijah Adebayo,eng ENG,FW,Luton Town,26,1998,26.9,5,69,32,46.4,2.56,1.19,0.07,0.16,0,0,Matches,,,,,,,,
8,Michael Adu-Poku,eng ENG,FW,Watford,18,2005,0,0,0,0,,0,0,,,0,0,Matches,,,,,,,,
9,Enock Agyei,be BEL,FW,Burnley,19,2005,0.6,0,2,0,0,3.1,0,0,,0,0,Matches,,,,,,,,
10,Anel Ahmedhodžić,ba BIH,DF,Sheffield United,25,1999,34.8,3,12,4,33.3,0.34,0.11,0.25,0.75,0,0,Matches,,,,,,,,
11,Semi Ajayi,ng NGA,DF,West Bromwich Albion,30,1993,13.6,0,5,1,20,0.37,0.07,0,0,0,0,Matches,,,,,,,,
12,Milan Aleksić,rs SRB,MF,Sunderland,18,2005,3.2,0,6,4,66.7,1.86,1.24,0,0,0,0,Matches,,,,,,,,
13,Ajibola Alese,eng ENG,DF,Sunderland,23,2001,7.8,0,3,1,33.3,0.38,0.13,0,0,0,0,Matches,,,,,,,,
14,Jamie Allen,eng ENG,MF,Coventry City,29,1995,11.2,0,10,2,20,0.9,0.18,0,0,0,0,Matches,,,,,,,,
15,Joe Allen,wls WAL,MF,Swansea City,34,1990,7.9,1,6,3,50,0.76,0.38,0.17,0.33,0,0,Matches,,,,,,,,
16,Millenic Alli,ie IRL,"MF,FW",Luton Town,24,2000,8.5,4,22,7,31.8,2.58,0.82,0.18,0.57,0,0,Matches,,,,,,,,
17,Jak Alnwick,eng ENG,GK,Cardiff City,31,1993,29,0,0,0,,0,0,,,0,0,Matches,,,,,,,,
18,Will Alves,eng ENG,"MF,FW",Cardiff City,19,2005,7.4,1,13,4,30.8,1.75,0.54,0.08,0.25,0,0,Matches,,,,,,,,
19,Steven Alzate,co COL,MF,Hull City,25,1998,21.6,0,15,1,6.7,0.7,0.05,0,0,0,0,Matches,,,,,,,,
20,Zeki Amdouni,ch SUI,"FW,MF",Burnley,23,2000,0.4,1,1,1,100,2.57,2.57,1,1,0,0,Matches,,,,,,,,
21,Ethan Ampadu,wls WAL,"DF,MF",Leeds United,23,2000,25.4,0,11,2,18.2,0.43,0.08,0,0,0,0,Matches,,,,,,,,
22,Nordin Amrabat,ma MAR,MF,Hull City,37,1987,3.2,0,4,1,25,1.25,0.31,0,0,0,0,Matches,,,,,,,,
23,Lucas Andersen,dk DEN,MF,Queens Park Rangers,29,1994,12.9,2,19,8,42.1,1.47,0.62,0.11,0.25,0,0,Matches,,,,,,,,
24,Joe Anderson,eng ENG,DF,Sunderland,23,2001,1.1,0,0,0,,0,0,,,0,0,Matches,,,,,,,,
25,Ryan Andrews,eng ENG,"MF,DF",Watford,19,2004,23.2,3,32,10,31.3,1.38,0.43,0.09,0.3,0,0,Matches,,,,,,,,
Rk,Player,Nation,Pos,Squad,Age,Born,90s,Gls,Sh,SoT,SoT%,Sh/90,SoT/90,G/Sh,G/SoT,PK,PKatt,Matches,,,,,,,,
26,Jaidon Anthony,eng ENG,MF,Burnley,24,1999,40.7,8,97,34,35.1,2.38,0.84,0.08,0.24,0,0,Matches,,,,,,,,
27,Adil Aouchiche,fr FRA,MF,Portsmouth,22,2002,7.6,1,14,6,42.9,1.84,0.79,0.07,0.17,0,0,Matches,,,,,,,,
28,Adil Aouchiche,fr FRA,MF,Sunderland,22,2002,3.3,0,14,7,50,4.26,2.13,0,0,0,0,Matches,,,,,,,,
29,Oliver Arblaster,eng ENG,MF,Sheffield United,20,2004,10.9,2,10,3,30,0.92,0.28,0.2,0.67,0,0,Matches,,,,,,,,
30,Jordan Archer,sct SCO,GK,Portsmouth,31,1993,1.7,0,0,0,,0,0,,,0,0,Matches,,,,,,,,
31,Adam Armstrong,eng ENG,"FW,MF",West Bromwich Albion,27,1997,11.2,3,26,11,42.3,2.32,0.98,0.08,0.18,1,1,Matches,,,,,,,,
32,Harrison Armstrong,eng ENG,MF,Derby County,17,2007,12.3,1,9,3,33.3,0.73,0.24,0.11,0.33,0,0,Matches,,,,,,,,
33,Sinclair Armstrong,ie IRL,FW,Bristol City,21,2003,17.3,3,41,17,41.5,2.37,0.98,0.07,0.18,0,0,Matches,,,,,,,,
34,Stuart Armstrong,sct SCO,MF,Sheffield Weds,32,1992,6,0,13,2,15.4,2.18,0.34,0,0,0,0,Matches,,,,,,,,
35,Harrison Ashby,sct SCO,"DF,MF",Queens Park Rangers,22,2001,17.6,0,13,4,30.8,0.74,0.23,0,0,0,0,Matches,,,,,,,,
36,Cian Ashford,wls WAL,"MF,FW",Cardiff City,19,2004,16.9,2,21,4,19,1.24,0.24,0.1,0.5,0,0,Matches,,,,,,,,
37,Robert Atkinson,eng ENG,DF,Portsmouth,26,1998,12.2,2,6,2,33.3,0.49,0.16,0.33,1,0,0,Matches,,,,,,,,
38,Luke Ayling,eng ENG,DF,Middlesbrough,32,1991,21.7,0,14,2,14.3,0.65,0.09,0,0,0,0,Matches,,,,,,,,
39,Finn Azaz,ie IRL,MF,Middlesbrough,23,2000,39.4,12,123,40,32.5,3.12,1.02,0.1,0.3,0,0,Matches,,,,,,,,
40,Femi Azeez,eng ENG,MF,Millwall,23,2001,21.2,2,52,19,36.5,2.46,0.9,0.04,0.11,0,0,Matches,,,,,,,,
41,Kwadwo Baah,eng ENG,"MF,FW",Watford,21,2003,16.2,4,25,12,48,1.54,0.74,0.16,0.33,0,0,Matches,,,,,,,,
42,Daniel Bachmann,at AUT,GK,Watford,30,1994,21.1,0,0,0,,0,0,,,0,0,Matches,,,,,,,,
43,Joel Bagan,ie IRL,DF,Cardiff City,24,2000,17.9,0,2,2,100,0.11,0.11,0,0,0,0,Matches,,,,,,,,
44,Michael Baidoo,gh GHA,"MF,FW",Plymouth Argyle,25,1999,5,0,2,1,50,0.4,0.2,0,0,0,0,Matches,,,,,,,,
45,Lewis Baker,eng ENG,MF,Stoke City,29,1995,16.4,6,27,12,44.4,1.65,0.73,0.15,0.33,2,2,Matches,,,,,,,,
46,Lewis Baker,eng ENG,MF,Blackburn Rovers,29,1995,6.6,1,12,4,33.3,1.81,0.6,0.08,0.25,0,0,Matches,,,,,,,,
47,Daniel Ballard,nir NIR,DF,Sunderland,24,1999,12.5,2,13,6,46.2,1.04,0.48,0.15,0.33,0,0,Matches,,,,,,,,
48,Patrick Bamford,eng ENG,"FW,MF",Leeds United,30,1993,2.8,0,12,2,16.7,4.29,0.71,0,0,0,0,Matches,,,,,,,,
49,Raees Bangura-Williams,,MF,Millwall,,,6.8,0,8,2,25,1.18,0.3,0,0,0,0,Matches,,,,,,,,
50,Tamer Bani Odeh,jo JOR,FW,West Bromwich Albion,20,2003,0.6,0,3,0,0,5.09,0,0,,0,0,Matches,,,,,,,,
Rk,Player,Nation,Pos,Squad,Age,Born,90s,Gls,Sh,SoT,SoT%,Sh/90,SoT/90,G/Sh,G/SoT,PK,PKatt,Matches,,,,,,,,
51,Barry Bannan,sct SCO,MF,Sheffield Weds,34,1989,38.5,4,48,10,20.8,1.25,0.26,0.08,0.4,0,0,Matches,,,,,,,,
52,Jamal Baptiste,eng ENG,DF,Sheffield United,20,2003,0.1,0,0,0,,0,0,,,0,0,Matches,,,,,,,,
53,Shandon Baptiste,gd GRN,MF,Luton Town,26,1998,8,1,6,2,33.3,0.75,0.25,0.17,0.5,0,0,Matches,,,,,,,,
54,Tom Barkhuizen,eng ENG,"MF,FW",Derby County,31,1993,4.5,0,4,1,25,0.89,0.22,0,0,0,0,Matches,,,,,,,,
55,Daniel Barlaser,tr TUR,MF,Middlesbrough,27,1997,12.8,1,8,2,25,0.62,0.16,0.13,0.5,0,0,Matches,,,,,,,,
56,Ashley Barnes,eng ENG,FW,Norwich City,34,1989,1.9,0,4,1,25,2.08,0.52,0,0,0,0,Matches,,,,,,,,
57,Ashley Barnes,eng ENG,FW,Burnley,34,1989,1.5,1,3,1,33.3,2.01,0.67,0.33,1,0,0,Matches,,,,,,,,
58,Louie Barry,eng ENG,MF,Hull City,21,2003,1.8,0,3,1,33.3,1.64,0.55,0,0,0,0,Matches,,,,,,,,
59,Kyle Bartley,eng ENG,DF,West Bromwich Albion,33,1991,29,0,24,6,25,0.83,0.21,0,0,0,0,Matches,,,,,,,,
60,Norman Bassette,be BEL,FW,Coventry City,19,2004,10.1,2,18,7,38.9,1.79,0.69,0.11,0.29,0,0,Matches,,,,,,,,
61,Danny Batth,eng ENG,DF,Blackburn Rovers,33,1990,33.4,2,16,6,37.5,0.48,0.18,0.13,0.33,0,0,Matches,,,,,,,,
62,Patrick Bauer,de GER,DF,Preston North End,31,1992,0.1,0,0,0,,0,0,,,0,0,Matches,,,,,,,,
63,Vakoun Bayo,ci CIV,FW,Watford,27,1997,24.9,10,59,22,37.3,2.37,0.88,0.15,0.41,1,1,Matches,,,,,,,,
64,James Beadle,eng ENG,GK,Sheffield Weds,20,2004,38,0,0,0,,0,0,,,0,0,Matches,,,,,,,,
65,Owen Beck,wls WAL,"DF,MF",Blackburn Rovers,21,2002,20.8,1,9,2,22.2,0.43,0.1,0.11,0.5,0,0,Matches,,,,,,,,
66,Chris Bedia,ci CIV,FW,Hull City,28,1996,10.2,3,19,8,42.1,1.86,0.78,0.11,0.25,1,1,Matches,,,,,,,,
67,Amari'i Bell,jm JAM,"DF,MF",Luton Town,30,1994,30.1,0,4,0,0,0.13,0,0,,0,0,Matches,,,,,,,,
68,Sam Bell,eng ENG,"FW,MF",Bristol City,22,2002,4.9,0,15,7,46.7,3.07,1.43,0,0,0,0,Matches,,,,,,,,
69,Jobe Bellingham,eng ENG,MF,Sunderland,18,2005,39,4,53,9,17,1.36,0.23,0.08,0.44,0,0,Matches,,,,,,,,
70,Bachir Belloumi,dz ALG,"FW,MF",Hull City,22,2002,9.1,2,24,10,41.7,2.65,1.1,0.08,0.2,0,0,Matches,,,,,,,,
71,Anis Ben Slimane,tn TUN,MF,Norwich City,23,2001,23.2,2,19,6,31.6,0.82,0.26,0.11,0.33,0,0,Matches,,,,,,,,
72,Anis Ben Slimane,tn TUN,MF,Sheffield United,23,2001,0.5,0,0,0,,0,0,,,0,0,Matches,,,,,,,,
73,Joe Bennett,eng ENG,DF,Oxford United,34,1990,8.3,0,1,0,0,0.12,0,0,,0,0,Matches,,,,,,,,
74,Daniel Bennie,au AUS,FW,Queens Park Rangers,18,2006,2.4,0,3,1,33.3,1.25,0.42,0,0,0,0,Matches,,,,,,,,
75,Jóhann Berg Guðmundsson,is ISL,"FW,MF",Burnley,33,1990,0.2,1,1,1,100,5.63,5.63,1,1,0,0,Matches,,,,,,,,
Rk,Player,Nation,Pos,Squad,Age,Born,90s,Gls,Sh,SoT,SoT%,Sh/90,SoT/90,G/Sh,G/SoT,PK,PKatt,Matches,,,,,,,,
76,Di'Shon Bernard,jm JAM,DF,Sheffield Weds,23,2000,24.8,2,17,4,23.5,0.68,0.16,0.12,0.5,0,0,Matches,,,,,,,,
77,Kian Best,eng ENG,DF,Preston North End,18,2005,0,0,0,0,,0,0,,,0,0,Matches,,,,,,,,
78,Florian Bianchini,fr FRA,FW,Swansea City,23,2001,12.3,3,18,9,50,1.47,0.73,0.17,0.33,0,0,Matches,,,,,,,,
79,Jake Bidwell,eng ENG,"DF,MF",Coventry City,31,1993,22.9,1,12,1,8.3,0.52,0.04,0.08,1,0,0,Matches,,,,,,,,
80,Luis Binks,eng ENG,DF,Coventry City,22,2001,20.6,0,8,3,37.5,0.39,0.15,0,0,0,0,Matches,,,,,,,,
81,Max Bird,eng ENG,MF,Bristol City,23,2000,38.7,1,43,12,27.9,1.11,0.31,0.02,0.08,0,0,Matches,,,,,,,,
82,Colby Bishop,eng ENG,FW,Portsmouth,27,1996,29.2,11,67,25,37.3,2.29,0.86,0.12,0.32,3,4,Matches,,,,,,,,
83,Billy Blacker,eng ENG,FW,Sheffield United,18,2006,0,0,0,0,,0,0,,,0,0,Matches,,,,,,,,
84,Corey Blackett-Taylor,eng ENG,"MF,FW",Derby County,26,1997,4.5,1,11,4,36.4,2.45,0.89,0.09,0.25,0,0,Matches,,,,,,,,
85,Harvey Blair,eng ENG,MF,Portsmouth,20,2003,3.3,1,4,2,50,1.22,0.61,0.25,0.5,0,0,Matches,,,,,,,,
86,Malachi Boateng,eng ENG,MF,Plymouth Argyle,22,2002,2.2,0,3,0,0,1.36,0,0,,0,0,Matches,,,,,,,,
87,Eric Bocat,fr FRA,DF,Stoke City,25,1999,22.7,0,17,4,23.5,0.75,0.18,0,0,0,0,Matches,,,,,,,,
88,Jayden Bogle,eng ENG,DF,Leeds United,24,2000,42.5,6,47,14,29.8,1.11,0.33,0.13,0.43,0,0,Matches,,,,,,,,
89,Jonathan Bond,eng ENG,GK,Watford,31,1993,8.9,0,0,0,,0,0,,,0,0,Matches,,,,,,,,
90,Neto Borges,br BRA,DF,Middlesbrough,27,1996,32.1,1,19,4,21.1,0.59,0.12,0.05,0.25,0,0,Matches,,,,,,,,
91,Raphael Borges Rodrigues,au AUS,MF,Coventry City,20,2003,0.1,0,0,0,,0,0,,,0,0,Matches,,,,,,,,
92,Josh Bowler,eng ENG,"MF,FW",Preston North End,25,1999,5.1,0,11,5,45.5,2.17,0.99,0,0,0,0,Matches,,,,,,,,
93,Josh Bowler,eng ENG,MF,Luton Town,25,1999,1.7,0,3,0,0,1.8,0,0,,0,0,Matches,,,,,,,,
94,Sonny Bradley,eng ENG,DF,Derby County,32,1991,3.4,0,1,1,100,0.3,0.3,0,0,0,0,Matches,,,,,,,,
95,Tom Bradshaw,wls WAL,FW,Oxford United,32,1992,4,0,7,2,28.6,1.75,0.5,0,0,0,0,Matches,,,,,,,,
96,Tom Bradshaw,wls WAL,FW,Millwall,32,1992,5,1,14,3,21.4,2.8,0.6,0,0,1,1,Matches,,,,,,,,
97,Robbie Brady,ie IRL,MF,Preston North End,32,1992,18.2,0,21,4,19,1.15,0.22,0,0,0,0,Matches,,,,,,,,
98,Cohen Bramall,eng ENG,DF,Portsmouth,28,1996,5.1,0,4,0,0,0.78,0,0,,0,0,Matches,,,,,,,,
99,Cameron Brannagan,eng ENG,MF,Oxford United,28,1996,32.2,3,48,16,33.3,1.49,0.5,0.06,0.19,0,0,Matches,,,,,,,,
100,Ben Brereton,cl CHI,MF,Sheffield United,25,1999,10.9,4,21,7,33.3,1.92,0.64,0.19,0.57,0,0,Matches,,,,,,,,
Rk,Player,Nation,Pos,Squad,Age,Born,90s,Gls,Sh,SoT,SoT%,Sh/90,SoT/90,G/Sh,G/SoT,PK,PKatt,Matches,,,,,,,,
101,Rhian Brewster,eng ENG,"MF,FW",Sheffield United,24,2000,17.3,4,36,7,19.4,2.08,0.4,0.11,0.57,0,0,Matches,,,,,,,,
102,Callum Brittain,eng ENG,DF,Blackburn Rovers,26,1998,29.5,2,18,3,16.7,0.61,0.1,0.11,0.67,0,0,Matches,,,,,,,,
103,Andre Brooks,eng ENG,MF,Sheffield United,20,2003,10.6,3,21,9,42.9,1.99,0.85,0.14,0.33,0,0,Matches,,,,,,,,
104,Ciaron Brown,nir NIR,DF,Oxford United,26,1998,40.1,4,23,7,30.4,0.57,0.17,0.17,0.57,0,0,Matches,,,,,,,,
105,Dajaune Brown,jm JAM,FW,Derby County,18,2005,4.3,1,7,2,28.6,1.63,0.47,0.14,0.5,0,0,Matches,,,,,,,,
106,Jacob Brown,sct SCO,"MF,FW",Luton Town,26,1998,13.5,4,34,9,26.5,2.51,0.67,0.12,0.44,0,0,Matches,,,,,,,,
107,Alan Browne,ie IRL,"MF,DF",Sunderland,29,1995,13.5,1,10,3,30,0.74,0.22,0.1,0.33,0,0,Matches,,,,,,,,
108,Josh Brownhill,eng ENG,MF,Burnley,28,1995,38.6,18,66,30,45.5,1.71,0.78,0.23,0.5,3,3,Matches,,,,,,,,
109,Joe Bryan,eng ENG,DF,Millwall,30,1993,36.4,1,24,6,25,0.66,0.16,0.04,0.17,0,0,Matches,,,,,,,,
110,Solomon Brynn,eng ENG,GK,Middlesbrough,23,2000,5.7,0,0,0,,0,0,,,0,0,Matches,,,,,,,,
111,John Buckley,eng ENG,MF,Blackburn Rovers,24,1999,9.5,0,9,2,22.2,0.95,0.21,0,0,0,0,Matches,,,,,,,,
112,Mustapha Bundu,sl SLE,"FW,MF",Plymouth Argyle,27,1997,25.6,10,35,18,51.4,1.37,0.7,0.29,0.56,0,0,Matches,,,,,,,,
113,Wouter Burger,nl NED,MF,Stoke City,23,2001,33.4,1,24,5,20.8,0.72,0.15,0.04,0.2,0,0,Matches,,,,,,,,
114,Delano Burgzorg,sr SUR,MF,Middlesbrough,25,1998,24.3,5,68,21,30.9,2.8,0.86,0.06,0.19,1,1,Matches,,,,,,,,
115,Reece Burke,eng ENG,"DF,MF",Luton Town,27,1996,9.5,0,7,2,28.6,0.74,0.21,0,0,0,0,Matches,,,,,,,,
116,Finley Burns,eng ENG,"DF,MF",Hull City,21,2003,3.5,0,0,0,,0,0,,,0,0,Matches,,,,,,,,
117,Harrison Burrows,eng ENG,DF,Sheffield United,22,2002,38.4,5,51,16,31.4,1.33,0.42,0.06,0.19,2,2,Matches,,,,,,,,
118,Mason Burstow,eng ENG,"FW,MF",Hull City,20,2003,10.6,2,29,13,44.8,2.74,1.23,0.07,0.15,0,0,Matches,,,,,,,,
119,Sam Byram,eng ENG,DF,Leeds United,30,1993,15.7,1,15,4,26.7,0.96,0.26,0.07,0.25,0,0,Matches,,,,,,,,
120,Ben Cabango,wls WAL,DF,Swansea City,24,2000,44.8,2,23,5,21.7,0.51,0.11,0.09,0.4,0,0,Matches,,,,,,,,
121,Tyrese Campbell,eng ENG,FW,Sheffield United,24,1999,17.6,10,48,25,52.1,2.73,1.42,0.21,0.4,0,0,Matches,,,,,,,,
122,Thomas Cannon,ie IRL,FW,Stoke City,21,2002,20.6,9,56,31,55.4,2.71,1.5,0.11,0.19,3,4,Matches,,,,,,,,
123,Thomas Cannon,ie IRL,FW,Sheffield United,21,2002,7.6,1,21,5,23.8,2.77,0.66,0.05,0.2,0,0,Matches,,,,,,,,
124,Todd Cantwell,eng ENG,MF,Blackburn Rovers,26,1998,27.5,3,33,10,30.3,1.2,0.36,0.03,0.1,2,2,Matches,,,,,,,,
125,Theo Carroll,eng ENG,MF,Preston North End,17,2007,0,0,0,0,,0,0,,,0,0,Matches,,,,,,,,
Rk,Player,Nation,Pos,Squad,Age,Born,90s,Gls,Sh,SoT,SoT%,Sh/90,SoT/90,G/Sh,G/SoT,PK,PKatt,Matches,,,,,,,,
126,Hayden Carter,eng ENG,DF,Blackburn Rovers,24,1999,15.1,0,9,1,11.1,0.59,0.07,0,0,0,0,Matches,,,,,,,,
127,Eiran Cashin,ie IRL,DF,Derby County,22,2001,19.8,1,16,7,43.8,0.81,0.35,0.06,0.14,0,0,Matches,,,,,,,,
128,Žan Celar,si SVN,FW,Queens Park Rangers,25,1999,10.5,2,27,8,29.6,2.57,0.76,0.07,0.25,0,1,Matches,,,,,,,,
129,Ilias Chair,ma MAR,"MF,FW",Queens Park Rangers,26,1997,18.9,2,43,17,39.5,2.28,0.9,0.05,0.12,0,0,Matches,,,,,,,,
130,Giorgi Chakvetadze,ge GEO,"MF,FW",Watford,24,1999,36.5,2,64,24,37.5,1.76,0.66,0.03,0.08,0,0,Matches,,,,,,,,
131,Nathaniel Chalobah,eng ENG,MF,Sheffield Weds,29,1994,4.9,0,6,1,16.7,1.22,0.2,0,0,0,0,Matches,,,,,,,,
132,Calum Chambers,eng ENG,"DF,MF",Cardiff City,29,1995,39,2,30,9,30,0.77,0.23,0.07,0.22,0,0,Matches,,,,,,,,
133,Samuel Chambers,eng ENG,MF,Leeds United,16,2007,0.2,0,0,0,,0,0,,,0,0,Matches,,,,,,,,
134,Pierce Charles,nir NIR,GK,Sheffield Weds,19,2005,8,0,0,0,,0,0,,,0,0,Matches,,,,,,,,
135,Shea Charles,nir NIR,MF,Sheffield Weds,20,2003,40.3,1,29,6,20.7,0.72,0.15,0.03,0.17,0,0,Matches,,,,,,,,
136,Tawanda Chirewa,zw ZIM,MF,Derby County,20,2003,1.7,0,2,2,100,1.19,1.19,0,0,0,0,Matches,,,,,,,,
137,Tahith Chong,cw CUW,"MF,FW",Luton Town,24,1999,22.5,2,28,8,28.6,1.24,0.36,0.07,0.25,0,0,Matches,,,,,,,,
138,Hamza Choudhury,bd BAN,"MF,DF",Sheffield United,26,1997,12.3,0,5,1,20,0.41,0.08,0,0,0,0,Matches,,,,,,,,
139,Benjamin Chrisene,eng ENG,DF,Norwich City,20,2004,12.8,1,3,1,33.3,0.23,0.08,0.33,1,0,0,Matches,,,,,,,,
140,Cyrus Christie,ie IRL,DF,Swansea City,31,1992,3.1,0,0,0,,0,0,,,0,0,Matches,,,,,,,,
141,Dennis Cirkin,eng ENG,DF,Sunderland,22,2002,30.4,3,39,7,17.9,1.28,0.23,0.08,0.43,0,0,Matches,,,,,,,,
142,Ibrahim Cissoko,nl NED,MF,Plymouth Argyle,21,2003,7.3,3,19,8,42.1,2.59,1.09,0.16,0.38,0,0,Matches,,,,,,,,
143,Ibrahim Cissoko,nl NED,MF,Sheffield Weds,21,2003,0.6,0,0,0,,0,0,,,0,0,Matches,,,,,,,,
144,Jordan Clark,eng ENG,MF,Luton Town,30,1993,35.9,6,40,18,45,1.11,0.5,0.15,0.33,0,0,Matches,,,,,,,,
145,Harry Clarke,eng ENG,DF,Sheffield United,23,2001,5.2,0,2,1,50,0.38,0.19,0,0,0,0,Matches,,,,,,,,
146,Jack Clarke,eng ENG,MF,Sunderland,23,2000,2,1,2,1,50,1.01,0.5,0.5,1,0,0,Matches,,,,,,,,
147,Matthew Clarke,eng ENG,DF,Derby County,27,1996,15.2,1,11,2,18.2,0.72,0.13,0.09,0.5,0,0,Matches,,,,,,,,
148,Matthew Clarke,eng ENG,DF,Middlesbrough,27,1996,12.4,2,7,3,42.9,0.57,0.24,0.29,0.67,0,0,Matches,,,,,,,,
149,Jake Clarke-Salter,eng ENG,DF,Queens Park Rangers,26,1997,8.4,0,3,1,33.3,0.36,0.12,0,0,0,0,Matches,,,,,,,,
150,Josh Coburn,eng ENG,FW,Middlesbrough,21,2002,0.1,0,0,0,,0,0,,,0,0,Matches,,,,,,,,
Rk,Player,Nation,Pos,Squad,Age,Born,90s,Gls,Sh,SoT,SoT%,Sh/90,SoT/90,G/Sh,G/SoT,PK,PKatt,Matches,,,,,,,,
151,Josh Coburn,eng ENG,FW,Millwall,21,2002,13.5,5,28,12,42.9,2.07,0.89,0.18,0.42,0,1,Matches,,,,,,,,
152,Jack Colback,eng ENG,MF,Queens Park Rangers,34,1989,16.1,1,8,3,37.5,0.5,0.19,0.13,0.33,0,0,Matches,,,,,,,,
153,Devante Cole,eng ENG,FW,West Bromwich Albion,29,1995,1.8,0,3,2,66.7,1.66,1.1,0,0,0,0,Matches,,,,,,,,
154,Bradley Collins,eng ENG,GK,Coventry City,27,1997,14.6,0,1,0,0,0.07,0,0,,0,0,Matches,,,,,,,,
155,James Collins,ie IRL,FW,Derby County,33,1990,2.5,0,3,0,0,1.22,0,0,,0,0,Matches,,,,,,,,
156,Jamilu Collins,ng NGA,DF,Cardiff City,29,1994,1.8,0,0,0,,0,0,,,0,0,Matches,,,,,,,,
157,Rubin Colwill,wls WAL,"MF,FW",Cardiff City,22,2002,28,1,54,20,37,1.93,0.71,0.02,0.05,0,0,Matches,,,,,,,,
158,Aaron Connolly,ie IRL,"MF,FW",Sunderland,24,2000,2.7,1,4,3,75,1.46,1.1,0.25,0.33,0,0,Matches,,,,,,,,
159,Aaron Connolly,ie IRL,"MF,FW",Millwall,24,2000,7.3,1,14,6,42.9,1.91,0.82,0.07,0.17,0,1,Matches,,,,,,,,
160,Tommy Conway,sct SCO,"FW,MF",Middlesbrough,21,2002,26.2,13,60,30,50,2.29,1.15,0.18,0.37,2,4,Matches,,,,,,,,
161,Steve Cook,eng ENG,DF,Queens Park Rangers,33,1991,29.1,2,19,8,42.1,0.65,0.28,0.11,0.25,0,0,Matches,,,,,,,,
162,Jake Cooper,eng ENG,DF,Millwall,29,1995,35.5,3,43,12,27.9,1.21,0.34,0.07,0.25,0,0,Matches,,,,,,,,
163,Michael Cooper,eng ENG,GK,Sheffield United,24,1999,43,0,0,0,,0,0,,,0,0,Matches,,,,,,,,
164,Oliver Cooper,wls WAL,MF,Swansea City,24,1999,11.6,1,7,2,28.6,0.6,0.17,0.14,0.5,0,0,Matches,,,,,,,,
165,José Cordoba,pa PAN,DF,Norwich City,23,2001,23.4,1,11,4,36.4,0.47,0.17,0.09,0.25,0,0,Matches,,,,,,,,
166,David Cornell,wls WAL,GK,Preston North End,33,1991,9,0,0,0,,0,0,,,0,0,Matches,,,,,,,,
167,Harry Cornick,eng ENG,"FW,MF",Bristol City,29,1995,0.4,1,1,1,100,2.37,2.37,1,1,0,0,Matches,,,,,,,,
168,Lewie Coyle,eng ENG,DF,Hull City,28,1995,41.3,1,31,6,19.4,0.75,0.15,0.03,0.17,0,0,Matches,,,,,,,,
169,Amario Cozier-Duberry,eng ENG,MF,Blackburn Rovers,19,2005,8,1,16,5,31.3,1.99,0.62,0.06,0.2,0,0,Matches,,,,,,,,
170,Tristan Crama,fr FRA,DF,Millwall,22,2001,18.2,0,10,1,10,0.55,0.06,0,0,0,0,Matches,,,,,,,,
171,Charlie Crew,wls WAL,MF,Leeds United,18,2006,0.1,0,1,1,100,18,18,0,0,0,0,Matches,,,,,,,,
172,Ante Crnac,hr CRO,"FW,MF",Norwich City,20,2003,27.7,7,33,16,48.5,1.19,0.58,0.21,0.44,0,0,Matches,,,,,,,,
173,Matt Crooks,eng ENG,"MF,FW",Hull City,30,1994,8.8,3,13,5,38.5,1.48,0.57,0.23,0.6,0,0,Matches,,,,,,,,
174,Josh Cullen,ie IRL,MF,Burnley,28,1996,42.2,2,24,8,33.3,0.57,0.19,0.08,0.25,0,0,Matches,,,,,,,,
175,Liam Cullen,wls WAL,"MF,FW",Swansea City,25,1999,33.3,11,72,25,34.7,2.16,0.75,0.15,0.44,0,0,Matches,,,,,,,,
Rk,Player,Nation,Pos,Squad,Age,Born,90s,Gls,Sh,SoT,SoT%,Sh/90,SoT/90,G/Sh,G/SoT,PK,PKatt,Matches,,,,,,,,
176,Jamie Cumming,eng ENG,GK,Oxford United,24,1999,45,0,0,0,,0,0,,,0,0,Matches,,,,,,,,
177,Luke Cundle,eng ENG,MF,Millwall,22,2002,10.9,1,6,3,50,0.55,0.27,0.17,0.33,0,0,Matches,,,,,,,,
178,Jesper Daland,no NOR,DF,Cardiff City,24,2000,15.9,0,2,0,0,0.13,0,0,,0,0,Matches,,,,,,,,
179,Owen Dale,eng ENG,MF,Oxford United,25,1998,3.9,0,6,1,16.7,1.54,0.26,0,0,0,0,Matches,,,,,,,,
180,Harry Darling,eng ENG,DF,Swansea City,24,1999,37.1,5,38,16,42.1,1.03,0.43,0.13,0.31,0,0,Matches,,,,,,,,
181,Karl Darlow,wls WAL,GK,Leeds United,33,1990,7,0,0,0,,0,0,,,0,0,Matches,,,,,,,,
182,Jay Dasilva,wls WAL,"DF,MF",Coventry City,26,1998,20.1,0,5,1,20,0.25,0.05,0,0,0,0,Matches,,,,,,,,
183,Adam Davies,wls WAL,GK,Sheffield United,32,1992,3,0,0,0,,0,0,,,0,0,Matches,,,,,,,,
184,Isaak Davies,wls WAL,MF,Cardiff City,22,2001,3.2,2,7,3,42.9,2.2,0.94,0.29,0.67,0,0,Matches,,,,,,,,
185,Tom Davies,eng ENG,MF,Sheffield United,26,1998,7.5,1,10,4,40,1.34,0.53,0.1,0.25,0,0,Matches,,,,,,,,
186,James Debayo,eng ENG,DF,Leeds United,19,2005,0,0,0,0,,0,0,,,0,0,Matches,,,,,,,,
187,Hannes Delcroix,ht HAI,DF,Swansea City,25,1999,9.9,0,2,0,0,0.2,0,0,,0,0,Matches,,,,,,,,
188,Tom Dele-Bashiru,ng NGA,MF,Watford,24,1999,22.9,4,25,8,32,1.09,0.35,0.04,0.13,3,3,Matches,,,,,,,,
189,Karamoko Dembélé,eng ENG,MF,Queens Park Rangers,21,2003,13.2,3,22,8,36.4,1.67,0.61,0.14,0.38,0,0,Matches,,,,,,,,
190,Siriki Dembélé,ci CIV,MF,Oxford United,27,1996,15.2,2,27,8,29.6,1.77,0.53,0.07,0.25,0,0,Matches,,,,,,,,
191,Rav van den Berg,nl NED,DF,Middlesbrough,20,2004,23.6,0,4,0,0,0.17,0,0,,0,0,Matches,,,,,,,,
192,Emmanuel Dennis,ng NGA,MF,Blackburn Rovers,26,1997,1.8,0,4,0,0,2.25,0,0,,0,0,Matches,,,,,,,,
193,Terry Devlin,nir NIR,"DF,MF",Portsmouth,20,2003,17.4,0,9,2,22.2,0.52,0.12,0,0,0,0,Matches,,,,,,,,
194,Ousmane Diakité,ml MLI,"MF,DF",West Bromwich Albion,24,2000,9.6,0,8,2,25,0.84,0.21,0,0,0,0,Matches,,,,,,,,
195,Grady Diangana,cd COD,"MF,FW",West Bromwich Albion,26,1998,16.6,4,26,9,34.6,1.57,0.54,0.15,0.44,0,0,Matches,,,,,,,,
196,Robert Dickie,eng ENG,DF,Bristol City,28,1996,34.7,2,22,6,27.3,0.63,0.17,0.09,0.33,0,0,Matches,,,,,,,,
197,Seny Dieng,sn SEN,GK,Middlesbrough,29,1994,17,0,0,0,,0,0,,,0,0,Matches,,,,,,,,
198,Anfernee Dijksteel,sr SUR,DF,Middlesbrough,27,1996,28.1,2,3,2,66.7,0.11,0.07,0.67,1,0,0,Matches,,,,,,,,
199,Daryl Dike,us USA,MF,West Bromwich Albion,24,2000,2.5,1,7,2,28.6,2.78,0.79,0.14,0.5,0,0,Matches,,,,,,,,
200,Jaden Dixon,eng ENG,DF,Stoke City,17,2007,0.1,0,0,0,,0,0,,,0,0,Matches,,,,,,,,
Rk,Player,Nation,Pos,Squad,Age,Born,90s,Gls,Sh,SoT,SoT%,Sh/90,SoT/90,G/Sh,G/SoT,PK,PKatt,Matches,,,,,,,,
201,Elijah Dixon-Bonner,eng ENG,MF,Queens Park Rangers,23,2001,0.1,0,0,0,,0,0,,,0,0,Matches,,,,,,,,
202,Lewis Dobbin,eng ENG,"FW,MF",Norwich City,21,2003,7.1,2,14,4,28.6,1.97,0.56,0.14,0.5,0,0,Matches,,,,,,,,
203,Lewis Dobbin,eng ENG,MF,West Bromwich Albion,21,2003,3.8,0,4,0,0,1.06,0,0,,0,0,Matches,,,,,,,,
204,Tyrhys Dolan,eng ENG,MF,Blackburn Rovers,22,2001,35.3,7,50,22,44,1.42,0.62,0.12,0.27,1,1,Matches,,,,,,,,
205,Alfie Doughty,eng ENG,MF,Luton Town,24,1999,22.6,1,16,3,18.8,0.71,0.13,0.06,0.33,0,0,Matches,,,,,,,,
206,Mamadou Doumbia,ml MLI,FW,Watford,18,2006,10.8,2,16,4,25,1.49,0.37,0.13,0.5,0,0,Matches,,,,,,,,
207,Oliver Dovin,se SWE,GK,Coventry City,22,2002,27.4,0,0,0,,0,0,,,0,0,Matches,,,,,,,,
208,Callum Doyle,eng ENG,DF,Norwich City,20,2003,38.2,1,21,6,28.6,0.55,0.16,0.05,0.17,0,0,Matches,,,,,,,,
209,Andre Dozzell,eng ENG,MF,Portsmouth,25,1999,31.3,2,16,4,25,0.51,0.13,0.13,0.5,0,0,Matches,,,,,,,,
210,Cody Drameh,eng ENG,DF,Hull City,22,2001,18.3,1,13,1,7.7,0.71,0.05,0.08,1,0,0,Matches,,,,,,,,
211,Shane Duffy,ie IRL,DF,Norwich City,32,1992,44.9,4,36,9,25,0.8,0.2,0.11,0.44,0,0,Matches,,,,,,,,
212,Jimmy Dunne,ie IRL,DF,Queens Park Rangers,26,1997,45,5,55,19,34.5,1.22,0.42,0.09,0.26,0,0,Matches,,,,,,,,
213,Leonard Duru,eng ENG,DF,Blackburn Rovers,19,2005,0,0,0,0,,0,0,,,0,0,Matches,,,,,,,,
214,Pierre Dwomoh,be BEL,MF,Watford,20,2004,5.9,0,6,1,16.7,1.02,0.17,0,0,0,0,Matches,,,,,,,,
215,Lyndon Dykes,sct SCO,"FW,MF",Queens Park Rangers,28,1995,0.1,1,1,1,100,15,15,1,1,0,0,Matches,,,,,,,,
216,George Earthy,eng ENG,"MF,FW",Bristol City,19,2004,16.2,3,24,7,29.2,1.48,0.43,0.13,0.43,0,0,Matches,,,,,,,,
217,Malcolm Ebiowei,eng ENG,MF,Oxford United,20,2003,0.8,0,3,2,66.7,3.97,2.65,0,0,0,0,Matches,,,,,,,,
218,Festy Ebosele,ie IRL,"MF,DF",Watford,21,2002,8.4,1,7,1,14.3,0.83,0.12,0.14,1,0,0,Matches,,,,,,,,
219,Josh Eccles,eng ENG,MF,Coventry City,24,2000,26,3,41,11,26.8,1.58,0.42,0.07,0.27,0,0,Matches,,,,,,,,
220,George Edmundson,eng ENG,DF,Middlesbrough,26,1997,23.2,1,11,2,18.2,0.47,0.09,0.09,0.5,0,0,Matches,,,,,,,,
221,Joe Edwards,eng ENG,DF,Plymouth Argyle,33,1990,12.6,1,7,4,57.1,0.55,0.32,0.14,0.25,0,0,Matches,,,,,,,,
222,Kyle Edwards,eng ENG,MF,Oxford United,26,1998,2.2,0,1,0,0,0.45,0,0,,0,0,Matches,,,,,,,,
223,Marcus Edwards,eng ENG,MF,Burnley,25,1998,10.4,1,18,5,27.8,1.73,0.48,0.06,0.2,0,0,Matches,,,,,,,,
224,Ronnie Edwards,eng ENG,"DF,MF",Queens Park Rangers,21,2003,20.2,2,13,3,23.1,0.64,0.15,0.15,0.67,0,0,Matches,,,,,,,,
225,John Egan,ie IRL,DF,Burnley,31,1992,1.8,0,0,0,,0,0,,,0,0,Matches,,,,,,,,
Rk,Player,Nation,Pos,Squad,Age,Born,90s,Gls,Sh,SoT,SoT%,Sh/90,SoT/90,G/Sh,G/SoT,PK,PKatt,Matches,,,,,,,,
226,John Egan,ie IRL,DF,Hull City,31,1992,8.1,0,5,1,20,0.62,0.12,0,0,0,0,Matches,,,,,,,,
227,CJ Egan-Riley,eng ENG,DF,Burnley,21,2003,40,1,15,3,20,0.37,0.07,0.07,0.33,0,0,Matches,,,,,,,,
228,Callum Elder,au AUS,"DF,MF",Derby County,29,1995,23.9,0,9,1,11.1,0.38,0.04,0,0,0,0,Matches,,,,,,,,
229,Aidomo Emakhu,ie IRL,MF,Millwall,20,2003,7.7,0,16,1,6.3,2.07,0.13,0,0,0,0,Matches,,,,,,,,
230,Lukas Engel,dk DEN,DF,Middlesbrough,25,1998,4.1,0,8,0,0,1.96,0,0,,0,0,Matches,,,,,,,,
231,Niall Ennis,eng ENG,FW,Stoke City,25,1999,2.2,0,3,1,33.3,1.38,0.46,0,0,0,0,Matches,,,,,,,,
232,Romain Esse,eng ENG,MF,Millwall,19,2005,22.4,4,30,12,40,1.34,0.54,0.13,0.33,0,0,Matches,,,,,,,,
233,Maxime Estève,fr FRA,DF,Burnley,22,2002,45.1,1,7,1,14.3,0.16,0.02,0.14,1,0,0,Matches,,,,,,,,
234,Oscar Estupiñan,co COL,FW,Hull City,27,1996,1.6,1,4,2,50,2.45,1.22,0,0,1,1,Matches,,,,,,,,
235,Ched Evans,wls WAL,FW,Preston North End,35,1988,1.1,0,6,4,66.7,5.29,3.53,0,0,0,0,Matches,,,,,,,,
236,George Evans,eng ENG,GK,Millwall,19,2005,4,0,0,0,,0,0,,,0,0,Matches,,,,,,,,
237,Milan van Ewijk,nl NED,"DF,MF",Coventry City,23,2000,44.6,2,29,8,27.6,0.65,0.18,0.07,0.25,0,0,Matches,,,,,,,,
238,Malachi Fagan-Walcott,eng ENG,DF,Cardiff City,22,2002,0.3,0,0,0,,0,0,,,0,0,Matches,,,,,,,,
239,Akin Famewo,eng ENG,DF,Sheffield Weds,25,1998,10.4,0,4,1,25,0.38,0.1,0,0,0,0,Matches,,,,,,,,
240,Lamine Fanne,es ESP,"MF,FW",Luton Town,20,2004,6.5,0,7,1,14.3,1.08,0.15,0,0,0,0,Matches,,,,,,,,
241,Jacob Farrell,au AUS,DF,Portsmouth,21,2002,1,0,1,0,0,1,0,0,,0,0,Matches,,,,,,,,
242,Christian Fassnacht,ch SUI,FW,Norwich City,30,1993,0.9,0,3,1,33.3,3.29,1.1,0,0,0,0,Matches,,,,,,,,
243,Tom Fellows,eng ENG,MF,West Bromwich Albion,21,2003,31.9,4,43,11,25.6,1.35,0.34,0.09,0.36,0,0,Matches,,,,,,,,
244,Marselino Ferdinan,id IDN,MF,Oxford United,19,2004,0.2,0,0,0,,0,0,,,0,0,Matches,,,,,,,,
245,Sam Field,eng ENG,MF,Queens Park Rangers,26,1998,32.3,3,27,11,40.7,0.84,0.34,0.11,0.27,0,0,Matches,,,,,,,,
246,Tegan Finn,,MF,Plymouth Argyle,,,1.6,0,1,1,100,0.62,0.62,0,0,0,0,Matches,,,,,,,,
247,Junior Firpo,do DOM,DF,Leeds United,27,1996,29.1,4,27,10,37,0.93,0.34,0.15,0.4,0,0,Matches,,,,,,,,
248,Will Fish,eng ENG,DF,Cardiff City,21,2003,15.3,0,10,3,30,0.65,0.2,0,0,0,0,Matches,,,,,,,,
249,Kellen Fisher,eng ENG,"DF,MF",Norwich City,20,2004,29.9,0,19,4,21.1,0.64,0.13,0,0,0,0,Matches,,,,,,,,
250,Zian Flemming,nl NED,FW,Burnley,25,1998,26.9,12,78,31,39.7,2.9,1.15,0.15,0.39,0,0,Matches,,,,,,,,
Rk,Player,Nation,Pos,Squad,Age,Born,90s,Gls,Sh,SoT,SoT%,Sh/90,SoT/90,G/Sh,G/SoT,PK,PKatt,Matches,,,,,,,,
251,Tyrese Fornah,sl SLE,MF,Derby County,24,1999,0.1,0,0,0,,0,0,,,0,0,Matches,,,,,,,,
252,Adam Forshaw,eng ENG,MF,Plymouth Argyle,32,1991,7.6,0,7,3,42.9,0.92,0.4,0,0,0,0,Matches,,,,,,,,
253,Adam Forshaw,eng ENG,MF,Blackburn Rovers,32,1991,6.3,1,6,2,33.3,0.96,0.32,0.17,0.5,0,0,Matches,,,,,,,,
254,Amankwah Forson,gh GHA,"MF,FW",Norwich City,21,2002,8.1,2,16,5,31.3,1.98,0.62,0.13,0.4,0,0,Matches,,,,,,,,
255,Marcus Forss,fi FIN,"MF,FW",Middlesbrough,25,1999,7.4,1,24,7,29.2,3.24,0.95,0.04,0.14,0,0,Matches,,,,,,,,
256,Craig Forsyth,sct SCO,"DF,MF",Derby County,35,1989,28.4,3,18,6,33.3,0.63,0.21,0.17,0.5,0,0,Matches,,,,,,,,
257,Gabriel Forsyth,sct SCO,MF,Norwich City,17,2006,1.8,0,4,1,25,2.21,0.55,0,0,0,0,Matches,,,,,,,,
258,Lyle Foster,za RSA,"FW,MF",Burnley,23,2000,17.7,2,39,14,35.9,2.21,0.79,0.05,0.14,0,0,Matches,,,,,,,,
259,Morgan Fox,wls WAL,DF,Queens Park Rangers,30,1993,14.9,1,5,3,60,0.33,0.2,0.2,0.33,0,0,Matches,,,,,,,,
260,Gianluca Frabotta,it ITA,"DF,MF",West Bromwich Albion,25,1999,0.7,0,1,0,0,1.38,0,0,,0,0,Matches,,,,,,,,
261,Gonçalo Franco,pt POR,MF,Swansea City,23,2000,34.9,2,43,14,32.6,1.23,0.4,0.05,0.14,0,0,Matches,,,,,,,,
262,Michael Frey,ch SUI,FW,Queens Park Rangers,30,1994,19.8,8,43,15,34.9,2.17,0.76,0.16,0.47,1,1,Matches,,,,,,,,
263,Dael Fry,eng ENG,DF,Middlesbrough,26,1997,15.7,0,4,2,50,0.25,0.13,0,0,0,0,Matches,,,,,,,,
264,Mads Frøkjær-Jensen,dk DEN,"MF,FW",Preston North End,25,1999,26.2,2,22,3,13.6,0.84,0.11,0.09,0.67,0,0,Matches,,,,,,,,
265,Leo Fuhr Hjelde,no NOR,DF,Sunderland,20,2003,4.6,0,0,0,,0,0,,,0,0,Matches,,,,,,,,
266,Jay Fulton,sct SCO,MF,Swansea City,30,1994,14.3,1,5,1,20,0.35,0.07,0.2,1,0,0,Matches,,,,,,,,
267,Darnell Furlong,eng ENG,DF,West Bromwich Albion,28,1995,41.2,1,38,6,15.8,0.92,0.15,0.03,0.17,0,0,Matches,,,,,,,,
268,Sam Gallagher,eng ENG,"FW,MF",Stoke City,28,1995,11.4,3,24,8,33.3,2.11,0.7,0.13,0.38,0,0,Matches,,,,,,,,
269,Brendan Galloway,zw ZIM,DF,Plymouth Argyle,28,1996,10.9,0,2,0,0,0.18,0,0,,0,0,Matches,,,,,,,,
270,Ben Gannon-Doak,sct SCO,MF,Middlesbrough,18,2005,19.8,3,28,14,50,1.42,0.71,0.11,0.21,0,0,Matches,,,,,,,,
271,Djeidi Gassama,fr FRA,MF,Sheffield Weds,20,2003,33.1,7,71,23,32.4,2.15,0.7,0.1,0.3,0,0,Matches,,,,,,,,
272,Joe Gelhardt,eng ENG,"FW,MF",Leeds United,22,2002,0.1,0,0,0,,0,0,,,0,0,Matches,,,,,,,,
273,Joe Gelhardt,eng ENG,"MF,FW",Hull City,22,2002,17.7,5,46,11,23.9,2.6,0.62,0.07,0.27,2,2,Matches,,,,,,,,
274,Anwar El Ghazi,nl NED,"MF,FW",Cardiff City,29,1995,13.1,3,38,14,36.8,2.91,1.07,0.08,0.21,0,0,Matches,,,,,,,,
275,Liam Gibbs,eng ENG,MF,Norwich City,21,2002,2.4,0,2,1,50,0.85,0.42,0,0,0,0,Matches,,,,,,,,
Rk,Player,Nation,Pos,Squad,Age,Born,90s,Gls,Sh,SoT,SoT%,Sh/90,SoT/90,G/Sh,G/SoT,PK,PKatt,Matches,,,,,,,,
276,Ben Gibson,eng ENG,DF,Stoke City,31,1993,21.6,3,8,4,50,0.37,0.18,0.38,0.75,0,0,Matches,,,,,,,,
277,Lewis Gibson,eng ENG,DF,Preston North End,24,2000,18.2,1,13,4,30.8,0.72,0.22,0.08,0.25,0,0,Matches,,,,,,,,
278,Lewis Gibson,eng ENG,DF,Plymouth Argyle,24,2000,18,1,9,2,22.2,0.5,0.11,0.11,0.5,0,0,Matches,,,,,,,,
279,Alexander Gilbert,ie IRL,MF,Middlesbrough,22,2001,0.9,1,1,1,100,1.17,1.17,1,1,0,0,Matches,,,,,,,,
280,Alfie Gilchrist,eng ENG,DF,Sheffield United,20,2003,23.4,0,9,2,22.2,0.39,0.09,0,0,0,0,Matches,,,,,,,,
281,Ryan Giles,eng ENG,DF,Middlesbrough,24,2000,3.4,0,2,0,0,0.59,0,0,,0,0,Matches,,,,,,,,
282,Ryan Giles,eng ENG,DF,Hull City,24,2000,10,0,5,2,40,0.5,0.2,0,0,0,0,Matches,,,,,,,,
283,Josh Ginnelly,eng ENG,"FW,MF",Swansea City,27,1997,0.4,0,0,0,,0,0,,,0,0,Matches,,,,,,,,
284,Tom Glover,au AUS,GK,Middlesbrough,26,1997,6.3,0,0,0,,0,0,,,0,0,Matches,,,,,,,,
285,Wilfried Gnonto,it ITA,MF,Leeds United,20,2003,25.3,9,83,29,34.9,3.28,1.15,0.11,0.31,0,0,Matches,,,,,,,,
286,Lynden Gooch,us USA,"DF,MF",Stoke City,28,1995,11.5,0,8,2,25,0.69,0.17,0,0,0,0,Matches,,,,,,,,
287,Tyler Goodhram,eng ENG,MF,Oxford United,20,2003,33.9,3,50,16,32,1.47,0.47,0.06,0.19,0,0,Matches,,,,,,,,
288,Will Goodwin,eng ENG,FW,Oxford United,22,2002,0.3,0,0,0,,0,0,,,0,0,Matches,,,,,,,,
289,Kaide Gordon,eng ENG,FW,Norwich City,19,2004,2,1,3,1,33.3,1.49,0.5,0.33,1,0,0,Matches,,,,,,,,
290,Kaide Gordon,eng ENG,FW,Portsmouth,19,2004,1.7,0,1,0,0,0.58,0,0,,0,0,Matches,,,,,,,,
291,Kenzo Goudmijn,nl NED,MF,Derby County,22,2001,25.8,2,37,8,21.6,1.43,0.31,0.05,0.25,0,0,Matches,,,,,,,,
292,Dimitris Goutas,gr GRE,DF,Cardiff City,30,1994,32.4,1,23,5,21.7,0.71,0.15,0.04,0.2,0,0,Matches,,,,,,,,
293,Karlan Grant,eng ENG,"MF,FW",West Bromwich Albion,26,1997,32.6,7,82,30,36.6,2.52,0.92,0.09,0.23,0,0,Matches,,,,,,,,
294,Andre Gray,jm JAM,FW,Plymouth Argyle,33,1991,6.1,3,8,6,75,1.31,0.98,0.38,0.5,0,0,Matches,,,,,,,,
295,Harry Gray,eng ENG,FW,Leeds United,15,2008,0.1,0,0,0,,0,0,,,0,0,Matches,,,,,,,,
296,Sam Greenwood,eng ENG,"MF,FW",Preston North End,22,2002,27,5,71,28,39.4,2.63,1.04,0.04,0.11,2,2,Matches,,,,,,,,
297,Joshua Griffiths,eng ENG,GK,West Bromwich Albion,22,2001,6,0,0,0,,0,0,,,0,0,Matches,,,,,,,,
298,Matt Grimes,eng ENG,MF,Coventry City,29,1995,15.2,2,8,4,50,0.53,0.26,0.25,0.5,0,0,Matches,,,,,,,,
299,Matt Grimes,eng ENG,MF,Swansea City,29,1995,29,2,20,5,25,0.69,0.17,0.05,0.2,1,1,Matches,,,,,,,,
300,Daniel Grimshaw,eng ENG,GK,Plymouth Argyle,26,1998,21,0,0,0,,0,0,,,0,0,Matches,,,,,,,,
Rk,Player,Nation,Pos,Squad,Age,Born,90s,Gls,Sh,SoT,SoT%,Sh/90,SoT/90,G/Sh,G/SoT,PK,PKatt,Matches,,,,,,,,
301,Ilia Gruev,bg BUL,MF,Leeds United,24,2000,18.9,0,21,7,33.3,1.11,0.37,0,0,0,0,Matches,,,,,,,,
302,Makhtar Gueye,sn SEN,FW,Blackburn Rovers,26,1997,24.4,6,62,22,35.5,2.54,0.9,0.1,0.27,0,0,Matches,,,,,,,,
303,Josuha Guilavogui,fr FRA,"DF,MF",Leeds United,33,1990,0.7,0,1,0,0,1.38,0,0,,0,0,Matches,,,,,,,,
304,Angus Gunn,sct SCO,GK,Norwich City,28,1996,34.5,0,0,0,,0,0,,,0,0,Matches,,,,,,,,
305,Darko Gyabi,eng ENG,MF,Plymouth Argyle,20,2004,31.6,1,33,9,27.3,1.05,0.29,0.03,0.11,0,0,Matches,,,,,,,,
306,Hayden Hackney,eng ENG,MF,Middlesbrough,22,2002,42.1,5,79,24,30.4,1.87,0.57,0.06,0.21,0,0,Matches,,,,,,,,
307,Rami Al Hajj,se SWE,MF,Plymouth Argyle,22,2001,15.3,3,25,11,44,1.64,0.72,0.12,0.27,0,0,Matches,,,,,,,,
308,Ali Al Hamadi,iq IRQ,FW,Stoke City,22,2002,9.2,2,19,6,31.6,2.06,0.65,0.11,0.33,0,0,Matches,,,,,,,,
309,Gustavo Hamer,nl NED,MF,Sheffield United,27,1997,34.7,9,91,28,30.8,2.62,0.81,0.1,0.32,0,0,Matches,,,,,,,,
310,Micah Hamilton,eng ENG,MF,Middlesbrough,20,2003,3.5,0,5,1,20,1.42,0.28,0,0,0,0,Matches,,,,,,,,
311,Grant Hanley,sct SCO,DF,Norwich City,32,1991,0.9,0,1,1,100,1.14,1.14,0,0,0,0,Matches,,,,,,,,
312,Ryan Hardie,sct SCO,"FW,MF",Plymouth Argyle,27,1997,25.2,10,61,24,39.3,2.42,0.95,0.11,0.29,3,3,Matches,,,,,,,,
313,Wes Harding,jm JAM,DF,Millwall,27,1996,2.1,0,0,0,,0,0,,,0,0,Matches,,,,,,,,
314,Marcus Harness,eng ENG,"MF,FW",Derby County,28,1996,26.2,4,35,9,25.7,1.34,0.34,0.11,0.44,0,0,Matches,,,,,,,,
315,Mark Harris,wls WAL,FW,Oxford United,25,1998,32.1,6,40,19,47.5,1.24,0.59,0.15,0.32,0,0,Matches,,,,,,,,
316,Daiki Hashioka,jp JPN,"DF,MF",Luton Town,25,1999,13.4,0,6,1,16.7,0.45,0.07,0,0,0,0,Matches,,,,,,,,
317,Joseph Hatch,wls WAL,MF,Plymouth Argyle,17,2006,0,0,0,0,,0,0,,,0,0,Matches,,,,,,,,
318,Ryo Hatsuse,jp JPN,DF,Sheffield Weds,27,1997,3.9,0,1,0,0,0.26,0,0,,0,0,Matches,,,,,,,,
319,Isaac Hayden,jm JAM,MF,Portsmouth,29,1995,10.4,0,5,0,0,0.48,0,0,,0,0,Matches,,,,,,,,
320,Conor Hazard,nir NIR,GK,Plymouth Argyle,26,1998,25,0,0,0,,0,0,,,0,0,Matches,,,,,,,,
321,Ryan Hedges,wls WAL,MF,Blackburn Rovers,29,1995,28.5,1,33,12,36.4,1.16,0.42,0.03,0.08,0,0,Matches,,,,,,,,
322,Torbjørn Heggem,no NOR,DF,West Bromwich Albion,25,1999,44.6,1,26,6,23.1,0.58,0.13,0.04,0.17,0,0,Matches,,,,,,,,
323,Michał Helik,pl POL,DF,Oxford United,28,1995,20,5,19,8,42.1,0.95,0.4,0.26,0.63,0,0,Matches,,,,,,,,
324,Onel Hernández,cu CUB,FW,Norwich City,31,1993,7.1,0,14,1,7.1,1.97,0.14,0,0,0,0,Matches,,,,,,,,
325,Brad Hills,eng ENG,DF,Norwich City,20,2004,0.2,0,0,0,,0,0,,,0,0,Matches,,,,,,,,
Rk,Player,Nation,Pos,Squad,Age,Born,90s,Gls,Sh,SoT,SoT%,Sh/90,SoT/90,G/Sh,G/SoT,PK,PKatt,Matches,,,,,,,,
326,Yu Hirakawa,jp JPN,MF,Bristol City,23,2001,18.4,2,29,7,24.1,1.58,0.38,0.07,0.29,0,0,Matches,,,,,,,,
327,Václav Hladký,cz CZE,GK,Burnley,33,1990,1,0,0,0,,0,0,,,0,0,Matches,,,,,,,,
328,Rob Holding,eng ENG,DF,Sheffield United,28,1995,4.7,0,3,0,0,0.64,0,0,,0,0,Matches,,,,,,,,
329,Mason Holgate,jm JAM,DF,West Bromwich Albion,27,1996,22,1,8,2,25,0.36,0.09,0.13,0.5,0,0,Matches,,,,,,,,
330,Duane Holmes,us USA,MF,Preston North End,29,1994,9.3,1,6,2,33.3,0.65,0.22,0.17,0.5,0,0,Matches,,,,,,,,
331,Tom Holmes,eng ENG,DF,Luton Town,24,2000,14.6,1,10,3,30,0.68,0.21,0.1,0.33,0,0,Matches,,,,,,,,
332,George Honeyman,eng ENG,MF,Millwall,29,1994,26.9,2,20,8,40,0.74,0.3,0.1,0.25,0,0,Matches,,,,,,,,
333,Ethan Horvath,us USA,GK,Cardiff City,29,1995,17,0,0,0,,0,0,,,0,0,Matches,,,,,,,,
334,Jordan Houghton,eng ENG,MF,Plymouth Argyle,28,1995,17,0,7,3,42.9,0.41,0.18,0,0,0,0,Matches,,,,,,,,
335,Andreas Hountondji,bj BEN,"MF,FW",Burnley,22,2002,2.3,0,8,1,12.5,3.44,0.43,0,0,0,0,Matches,,,,,,,,
336,Jonny Howson,eng ENG,"DF,MF",Middlesbrough,36,1988,15.5,1,6,3,50,0.39,0.19,0.17,0.33,0,0,Matches,,,,,,,,
337,Andrew Hughes,wls WAL,"DF,MF",Preston North End,32,1992,36,0,9,3,33.3,0.25,0.08,0,0,0,0,Matches,,,,,,,,
338,Charlie Hughes,eng ENG,DF,Hull City,20,2003,26.1,1,17,5,29.4,0.65,0.19,0.06,0.2,0,0,Matches,,,,,,,,
339,Trai Hume,nir NIR,DF,Sunderland,22,2002,42.3,3,30,9,30,0.71,0.21,0.1,0.33,0,0,Matches,,,,,,,,
340,Bashir Humphreys,eng ENG,DF,Burnley,21,2003,19.7,1,11,3,27.3,0.56,0.15,0.09,0.33,0,0,Matches,,,,,,,,
341,Shaun Hutchinson,eng ENG,DF,Millwall,33,1990,4.4,0,2,1,50,0.45,0.23,0,0,0,0,Matches,,,,,,,,
342,Dominic Hyam,sct SCO,DF,Blackburn Rovers,28,1995,46,2,21,3,14.3,0.46,0.07,0.1,0.67,0,0,Matches,,,,,,,,
343,Adam Idah,ie IRL,FW,Norwich City,23,2001,0.3,0,0,0,,0,0,,,0,0,Matches,,,,,,,,
344,Kelechi Iheanacho,ng NGA,"MF,FW",Middlesbrough,27,1996,8.5,1,24,4,16.7,2.82,0.47,0.04,0.25,0,0,Matches,,,,,,,,
345,Michael Ihiekwe,eng ENG,DF,Sheffield Weds,31,1992,20.2,2,21,8,38.1,1.04,0.4,0.1,0.25,0,0,Matches,,,,,,,,
346,Samuel Iling-Junior,eng ENG,"DF,MF",Middlesbrough,20,2003,11.7,1,13,3,23.1,1.11,0.26,0.08,0.33,0,0,Matches,,,,,,,,
347,Tom Ince,eng ENG,MF,Watford,32,1992,14.3,1,16,5,31.3,1.12,0.35,0,0,1,1,Matches,,,,,,,,
348,Svante Ingelsson,se SWE,MF,Sheffield Weds,26,1998,18.8,1,23,9,39.1,1.22,0.48,0.04,0.11,0,0,Matches,,,,,,,,
349,Matt Ingram,eng ENG,GK,Oxford United,30,1993,1,0,0,0,,0,0,,,0,0,Matches,,,,,,,,
350,Dominic Iorfa,eng ENG,DF,Sheffield Weds,29,1995,15.9,1,10,4,40,0.63,0.25,0.1,0.25,0,0,Matches,,,,,,,,
Rk,Player,Nation,Pos,Squad,Age,Born,90s,Gls,Sh,SoT,SoT%,Sh/90,SoT/90,G/Sh,G/SoT,PK,PKatt,Matches,,,,,,,,
351,Wilson Isidor,fr FRA,FW,Sunderland,23,2000,34.6,12,94,41,43.6,2.72,1.19,0.13,0.29,0,2,Matches,,,,,,,,
352,Frederick Issaka,wls WAL,MF,Plymouth Argyle,18,2006,6.6,1,7,2,28.6,1.06,0.3,0.14,0.5,0,0,Matches,,,,,,,,
353,Mihailo Ivanović,rs SRB,"FW,MF",Millwall,19,2004,24.2,12,52,27,51.9,2.15,1.12,0.21,0.41,1,1,Matches,,,,,,,,
354,Kayden Jackson,eng ENG,"MF,FW",Derby County,30,1994,28.6,3,42,19,45.2,1.47,0.66,0.07,0.16,0,0,Matches,,,,,,,,
355,Matty Jacob,eng ENG,DF,Hull City,23,2001,5,1,6,4,66.7,1.21,0.81,0.17,0.25,0,0,Matches,,,,,,,,
356,Daniel James,wls WAL,MF,Leeds United,26,1997,29,12,99,37,37.4,3.42,1.28,0.12,0.32,0,0,Matches,,,,,,,,
357,William Jarvis,eng ENG,MF,Hull City,21,2002,1.8,0,2,2,100,1.12,1.12,0,0,0,0,Matches,,,,,,,,
358,Daniel Jebbison,ca CAN,FW,Watford,20,2003,4.3,0,9,3,33.3,2.09,0.7,0,0,0,0,Matches,,,,,,,,
359,Lukas Jensen,dk DEN,GK,Millwall,25,1999,41,0,0,0,,0,0,,,0,0,Matches,,,,,,,,
360,Eom Jisung,kr KOR,MF,Swansea City,22,2002,25.4,3,57,13,22.8,2.24,0.51,0.05,0.23,0,0,Matches,,,,,,,,
361,Viktor Johansson,se SWE,GK,Stoke City,25,1998,46,0,0,0,,0,0,,,0,0,Matches,,,,,,,,
362,Daniel Johnson,jm JAM,MF,Stoke City,31,1992,0.1,0,0,0,,0,0,,,0,0,Matches,,,,,,,,
363,Joseph Johnson,eng ENG,"DF,MF",Luton Town,18,2006,5.2,0,1,0,0,0.19,0,0,,0,0,Matches,,,,,,,,
364,Marvin Johnson,eng ENG,"MF,DF",Sheffield Weds,33,1990,31.1,0,28,5,17.9,0.9,0.16,0,0,0,0,Matches,,,,,,,,
365,Michael Johnston,ie IRL,MF,West Bromwich Albion,25,1999,23,3,62,17,27.4,2.7,0.74,0.05,0.18,0,0,Matches,,,,,,,,
366,Alfie Jones,ca CAN,DF,Hull City,26,1997,37.7,0,8,3,37.5,0.21,0.08,0,0,0,0,Matches,,,,,,,,
367,Harrison Jones,eng ENG,MF,Sunderland,19,2004,1.5,0,1,0,0,0.68,0,0,,0,0,Matches,,,,,,,,
368,Isaiah Jones,gy GUY,MF,Middlesbrough,25,1999,8.8,0,15,5,33.3,1.7,0.57,0,0,0,0,Matches,,,,,,,,
369,Isaiah Jones,gy GUY,MF,Luton Town,25,1999,14.6,2,11,5,45.5,0.76,0.34,0.18,0.4,0,0,Matches,,,,,,,,
370,Kyle Joseph,sct SCO,"FW,MF",Hull City,22,2001,11.2,0,14,6,42.9,1.25,0.54,0,0,0,0,Matches,,,,,,,,
371,Mateo Joseph,es ESP,FW,Leeds United,20,2003,14.3,3,39,16,41,2.73,1.12,0.08,0.19,0,0,Matches,,,,,,,,
372,Mads Juel Andersen,dk DEN,DF,Luton Town,26,1997,4.6,0,3,0,0,0.66,0,0,,0,0,Matches,,,,,,,,
373,Bae Junho,kr KOR,MF,Stoke City,20,2003,36.2,3,40,14,35,1.1,0.39,0.08,0.21,0,0,Matches,,,,,,,,
374,Matěj Jurásek,cz CZE,FW,Norwich City,20,2003,0.9,0,0,0,,0,0,,,0,0,Matches,,,,,,,,
375,Abdoulaye Kamara,gn GUI,MF,Portsmouth,19,2004,1.4,0,0,0,,0,0,,,0,0,Matches,,,,,,,,
Rk,Player,Nation,Pos,Squad,Age,Born,90s,Gls,Sh,SoT,SoT%,Sh/90,SoT/90,G/Sh,G/SoT,PK,PKatt,Matches,,,,,,,,
376,Abu Kamara,eng ENG,"FW,MF",Norwich City,21,2003,0.2,0,0,0,,0,0,,,0,0,Matches,,,,,,,,
377,Abu Kamara,eng ENG,"MF,FW",Hull City,21,2003,25.1,5,36,14,38.9,1.44,0.56,0.14,0.36,0,0,Matches,,,,,,,,
378,Thomas Kaminski,be BEL,GK,Luton Town,31,1992,44.3,0,0,0,,0,0,,,0,0,Matches,,,,,,,,
379,Wilfried Kanga,ci CIV,FW,Cardiff City,26,1998,5.1,0,11,2,18.2,2.16,0.39,0,0,0,0,Matches,,,,,,,,
380,Augustus Kargbo,sl SLE,MF,Blackburn Rovers,24,1999,2.1,0,4,0,0,1.94,0,0,,0,0,Matches,,,,,,,,
381,Nikola Katić,ba BIH,DF,Plymouth Argyle,27,1996,13.6,1,9,3,33.3,0.66,0.22,0.11,0.33,0,0,Matches,,,,,,,,
382,Edo Kayembe,cd COD,"MF,FW",Watford,26,1998,35.5,8,65,16,24.6,1.83,0.45,0.09,0.38,2,2,Matches,,,,,,,,
383,Will Keane,ie IRL,"FW,MF",Preston North End,31,1993,12.5,3,14,4,28.6,1.12,0.32,0.21,0.75,0,0,Matches,,,,,,,,
384,Kévin Keben Biakolo,cm CMR,DF,Watford,20,2004,2.8,0,0,0,,0,0,,,0,0,Matches,,,,,,,,
385,Daniel Kelly,sct SCO,MF,Millwall,18,2005,0.2,0,0,0,,0,0,,,0,0,Matches,,,,,,,,
386,Kaine Kesler-Hayden,eng ENG,"MF,DF",Preston North End,21,2002,40.8,2,40,11,27.5,0.98,0.27,0.05,0.18,0,0,Matches,,,,,,,,
387,Josh Key,eng ENG,DF,Swansea City,24,1999,38.5,1,22,8,36.4,0.57,0.21,0.05,0.13,0,0,Matches,,,,,,,,
388,Ben Killip,eng ENG,GK,Portsmouth,28,1995,2,0,0,0,,0,0,,,0,0,Matches,,,,,,,,
389,Peter Kioso,cd COD,DF,Oxford United,25,1998,25.6,0,7,0,0,0.27,0,0,,0,0,Matches,,,,,,,,
390,Liam Kitching,eng ENG,DF,Coventry City,24,1999,25.4,0,14,4,28.6,0.55,0.16,0,0,0,0,Matches,,,,,,,,
391,Jason Knight,ie IRL,MF,Bristol City,23,2001,46,3,49,9,18.4,1.07,0.2,0.06,0.33,0,0,Matches,,,,,,,,
392,Olaf Kobacki,pl POL,"FW,MF",Sheffield Weds,23,2001,4.1,0,10,3,30,2.44,0.73,0,0,0,0,Matches,,,,,,,,
393,Luca Koleosho,it ITA,MF,Burnley,19,2004,18.6,2,29,11,37.9,1.56,0.59,0.07,0.18,0,0,Matches,,,,,,,,
394,Rayan Kolli,dz ALG,"FW,MF",Queens Park Rangers,19,2005,9.1,4,22,7,31.8,2.41,0.77,0.18,0.57,0,0,Matches,,,,,,,,
395,Lewis Koumas,wls WAL,MF,Stoke City,18,2005,27.1,3,45,15,33.3,1.66,0.55,0.07,0.2,0,0,Matches,,,,,,,,
396,Ronan Kpakio,wls WAL,DF,Cardiff City,17,2007,1.2,0,1,0,0,0.83,0,0,,0,0,Matches,,,,,,,,
397,Tom Krauß,de GER,MF,Luton Town,23,2001,17.8,2,17,2,11.8,0.96,0.11,0.12,1,0,0,Matches,,,,,,,,
398,Paddy Lane,nir NIR,MF,Portsmouth,23,2001,11.9,1,13,5,38.5,1.09,0.42,0.08,0.2,0,0,Matches,,,,,,,,
399,Callum Lang,eng ENG,MF,Portsmouth,25,1998,27.1,10,67,23,34.3,2.47,0.85,0.12,0.35,2,2,Matches,,,,,,,,
400,Sondre Langås,no NOR,DF,Derby County,23,2001,12.4,0,4,1,25,0.32,0.08,0,0,0,0,Matches,,,,,,,,
Rk,Player,Nation,Pos,Squad,Age,Born,90s,Gls,Sh,SoT,SoT%,Sh/90,SoT/90,G/Sh,G/SoT,PK,PKatt,Matches,,,,,,,,
401,Macaulay Langstaff,eng ENG,FW,Millwall,27,1997,15.4,1,25,10,40,1.62,0.65,0.04,0.1,0,0,Matches,,,,,,,,
402,Will Lankshear,eng ENG,FW,West Bromwich Albion,19,2005,3.9,0,7,1,14.3,1.8,0.26,0,0,0,0,Matches,,,,,,,,
403,Yasser Larouci,dz ALG,"MF,DF",Watford,23,2001,23.7,0,22,3,13.6,0.93,0.13,0,0,0,0,Matches,,,,,,,,
404,Joël Latibeaudière,jm JAM,DF,Coventry City,24,2000,28.6,0,8,1,12.5,0.28,0.03,0,0,0,0,Matches,,,,,,,,
405,Emmanuel Latte Lath,ci CIV,FW,Middlesbrough,25,1999,19.6,11,55,25,45.5,2.8,1.27,0.16,0.36,2,2,Matches,,,,,,,,
406,Josh Laurent,eng ENG,MF,Stoke City,29,1995,3,0,0,0,,0,0,,,0,0,Matches,,,,,,,,
407,Josh Laurent,eng ENG,MF,Burnley,29,1995,27.2,2,27,8,29.6,0.99,0.29,0.07,0.25,0,0,Matches,,,,,,,,
408,Mohammed Lawal,ie IRL,DF,Stoke City,21,2003,2.3,0,1,0,0,0.44,0,0,,0,0,Matches,,,,,,,,
409,Dylan Lawlor,wls WAL,DF,Cardiff City,18,2006,0.6,0,0,0,,0,0,,,0,0,Matches,,,,,,,,
410,Enzo Le Fée,fr FRA,MF,Sunderland,24,2000,11.1,1,19,6,31.6,1.71,0.54,0.05,0.17,0,0,Matches,,,,,,,,
411,Tom Leahy,eng ENG,FW,Millwall,20,2004,0,0,0,0,,0,0,,,0,0,Matches,,,,,,,,
412,Ryan Ledson,eng ENG,MF,Preston North End,26,1997,13.5,1,10,3,30,0.74,0.22,0.1,0.33,0,0,Matches,,,,,,,,
413,Greg Leigh,jm JAM,"DF,MF",Oxford United,29,1994,26,6,18,8,44.4,0.69,0.31,0.33,0.75,0,0,Matches,,,,,,,,
414,Harry Leonard,eng ENG,FW,Blackburn Rovers,20,2003,1.7,1,7,4,57.1,4.23,2.42,0.14,0.25,0,0,Matches,,,,,,,,
415,Ryan Leonard,eng ENG,DF,Millwall,32,1992,29.2,0,12,0,0,0.41,0,0,,0,0,Matches,,,,,,,,
416,Lincoln,br BRA,MF,Hull City,25,1998,4.7,0,3,1,33.3,0.64,0.21,0,0,0,0,Matches,,,,,,,,
417,Liam Lindsay,sct SCO,DF,Preston North End,28,1995,29,1,22,5,22.7,0.76,0.17,0.05,0.2,0,0,Matches,,,,,,,,
418,Alfie Lloyd,eng ENG,"MF,FW",Queens Park Rangers,21,2003,8.3,2,18,4,22.2,2.17,0.48,0.11,0.5,0,0,Matches,,,,,,,,
419,Ben Lloyd,wls WAL,FW,Swansea City,19,2005,0.1,0,0,0,,0,0,,,0,0,Matches,,,,,,,,
420,George Long,eng ENG,GK,Norwich City,30,1993,8.5,0,0,0,,0,0,,,0,0,Matches,,,,,,,,
421,Sam Long,eng ENG,DF,Oxford United,29,1995,18.4,1,9,3,33.3,0.49,0.16,0.11,0.33,0,0,Matches,,,,,,,,
422,Ryan Longman,eng ENG,"MF,FW",Hull City,23,2000,5.3,1,11,6,54.5,2.07,1.13,0.09,0.17,0,0,Matches,,,,,,,,
423,Imran Louza,ma MAR,MF,Watford,25,1999,29.7,2,37,15,40.5,1.24,0.5,0.05,0.13,0,0,Matches,,,,,,,,
424,Jamal Lowe,jm JAM,"FW,MF",Sheffield Weds,30,1994,10.7,3,21,5,23.8,1.97,0.47,0.14,0.6,0,0,Matches,,,,,,,,
425,Max Lowe,eng ENG,DF,Sheffield Weds,27,1997,29.8,0,2,1,50,0.07,0.03,0,0,0,0,Matches,,,,,,,,
Rk,Player,Nation,Pos,Squad,Age,Born,90s,Gls,Sh,SoT,SoT%,Sh/90,SoT/90,G/Sh,G/SoT,PK,PKatt,Matches,,,,,,,,
426,Nathan Lowe,eng ENG,"FW,MF",Stoke City,18,2005,5.2,1,6,2,33.3,1.15,0.38,0.17,0.5,0,0,Matches,,,,,,,,
427,Lucas,br BRA,DF,Burnley,23,2001,31,0,19,3,15.8,0.61,0.1,0,0,0,0,Matches,,,,,,,,
428,Nicolas Madsen,dk DEN,MF,Queens Park Rangers,24,2000,19.5,3,21,7,33.3,1.08,0.36,0.1,0.29,1,1,Matches,,,,,,,,
429,Lucien Mahovo,eng ENG,DF,Norwich City,19,2005,5.8,0,4,2,50,0.69,0.34,0,0,0,0,Matches,,,,,,,,
430,Josh Maja,ng NGA,FW,West Bromwich Albion,25,1998,22.8,12,48,18,37.5,2.1,0.79,0.25,0.67,0,0,Matches,,,,,,,,
431,Christ Makosso,cg CGO,DF,Luton Town,20,2004,10.6,0,7,0,0,0.66,0,0,,0,0,Matches,,,,,,,,
432,Million Manhoef,nl NED,"MF,FW",Stoke City,22,2002,26.9,5,71,25,35.2,2.64,0.93,0.07,0.2,0,0,Matches,,,,,,,,
433,Sivert Mannsverk,no NOR,MF,Cardiff City,22,2002,11.2,0,9,1,11.1,0.81,0.09,0,0,0,0,Matches,,,,,,,,
434,Benson Manuel,ao ANG,"FW,MF",Burnley,27,1997,0.5,1,4,1,25,7.83,1.96,0.25,1,0,0,Matches,,,,,,,,
435,Emiliano Marcondes,dk DEN,"MF,FW",Norwich City,29,1995,25.3,5,39,15,38.5,1.54,0.59,0.13,0.33,0,0,Matches,,,,,,,,
436,Ephron Mason-Clark,eng ENG,"MF,FW",Coventry City,24,1999,18.1,5,38,17,44.7,2.1,0.94,0.13,0.29,0,0,Matches,,,,,,,,
437,Han-Noah Massengo,fr FRA,MF,Burnley,23,2001,1.1,0,1,0,0,0.93,0,0,,0,0,Matches,,,,,,,,
438,Zavier Massiah,eng ENG,FW,Watford,17,2007,0.6,0,0,0,,0,0,,,0,0,Matches,,,,,,,,
439,Eliot Matazo,be BEL,MF,Hull City,22,2002,3.3,1,4,2,50,1.2,0.6,0.25,0.5,0,0,Matches,,,,,,,,
440,Alex Matos,eng ENG,"MF,FW",Oxford United,19,2004,10.4,0,2,0,0,0.19,0,0,,0,0,Matches,,,,,,,,
441,Hayden Matthews,au AUS,DF,Portsmouth,20,2004,3.5,0,0,0,,0,0,,,0,0,Matches,,,,,,,,
442,Eliezer Mayenda,es ESP,"FW,MF",Sunderland,19,2005,23.9,8,55,27,49.1,2.3,1.13,0.15,0.3,0,0,Matches,,,,,,,,
443,Fally Mayulu,fr FRA,FW,Bristol City,22,2002,4.5,2,17,6,35.3,3.81,1.34,0.12,0.33,0,0,Matches,,,,,,,,
444,Sam McCallum,eng ENG,"DF,MF",Sheffield United,23,2000,11.7,2,15,3,20,1.28,0.26,0.13,0.67,0,0,Matches,,,,,,,,
445,Alistair McCann,nir NIR,MF,Preston North End,24,1999,26.9,1,17,4,23.5,0.63,0.15,0.06,0.25,0,0,Matches,,,,,,,,
446,Ruairi Mcconville,nir NIR,DF,Norwich City,19,2005,2.3,0,2,0,0,0.88,0,0,,0,0,Matches,,,,,,,,
447,George McCormick,eng ENG,DF,Middlesbrough,19,2005,0,0,0,0,,0,0,,,0,0,Matches,,,,,,,,
448,Ross McCrorie,sct SCO,"MF,DF",Bristol City,26,1998,16.4,5,23,7,30.4,1.4,0.43,0.22,0.71,0,0,Matches,,,,,,,,
449,Josh McEachran,eng ENG,MF,Oxford United,31,1993,5.6,0,1,0,0,0.18,0,0,,0,0,Matches,,,,,,,,
450,Kyle McFadzean,sct SCO,DF,Blackburn Rovers,37,1987,0,0,0,0,,0,0,,,0,0,Matches,,,,,,,,
Rk,Player,Nation,Pos,Squad,Age,Born,90s,Gls,Sh,SoT,SoT%,Sh/90,SoT/90,G/Sh,G/SoT,PK,PKatt,Matches,,,,,,,,
451,Riley McGree,au AUS,MF,Middlesbrough,25,1998,10.5,1,25,10,40,2.39,0.95,0.04,0.1,0,0,Matches,,,,,,,,
452,Marcus McGuane,eng ENG,MF,Bristol City,25,1999,11.8,0,7,2,28.6,0.59,0.17,0,0,0,0,Matches,,,,,,,,
453,Mark McGuinness,ie IRL,DF,Luton Town,23,2001,41.7,3,49,9,18.4,1.18,0.22,0.06,0.33,0,0,Matches,,,,,,,,
454,Tom McIntyre,sct SCO,DF,Portsmouth,25,1998,11.3,0,4,1,25,0.35,0.09,0,0,0,0,Matches,,,,,,,,
455,Kenny McLean,sct SCO,"MF,DF",Norwich City,32,1992,33.3,0,11,1,9.1,0.33,0.03,0,0,0,0,Matches,,,,,,,,
456,Sean McLoughlin,ie IRL,DF,Hull City,27,1996,35.7,0,29,11,37.9,0.81,0.31,0,0,0,0,Matches,,,,,,,,
457,Paddy McNair,nir NIR,DF,West Bromwich Albion,29,1995,1,0,0,0,,0,0,,,0,0,Matches,,,,,,,,
458,Luke McNally,ie IRL,DF,Bristol City,24,1999,25.8,3,29,8,27.6,1.12,0.31,0.1,0.38,0,0,Matches,,,,,,,,
459,Luke McNally,ie IRL,DF,Burnley,24,1999,0,0,0,0,,0,0,,,0,0,Matches,,,,,,,,
460,Dan McNamara,ie IRL,DF,Millwall,25,1998,7.6,0,1,1,100,0.13,0.13,0,0,0,0,Matches,,,,,,,,
461,Charlie McNeill,eng ENG,FW,Sheffield Weds,20,2003,0.6,0,1,0,0,1.58,0,0,,0,0,Matches,,,,,,,,
462,Jayden Meghoma,eng ENG,"MF,DF",Preston North End,18,2006,8.5,0,2,1,50,0.23,0.12,0,0,0,0,Matches,,,,,,,,
463,Marvin Mehlem,de GER,MF,Hull City,26,1997,10,0,12,1,8.3,1.2,0.1,0,0,0,0,Matches,,,,,,,,
464,Anis Mehmeti,al ALB,"MF,FW",Bristol City,23,2001,28.4,12,86,32,37.2,3.03,1.13,0.12,0.31,2,2,Matches,,,,,,,,
465,Yakou Méïte,ci CIV,"MF,FW",Cardiff City,28,1996,13.3,3,45,14,31.1,3.37,1.05,0.07,0.21,0,0,Matches,,,,,,,,
466,Hannibal Mejbri,tn TUN,MF,Burnley,21,2003,21.4,1,33,7,21.2,1.54,0.33,0.03,0.14,0,0,Matches,,,,,,,,
467,Nathaniel Mendez-Laing,gt GUA,"MF,FW",Derby County,32,1992,23.3,3,40,12,30,1.72,0.51,0.05,0.17,1,1,Matches,,,,,,,,
468,Teden Mengi,eng ENG,DF,Luton Town,22,2002,17.4,1,15,5,33.3,0.86,0.29,0.07,0.2,0,0,Matches,,,,,,,,
469,Chris Mepham,wls WAL,DF,Sunderland,26,1997,36.4,1,14,6,42.9,0.38,0.16,0.07,0.17,0,0,Matches,,,,,,,,
470,Illan Meslier,fr FRA,GK,Leeds United,24,2000,39,0,0,0,,0,0,,,0,0,Matches,,,,,,,,
471,Liam Millar,ca CAN,"MF,FW",Hull City,24,1999,6.9,1,18,4,22.2,2.62,0.58,0.06,0.25,0,0,Matches,,,,,,,,
472,Stanley Mills,eng ENG,MF,Oxford United,20,2003,3.9,1,11,1,9.1,2.79,0.25,0.09,1,0,0,Matches,,,,,,,,
473,Yang Minhyeok,kr KOR,"MF,FW",Queens Park Rangers,18,2006,7.7,2,18,7,38.9,2.34,0.91,0.11,0.29,0,0,Matches,,,,,,,,
474,Billy Mitchell,eng ENG,MF,Millwall,24,2000,9.9,0,4,0,0,0.4,0,0,,0,0,Matches,,,,,,,,
475,Idris El Mizouni,tn TUN,MF,Oxford United,23,2000,13.8,1,18,6,33.3,1.3,0.43,0.06,0.17,0,0,Matches,,,,,,,,
Rk,Player,Nation,Pos,Squad,Age,Born,90s,Gls,Sh,SoT,SoT%,Sh/90,SoT/90,G/Sh,G/SoT,PK,PKatt,Matches,,,,,,,,
476,Ryan Mmaee,ma MAR,FW,Stoke City,26,1997,1.2,0,1,0,0,0.81,0,0,,0,0,Matches,,,,,,,,
477,Jayson Molumby,ie IRL,MF,West Bromwich Albion,24,1999,30,4,31,13,41.9,1.03,0.43,0.13,0.31,0,0,Matches,,,,,,,,
478,Kristi Montgomery,sct SCO,DF,Blackburn Rovers,20,2004,1.5,0,0,0,,0,0,,,0,0,Matches,,,,,,,,
479,Elliott Moore,eng ENG,DF,Oxford United,27,1997,22.9,1,10,4,40,0.44,0.18,0.1,0.25,0,0,Matches,,,,,,,,
480,Kieffer Moore,wls WAL,FW,Sheffield United,31,1992,19.6,5,57,19,33.3,2.9,0.97,0.07,0.21,1,3,Matches,,,,,,,,
481,Simon Moore,eng ENG,GK,Sunderland,34,1990,4,0,0,0,,0,0,,,0,0,Matches,,,,,,,,
482,Andrew Moran,ie IRL,MF,Stoke City,20,2003,26.2,4,28,8,28.6,1.07,0.31,0.14,0.5,0,0,Matches,,,,,,,,
483,Kieran Morgan,eng ENG,MF,Queens Park Rangers,18,2006,17.6,1,17,3,17.6,0.96,0.17,0.06,0.33,0,0,Matches,,,,,,,,
484,Aidan Morris,us USA,MF,Middlesbrough,22,2001,32.4,0,30,4,13.3,0.93,0.12,0,0,0,0,Matches,,,,,,,,
485,Carlton Morris,eng ENG,"FW,MF",Luton Town,28,1995,34.7,8,63,28,44.4,1.82,0.81,0.1,0.21,2,2,Matches,,,,,,,,
486,James Morris,eng ENG,DF,Watford,22,2001,12.1,0,2,0,0,0.17,0,0,,0,0,Matches,,,,,,,,
487,Elijah Morrison,eng ENG,MF,Bristol City,18,2006,0.4,0,1,0,0,2.31,0,0,,0,0,Matches,,,,,,,,
488,Liam Morrison,sct SCO,DF,Queens Park Rangers,21,2003,14.5,0,8,0,0,0.55,0,0,,0,0,Matches,,,,,,,,
489,Victor Moses,ng NGA,MF,Luton Town,33,1990,12.6,1,12,2,16.7,0.95,0.16,0.08,0.5,0,0,Matches,,,,,,,,
490,Alex Mowatt,eng ENG,MF,West Bromwich Albion,29,1995,37.2,7,30,10,33.3,0.81,0.27,0.23,0.7,0,0,Matches,,,,,,,,
491,Owen Moxon,eng ENG,MF,Portsmouth,26,1998,3.1,0,4,3,75,1.31,0.98,0,0,0,0,Matches,,,,,,,,
492,Bali Mumba,eng ENG,"MF,DF",Plymouth Argyle,22,2001,37.7,0,22,3,13.6,0.58,0.08,0,0,0,0,Matches,,,,,,,,
493,Romaine Mundle,eng ENG,"MF,FW",Sunderland,21,2003,15.9,5,35,12,34.3,2.2,0.75,0.14,0.42,0,0,Matches,,,,,,,,
494,Josh Murphy,eng ENG,MF,Portsmouth,29,1995,38.1,7,107,31,29,2.81,0.81,0.07,0.23,0,0,Matches,,,,,,,,
495,Anthony Musaba,nl NED,"MF,FW",Sheffield Weds,23,2000,14.8,3,32,10,31.3,2.17,0.68,0.09,0.3,0,0,Matches,,,,,,,,
496,Elliot Myles,wls WAL,FW,Norwich City,17,2007,0.5,0,0,0,,0,0,,,0,0,Matches,,,,,,,,
497,Amin Nabizada,eng ENG,FW,Watford,17,2007,0.2,0,0,0,,0,0,,,0,0,Matches,,,,,,,,
498,Kal Naismith,sct SCO,DF,Bristol City,32,1992,3.2,0,0,0,,0,0,,,0,0,Matches,,,,,,,,
499,Kal Naismith,sct SCO,"DF,MF",Luton Town,32,1992,5.1,0,3,0,0,0.58,0,0,,0,0,Matches,,,,,,,,
500,Marvelous Nakamba,zw ZIM,MF,Luton Town,30,1994,14.4,0,2,0,0,0.14,0,0,,0,0,Matches,,,,,,,,
Rk,Player,Nation,Pos,Squad,Age,Born,90s,Gls,Sh,SoT,SoT%,Sh/90,SoT/90,G/Sh,G/SoT,PK,PKatt,Matches,,,,,,,,
501,Paul Nardi,fr FRA,GK,Queens Park Rangers,30,1994,45,0,2,2,100,0.04,0.04,0,0,0,0,Matches,,,,,,,,
502,Kyle Naughton,eng ENG,DF,Swansea City,35,1988,9.2,0,0,0,,0,0,,,0,0,Matches,,,,,,,,
503,Camiel Neghli,nl NED,MF,Millwall,22,2001,2.1,1,7,6,85.7,3.26,2.8,0.14,0.17,0,0,Matches,,,,,,,,
504,Dan Neil,eng ENG,MF,Sunderland,22,2001,43.1,2,24,5,20.8,0.56,0.12,0.08,0.4,0,0,Matches,,,,,,,,
505,Benjamin Nelson,eng ENG,DF,Oxford United,20,2004,15.2,1,4,2,50,0.26,0.13,0.25,0.5,0,0,Matches,,,,,,,,
506,Curtis Nelson,eng ENG,DF,Derby County,31,1993,27,2,20,7,35,0.74,0.26,0.1,0.29,0,0,Matches,,,,,,,,
507,Zack Nelson,eng ENG,"MF,FW",Luton Town,19,2004,8.9,0,9,1,11.1,1.01,0.11,0,0,0,0,Matches,,,,,,,,
508,Perry Ng,eng ENG,DF,Cardiff City,28,1996,31,1,25,7,28,0.81,0.23,0.04,0.14,0,0,Matches,,,,,,,,
509,Jeremy Ngakia,,"DF,MF",Watford,23,2000,20.9,1,17,3,17.6,0.81,0.14,0.06,0.33,0,0,Matches,,,,,,,,
510,Kevin Nisbet,sct SCO,FW,Millwall,27,1997,0.1,0,0,0,,0,0,,,0,0,Matches,,,,,,,,
511,Lasse Nordås,no NOR,FW,Luton Town,22,2002,2.8,0,8,0,0,2.82,0,0,,0,0,Matches,,,,,,,,
512,Casper de Norre,be BEL,MF,Millwall,27,1997,40.1,3,30,7,23.3,0.75,0.17,0.1,0.43,0,0,Matches,,,,,,,,
513,Rhys Norrington-Davies,wls WAL,DF,Sheffield United,25,1999,2.8,0,1,0,0,0.36,0,0,,0,0,Matches,,,,,,,,
514,Will Norris,eng ENG,GK,Portsmouth,30,1993,8,0,0,0,,0,0,,,0,0,Matches,,,,,,,,
515,Marcelino Núñez,cl CHI,MF,Norwich City,24,2000,24.9,6,56,17,30.4,2.24,0.68,0.11,0.35,0,0,Matches,,,,,,,,
516,Tanatswa Nyakuhwa,wls WAL,FW,Cardiff City,18,2005,0.2,0,0,0,,0,0,,,0,0,Matches,,,,,,,,
517,Ryan Nyambe,na NAM,"DF,MF",Derby County,26,1997,12.5,0,0,0,,0,0,,,0,0,Matches,,,,,,,,
518,Lewis O'Brien,eng ENG,MF,Swansea City,25,1998,15.8,1,23,7,30.4,1.46,0.44,0.04,0.14,0,0,Matches,,,,,,,,
519,Gatlin O'Donkor,eng ENG,FW,Oxford United,19,2004,0,0,0,0,,0,0,,,0,0,Matches,,,,,,,,
520,Callum O'Dowda,ie IRL,"DF,MF",Cardiff City,29,1995,39.4,2,27,9,33.3,0.69,0.23,0.07,0.22,0,0,Matches,,,,,,,,
521,Callum O'Hare,eng ENG,MF,Sheffield United,26,1998,34.9,2,40,12,30,1.15,0.34,0.05,0.17,0,0,Matches,,,,,,,,
522,Max O'Leary,ie IRL,GK,Bristol City,27,1996,46,0,0,0,,0,0,,,0,0,Matches,,,,,,,,
523,Mark O'Mahony,ie IRL,FW,Portsmouth,19,2005,6.6,3,10,4,40,1.51,0.61,0.3,0.75,0,0,Matches,,,,,,,,
524,Luke O'Nien,eng ENG,DF,Sunderland,29,1994,43.7,3,17,6,35.3,0.39,0.14,0.18,0.5,0,1,Matches,,,,,,,,
525,Dara O'Shea,ie IRL,DF,Burnley,25,1999,2,1,4,2,50,2,1,0.25,0.5,0,0,Matches,,,,,,,,
Rk,Player,Nation,Pos,Squad,Age,Born,90s,Gls,Sh,SoT,SoT%,Sh/90,SoT/90,G/Sh,G/SoT,PK,PKatt,Matches,,,,,,,,
526,Michael Obafemi,ie IRL,"FW,MF",Plymouth Argyle,24,2000,13.3,2,15,5,33.3,1.13,0.38,0.13,0.4,0,0,Matches,,,,,,,,
527,Wilson Odobert,fr FRA,MF,Burnley,19,2004,1,1,3,1,33.3,3.03,1.01,0.33,1,0,0,Matches,,,,,,,,
528,Chiedozie Ogbene,ie IRL,MF,Luton Town,27,1997,2.7,0,0,0,,0,0,,,0,0,Matches,,,,,,,,
529,Nathanael Ogbeta,eng ENG,"MF,DF",Plymouth Argyle,23,2001,7,1,4,1,25,0.58,0.14,0.25,1,0,0,Matches,,,,,,,,
530,Angelo Ogbonna,it ITA,DF,Watford,36,1988,4.4,0,0,0,,0,0,,,0,0,Matches,,,,,,,,
531,Connor Ogilvie,eng ENG,DF,Portsmouth,28,1996,44.8,4,39,9,23.1,0.87,0.2,0.1,0.44,0,0,Matches,,,,,,,,
532,Yuki Ohashi,jp JPN,"FW,MF",Blackburn Rovers,28,1996,24.7,9,52,19,36.5,2.11,0.77,0.17,0.47,0,0,Matches,,,,,,,,
533,Jeppe Okkels,dk DEN,MF,Preston North End,25,1999,1.4,0,0,0,,0,0,,,0,0,Matches,,,,,,,,
534,Abdülkadir Ömür,tr TUR,"MF,FW",Hull City,25,1999,11.8,0,8,3,37.5,0.68,0.25,0,0,0,0,Matches,,,,,,,,
535,Ryan One,sct SCO,FW,Sheffield United,18,2006,3.2,1,8,2,25,2.47,0.62,0.13,0.5,0,0,Matches,,,,,,,,
536,Ben Osborn,eng ENG,"MF,DF",Derby County,29,1994,18.9,0,6,0,0,0.32,0,0,,0,0,Matches,,,,,,,,
537,Milutin Osmajić,me MNE,FW,Preston North End,25,1999,21.3,9,43,18,41.9,2.02,0.84,0.21,0.5,0,0,Matches,,,,,,,,
538,Gabriel Otegbayo,,DF,Sheffield Weds,,,5.3,1,3,2,66.7,0.56,0.37,0.33,0.5,0,0,Matches,,,,,,,,
539,David Ozoh,eng ENG,MF,Derby County,19,2005,7.8,1,6,2,33.3,0.77,0.26,0.17,0.5,0,0,Matches,,,,,,,,
540,Kenneth Paal,sr SUR,DF,Queens Park Rangers,27,1997,32,1,16,6,37.5,0.5,0.19,0.06,0.17,0,0,Matches,,,,,,,,
541,Marlon Pack,eng ENG,"DF,MF",Portsmouth,33,1991,30.1,0,13,2,15.4,0.43,0.07,0,0,0,0,Matches,,,,,,,,
542,Alex Palmer,eng ENG,GK,West Bromwich Albion,27,1996,30,0,0,0,,0,0,,,0,0,Matches,,,,,,,,
543,Kasey Palmer,jm JAM,MF,Hull City,27,1996,12.1,1,23,9,39.1,1.91,0.75,0.04,0.11,0,1,Matches,,,,,,,,
544,Kasey Palmer,jm JAM,MF,Coventry City,27,1996,0.6,1,3,1,33.3,5,1.67,0.33,1,0,0,Matches,,,,,,,,
545,Liam Palmer,sct SCO,"DF,MF",Sheffield Weds,32,1991,9.7,0,4,1,25,0.41,0.1,0,0,0,0,Matches,,,,,,,,
546,Victor Pálsson,is ISL,DF,Plymouth Argyle,33,1991,19.3,0,5,1,20,0.26,0.05,0,0,0,0,Matches,,,,,,,,
547,Ivor Pandur,hr CRO,GK,Hull City,24,2000,44,0,0,0,,0,0,,,0,0,Matches,,,,,,,,
548,Samuel Parker,wls WAL,DF,Swansea City,18,2006,1,0,2,0,0,2.09,0,0,,0,0,Matches,,,,,,,,
549,Callum Paterson,sct SCO,"MF,FW",Sheffield Weds,29,1994,13.2,6,26,9,34.6,1.97,0.68,0.23,0.67,0,0,Matches,,,,,,,,
550,Jamie Paterson,eng ENG,"FW,MF",Coventry City,32,1991,0.9,1,2,1,50,2.28,1.14,0.5,1,0,0,Matches,,,,,,,,
Rk,Player,Nation,Pos,Squad,Age,Born,90s,Gls,Sh,SoT,SoT%,Sh/90,SoT/90,G/Sh,G/SoT,PK,PKatt,Matches,,,,,,,,
551,Anthony Patterson,eng ENG,GK,Sunderland,24,2000,42,0,1,1,100,0.02,0.02,0,0,0,0,Matches,,,,,,,,
552,Aynsley Pears,eng ENG,GK,Blackburn Rovers,26,1998,40,0,0,0,,0,0,,,0,0,Matches,,,,,,,,
553,Ben Pearson,eng ENG,MF,Stoke City,29,1995,6.3,0,1,0,0,0.16,0,0,,0,0,Matches,,,,,,,,
554,Myles Peart-Harris,eng ENG,MF,Swansea City,21,2002,18.5,3,24,9,37.5,1.3,0.49,0.13,0.33,0,0,Matches,,,,,,,,
555,Sydie Peck,eng ENG,MF,Sheffield United,19,2004,32.5,0,39,11,28.2,1.2,0.34,0,0,0,0,Matches,,,,,,,,
556,João Pedro,it ITA,FW,Hull City,32,1992,23.8,6,34,13,38.2,1.43,0.55,0.18,0.46,0,0,Matches,,,,,,,,
557,Ashley Phillips,wls WAL,DF,Stoke City,19,2005,34.2,0,12,5,41.7,0.35,0.15,0,0,0,0,Matches,,,,,,,,
558,Joshua Phillips,eng ENG,MF,Luton Town,18,2005,0,0,0,0,,0,0,,,0,0,Matches,,,,,,,,
559,Matt Phillips,sct SCO,"MF,DF",Oxford United,33,1991,10.6,0,7,2,28.6,0.66,0.19,0,0,0,0,Matches,,,,,,,,
560,Nathaniel Phillips,eng ENG,DF,Derby County,27,1997,24.8,1,25,3,12,1.01,0.12,0.04,0.33,0,0,Matches,,,,,,,,
561,Harry Pickering,eng ENG,DF,Blackburn Rovers,25,1998,11.5,0,3,1,33.3,0.26,0.09,0,0,0,0,Matches,,,,,,,,
562,Erik Pieters,nl NED,"DF,MF",Derby County,35,1988,0,0,0,0,,0,0,,,0,0,Matches,,,,,,,,
563,Joël Piroe,nl NED,FW,Leeds United,24,1999,34.2,19,102,41,40.2,2.98,1.2,0.18,0.44,1,1,Matches,,,,,,,,
564,Julio Pleguezuelo,es ESP,DF,Plymouth Argyle,27,1997,21.8,1,4,1,25,0.18,0.05,0.25,1,0,0,Matches,,,,,,,,
565,Matthew Pollock,eng ENG,DF,Watford,22,2001,42.4,2,27,8,29.6,0.64,0.19,0.07,0.25,0,0,Matches,,,,,,,,
566,Regan Poole,wls WAL,DF,Portsmouth,26,1998,23.8,1,5,3,60,0.21,0.13,0.2,0.33,0,0,Matches,,,,,,,,
567,Ryan Porteous,sct SCO,DF,Preston North End,25,1999,9.1,1,8,2,25,0.87,0.22,0.13,0.5,0,0,Matches,,,,,,,,
568,Ryan Porteous,sct SCO,DF,Watford,25,1999,18.5,2,9,2,22.2,0.49,0.11,0.22,1,0,0,Matches,,,,,,,,
569,Brad Potts,eng ENG,"MF,DF",Preston North End,30,1994,22.8,4,29,10,34.5,1.27,0.44,0.14,0.4,0,0,Matches,,,,,,,,
570,Freddie Potts,eng ENG,MF,Portsmouth,20,2003,34,1,21,4,19,0.62,0.12,0.05,0.25,0,0,Matches,,,,,,,,
571,Ian Poveda,eng ENG,"FW,MF",Sunderland,24,2000,1,0,2,0,0,2.09,0,0,,0,0,Matches,,,,,,,,
572,Isaac Price,nir NIR,MF,West Bromwich Albion,20,2003,11.7,1,16,4,25,1.37,0.34,0.06,0.25,0,0,Matches,,,,,,,,
573,Cameron Pring,eng ENG,"DF,MF",Bristol City,26,1998,24.8,0,7,2,28.6,0.28,0.08,0,0,0,0,Matches,,,,,,,,
574,Tymoteusz Puchacz,pl POL,"MF,DF",Plymouth Argyle,25,1999,12.5,0,3,0,0,0.24,0,0,,0,0,Matches,,,,,,,,
575,Gustavo Puerta,co COL,MF,Hull City,21,2003,21,0,22,4,18.2,1.05,0.19,0,0,0,0,Matches,,,,,,,,
Rk,Player,Nation,Pos,Squad,Age,Born,90s,Gls,Sh,SoT,SoT%,Sh/90,SoT/90,G/Sh,G/SoT,PK,PKatt,Matches,,,,,,,,
576,Przemysław Płacheta,pl POL,MF,Oxford United,26,1998,23,3,49,13,26.5,2.13,0.56,0.06,0.23,0,0,Matches,,,,,,,,
577,Uroš Račić,rs SRB,MF,West Bromwich Albion,26,1998,10.2,0,21,5,23.8,2.06,0.49,0,0,0,0,Matches,,,,,,,,
578,Mileta Rajovic,dk DEN,FW,Watford,25,1999,0.5,1,2,1,50,3.91,1.96,0.5,1,0,0,Matches,,,,,,,,
579,Jesurun Rak Sakyi,eng ENG,MF,Sheffield United,21,2002,19.2,7,46,17,37,2.4,0.89,0.15,0.41,0,0,Matches,,,,,,,,
580,Joe Ralls,eng ENG,MF,Cardiff City,30,1993,12.8,0,15,4,26.7,1.18,0.31,0,0,0,0,Matches,,,,,,,,
581,Largie Ramazani,be BEL,MF,Leeds United,23,2001,8.9,6,36,16,44.4,4.07,1.81,0.17,0.38,0,0,Matches,,,,,,,,
582,Aaron Ramsey,wls WAL,MF,Cardiff City,33,1990,6.2,0,10,5,50,1.62,0.81,0,0,0,0,Matches,,,,,,,,
583,Aaron Ramsey,eng ENG,MF,Burnley,21,2003,0.1,0,0,0,,0,0,,,0,0,Matches,,,,,,,,
584,Adam Randell,eng ENG,MF,Plymouth Argyle,23,2000,37.5,1,30,7,23.3,0.8,0.19,0.03,0.14,0,0,Matches,,,,,,,,
585,Joe Rankin-Costello,eng ENG,"DF,MF",Blackburn Rovers,25,1999,13.9,2,21,8,38.1,1.51,0.58,0.1,0.25,0,0,Matches,,,,,,,,
586,Nathan Redmond,eng ENG,"FW,MF",Burnley,30,1994,0.2,0,0,0,,0,0,,,0,0,Matches,,,,,,,,
587,Michael Reindorf,eng ENG,MF,Cardiff City,19,2005,0.6,0,1,0,0,1.73,0,0,,0,0,Matches,,,,,,,,
588,Vicente Reyes,cl CHI,GK,Norwich City,20,2003,3,0,0,0,,0,0,,,0,0,Matches,,,,,,,,
589,Yuri Ribeiro,pt POR,DF,Blackburn Rovers,27,1997,15,0,8,0,0,0.53,0,0,,0,0,Matches,,,,,,,,
590,Chris Rigg,eng ENG,"MF,FW",Sunderland,17,2007,33.9,4,48,14,29.2,1.41,0.41,0.08,0.29,0,0,Matches,,,,,,,,
591,Emil Riis Jakobsen,dk DEN,FW,Preston North End,26,1998,30.2,12,72,31,43.1,2.39,1.03,0.17,0.39,0,0,Matches,,,,,,,,
592,Andy Rinomhota,zw ZIM,"MF,DF",Cardiff City,27,1997,23.4,0,6,1,16.7,0.26,0.04,0,0,0,0,Matches,,,,,,,,
593,Matt Ritchie,sct SCO,MF,Portsmouth,34,1989,24.3,5,41,17,41.5,1.68,0.7,0.12,0.29,0,0,Matches,,,,,,,,
594,Caleb Roberts,eng ENG,MF,Plymouth Argyle,19,2004,2.1,0,3,0,0,1.41,0,0,,0,0,Matches,,,,,,,,
595,Connor Roberts,wls WAL,DF,Burnley,28,1995,40.4,2,27,6,22.2,0.67,0.15,0.07,0.33,0,0,Matches,,,,,,,,
596,Haydon Roberts,eng ENG,"MF,DF",Bristol City,22,2002,18.2,1,7,2,28.6,0.39,0.11,0.14,0.5,0,0,Matches,,,,,,,,
597,Liam Roberts,eng ENG,GK,Millwall,29,1994,1,0,0,0,,0,0,,,0,0,Matches,,,,,,,,
598,Patrick Roberts,eng ENG,"MF,FW",Sunderland,27,1997,36.4,2,79,18,22.8,2.17,0.49,0.01,0.06,1,2,Matches,,,,,,,,
599,Alexander Robertson,au AUS,MF,Cardiff City,21,2003,26.8,3,18,7,38.9,0.67,0.26,0.17,0.43,0,0,Matches,,,,,,,,
600,Callum Robinson,ie IRL,FW,Cardiff City,29,1995,22.5,12,57,26,45.6,2.54,1.16,0.21,0.46,0,0,Matches,,,,,,,,
Rk,Player,Nation,Pos,Squad,Age,Born,90s,Gls,Sh,SoT,SoT%,Sh/90,SoT/90,G/Sh,G/SoT,PK,PKatt,Matches,,,,,,,,
601,Jack Robinson,eng ENG,DF,Sheffield United,30,1993,31.6,0,13,2,15.4,0.41,0.06,0,0,0,0,Matches,,,,,,,,
602,Joe Rodon,wls WAL,DF,Leeds United,26,1997,45.9,1,21,2,9.5,0.46,0.04,0.05,0.5,0,0,Matches,,,,,,,,
603,Ruben Rodrigues,pt POR,MF,Oxford United,27,1996,25,4,36,10,27.8,1.44,0.4,0.11,0.4,0,0,Matches,,,,,,,,
604,Jay Rodriguez,eng ENG,FW,Burnley,35,1989,8.3,2,13,3,23.1,1.57,0.36,0.08,0.33,1,1,Matches,,,,,,,,
605,Ole Romeny,id IDN,"FW,MF",Oxford United,24,2000,6.6,1,5,3,60,0.76,0.46,0.2,0.33,0,0,Matches,,,,,,,,
606,Ronald,br BRA,MF,Swansea City,23,2001,41.8,2,51,16,31.4,1.22,0.38,0.04,0.13,0,0,Matches,,,,,,,,
607,Kemar Roofe,jm JAM,"FW,MF",Derby County,31,1993,0.1,0,0,0,,0,0,,,0,0,Matches,,,,,,,,
608,Michael Rose,sct SCO,DF,Stoke City,28,1995,14.4,0,3,0,0,0.21,0,0,,0,0,Matches,,,,,,,,
609,Joe Rothwell,eng ENG,MF,Leeds United,29,1995,25,0,13,2,15.4,0.52,0.08,0,0,0,0,Matches,,,,,,,,
610,Pelly Ruddock Mpanzu,cd COD,MF,Luton Town,31,1993,2.5,0,2,0,0,0.79,0,0,,0,0,Matches,,,,,,,,
611,Jack Rudoni,eng ENG,MF,Coventry City,24,2000,38.9,9,75,29,38.7,1.93,0.75,0.12,0.31,0,0,Matches,,,,,,,,
612,Carl Rushworth,eng ENG,GK,Hull City,23,2001,2,0,0,0,,0,0,,,0,0,Matches,,,,,,,,
613,Nazariy Rusyn,ua UKR,"FW,MF",Sunderland,25,1998,0.8,0,0,0,,0,0,,,0,0,Matches,,,,,,,,
614,Georginio Rutter,fr FRA,MF,Leeds United,22,2002,1,0,2,1,50,2,1,0,0,0,0,Matches,,,,,,,,
615,Sai Sachdev,eng ENG,DF,Sheffield United,19,2005,0,0,0,0,,0,0,,,0,0,Matches,,,,,,,,
616,Borja Sainz,es ESP,"FW,MF",Norwich City,23,2001,40.1,18,119,51,42.9,2.97,1.27,0.15,0.35,0,0,Matches,,,,,,,,
617,Koki Saito,jp JPN,MF,Queens Park Rangers,22,2001,25.5,3,38,10,26.3,1.49,0.39,0.08,0.3,0,0,Matches,,,,,,,,
618,Tatsuhiro Sakamoto,jp JPN,"MF,FW",Coventry City,27,1996,28.7,4,34,9,26.5,1.18,0.31,0.12,0.44,0,0,Matches,,,,,,,,
619,Yousef Salech,dk DEN,FW,Cardiff City,22,2002,14.2,8,45,21,46.7,3.17,1.48,0.16,0.33,1,1,Matches,,,,,,,,
620,Lars-Jørgen Salvesen,no NOR,FW,Derby County,28,1996,5.4,1,13,8,61.5,2.4,1.48,0.08,0.13,0,0,Matches,,,,,,,,
621,Shurandy Sambo,cw CUW,DF,Burnley,22,2001,0.2,0,0,0,,0,0,,,0,0,Matches,,,,,,,,
622,Dion Sanderson,eng ENG,DF,Blackburn Rovers,24,1999,6.3,0,0,0,,0,0,,,0,0,Matches,,,,,,,,
623,Hevertton Santos,br BRA,DF,Queens Park Rangers,23,2001,3.5,0,2,1,50,0.56,0.28,0,0,0,0,Matches,,,,,,,,
624,Josh Sargent,us USA,FW,Norwich City,24,2000,27.8,15,64,29,45.3,2.3,1.04,0.22,0.48,1,2,Matches,,,,,,,,
625,Jeremy Sarmiento,ec ECU,MF,Burnley,22,2002,13,4,27,11,40.7,2.08,0.85,0.15,0.36,0,0,Matches,,,,,,,,
Rk,Player,Nation,Pos,Squad,Age,Born,90s,Gls,Sh,SoT,SoT%,Sh/90,SoT/90,G/Sh,G/SoT,PK,PKatt,Matches,,,,,,,,
626,George Saville,nir NIR,MF,Millwall,31,1993,36.7,1,37,5,13.5,1.01,0.14,0.03,0.2,0,0,Matches,,,,,,,,
627,Christian Saydee,lr LBR,"MF,FW",Portsmouth,22,2002,12.8,3,20,8,40,1.56,0.62,0.15,0.38,0,0,Matches,,,,,,,,
628,Calum Scanlon,eng ENG,MF,Millwall,19,2005,1.9,1,3,1,33.3,1.62,0.54,0.33,1,0,0,Matches,,,,,,,,
629,Dane Scarlett,eng ENG,FW,Oxford United,20,2004,8.8,4,12,7,58.3,1.36,0.8,0.33,0.57,0,0,Matches,,,,,,,,
630,Nicolas Schmid,at AUT,GK,Portsmouth,27,1997,34.3,0,0,0,,0,0,,,0,0,Matches,,,,,,,,
631,Isaac Schmidt,ch SUI,"DF,MF",Leeds United,24,1999,0.9,0,2,1,50,2.31,1.15,0,0,0,0,Matches,,,,,,,,
632,Oscar Schwartau,dk DEN,"MF,FW",Norwich City,18,2006,17.4,1,22,7,31.8,1.27,0.4,0.05,0.14,0,0,Matches,,,,,,,,
633,Jenson Seelt,nl NED,DF,Sunderland,21,2003,0.2,0,0,0,,0,0,,,0,0,Matches,,,,,,,,
634,Tatsuki Seko,jp JPN,MF,Stoke City,26,1997,17.7,0,9,1,11.1,0.51,0.06,0,0,0,0,Matches,,,,,,,,
635,Tyrell Sellars-Fleming,eng ENG,MF,Hull City,19,2005,0.1,0,1,0,0,11.25,0,0,,0,0,Matches,,,,,,,,
636,Egil Selvik,no NOR,GK,Watford,27,1997,16,0,0,0,,0,0,,,0,0,Matches,,,,,,,,
637,Ken Sema,se SWE,MF,Watford,30,1993,5.8,0,4,2,50,0.69,0.35,0,0,0,0,Matches,,,,,,,,
638,Femi Seriki,eng ENG,DF,Sheffield United,22,2002,12.1,0,8,3,37.5,0.66,0.25,0,0,0,0,Matches,,,,,,,,
639,Jamie Shackleton,eng ENG,"MF,DF",Sheffield United,24,1999,3.2,0,4,2,50,1.24,0.62,0,0,0,0,Matches,,,,,,,,
640,Conor Shaughnessy,ie IRL,DF,Portsmouth,28,1996,5.7,1,6,4,66.7,1.05,0.7,0.17,0.25,0,0,Matches,,,,,,,,
641,James Shea,eng ENG,GK,Luton Town,33,1991,1.6,0,0,0,,0,0,,,0,0,Matches,,,,,,,,
642,Ben Sheaf,eng ENG,MF,Coventry City,26,1998,23.7,0,32,6,18.8,1.35,0.25,0,0,0,0,Matches,,,,,,,,
643,Jonjo Shelvey,eng ENG,MF,Burnley,32,1992,0.1,0,0,0,,0,0,,,0,0,Matches,,,,,,,,
644,Louie Sibley,eng ENG,MF,Oxford United,22,2001,1.9,1,5,2,40,2.65,1.06,0.2,0.5,0,0,Matches,,,,,,,,
645,Sol Sidibé,eng ENG,MF,Stoke City,17,2007,3.4,0,0,0,,0,0,,,0,0,Matches,,,,,,,,
646,Francisco Sierralta,cl CHI,DF,Watford,27,1997,21.1,0,9,3,33.3,0.43,0.14,0,0,0,0,Matches,,,,,,,,
647,Arnór Sigurðsson,is ISL,"FW,MF",Blackburn Rovers,25,1999,0.7,1,2,1,50,2.9,1.45,0.5,1,0,0,Matches,,,,,,,,
648,Sam Silvera,au AUS,MF,Portsmouth,23,2000,5,0,7,4,57.1,1.41,0.81,0,0,0,0,Matches,,,,,,,,
649,Ellis Simms,eng ENG,FW,Coventry City,23,2001,25.4,6,62,28,45.2,2.44,1.1,0.1,0.21,0,1,Matches,,,,,,,,
650,Xavier Simons,eng ENG,MF,Hull City,21,2003,13.4,2,16,4,25,1.19,0.3,0.13,0.5,0,0,Matches,,,,,,,,
Rk,Player,Nation,Pos,Squad,Age,Born,90s,Gls,Sh,SoT,SoT%,Sh/90,SoT/90,G/Sh,G/SoT,PK,PKatt,Matches,,,,,,,,
651,Nathan Simpson,eng ENG,MF,Middlesbrough,20,2004,0,0,0,0,,0,0,,,0,0,Matches,,,,,,,,
652,Emmanouil Siopis,gr GRE,MF,Cardiff City,30,1994,16,0,10,2,20,0.62,0.12,0,0,0,0,Matches,,,,,,,,
653,Moussa Sissoko,fr FRA,MF,Watford,34,1989,32.1,6,22,11,50,0.69,0.34,0.27,0.55,0,0,Matches,,,,,,,,
654,Regan Slater,eng ENG,MF,Hull City,24,1999,33,1,40,8,20,1.21,0.24,0.03,0.13,0,0,Matches,,,,,,,,
655,Michael Smith,eng ENG,FW,Sheffield Weds,32,1991,20.5,8,60,26,43.3,2.93,1.27,0.12,0.27,1,1,Matches,,,,,,,,
656,Paul Smyth,nir NIR,"MF,FW",Queens Park Rangers,26,1997,30.8,1,44,14,31.8,1.43,0.45,0.02,0.07,0,0,Matches,,,,,,,,
657,Manor Solomon,il ISR,MF,Leeds United,25,1999,28.8,10,60,25,41.7,2.09,0.87,0.17,0.4,0,0,Matches,,,,,,,,
658,Oliver Sonne,pe PER,DF,Burnley,23,2000,0.3,0,0,0,,0,0,,,0,0,Matches,,,,,,,,
659,Matthew Sorinola,eng ENG,"MF,DF",Plymouth Argyle,23,2001,18.6,0,2,1,50,0.11,0.05,0,0,0,0,Matches,,,,,,,,
660,Harry Souttar,au AUS,DF,Sheffield United,25,1998,19.6,0,9,2,22.2,0.46,0.1,0,0,0,0,Matches,,,,,,,,
661,Vinicius Souza,br BRA,MF,Sheffield United,25,1999,31,0,15,6,40,0.48,0.19,0,0,0,0,Matches,,,,,,,,
662,Jack Stacey,eng ENG,"DF,MF",Norwich City,28,1996,23.8,2,12,4,33.3,0.5,0.17,0.17,0.5,0,0,Matches,,,,,,,,
663,Enda Stevens,ie IRL,DF,Stoke City,34,1990,13.3,0,7,2,28.6,0.53,0.15,0,0,0,0,Matches,,,,,,,,
664,Ben Stevenson,eng ENG,MF,Portsmouth,27,1997,0.1,0,0,0,,0,0,,,0,0,Matches,,,,,,,,
665,Jordan Storey,eng ENG,DF,Preston North End,26,1997,34,1,19,2,10.5,0.56,0.06,0.05,0.5,0,0,Matches,,,,,,,,
666,Pascal Struijk,nl NED,DF,Leeds United,24,1999,31.4,5,28,11,39.3,0.89,0.35,0.11,0.27,2,3,Matches,,,,,,,,
667,Zak Sturge,eng ENG,DF,Millwall,20,2004,3.4,0,1,0,0,0.3,0,0,,0,0,Matches,,,,,,,,
668,Callum Styles,hu HUN,"DF,MF",West Bromwich Albion,24,2000,29,3,24,7,29.2,0.83,0.24,0.13,0.43,0,0,Matches,,,,,,,,
669,Emmerson Sutton,eng ENG,FW,Queens Park Rangers,17,2006,0.6,0,1,0,0,1.61,0,0,,0,0,Matches,,,,,,,,
670,Zak Swanson,eng ENG,DF,Portsmouth,23,2000,21.9,1,9,2,22.2,0.41,0.09,0.11,0.5,0,0,Matches,,,,,,,,
671,John Swift,eng ENG,MF,West Bromwich Albion,29,1995,19.3,3,34,7,20.6,1.76,0.36,0.09,0.43,0,0,Matches,,,,,,,,
672,Mark Sykes,ie IRL,MF,Bristol City,26,1997,19,3,22,10,45.5,1.16,0.53,0.14,0.3,0,0,Matches,,,,,,,,
673,Sammie Szmodics,ie IRL,"FW,MF",Blackburn Rovers,28,1995,0.3,1,1,1,100,3.46,3.46,1,1,0,0,Matches,,,,,,,,
674,Kornél Szűcs,hu HUN,DF,Plymouth Argyle,22,2001,31.5,0,11,2,18.2,0.35,0.06,0,0,0,0,Matches,,,,,,,,
675,Elias Sørensen,dk DEN,"MF,FW",Portsmouth,24,1999,3.6,1,6,3,50,1.68,0.84,0.17,0.33,0,1,Matches,,,,,,,,
Rk,Player,Nation,Pos,Squad,Age,Born,90s,Gls,Sh,SoT,SoT%,Sh/90,SoT/90,G/Sh,G/SoT,PK,PKatt,Matches,,,,,,,,
676,Jakob Sørensen,dk DEN,MF,Norwich City,26,1998,14.7,0,7,2,28.6,0.47,0.14,0,0,0,0,Matches,,,,,,,,
677,Maksym Talovierov,ua UKR,DF,Plymouth Argyle,24,2000,10.4,1,3,1,33.3,0.29,0.1,0.33,1,0,0,Matches,,,,,,,,
678,Ao Tanaka,jp JPN,MF,Leeds United,25,1998,36.8,5,43,11,25.6,1.17,0.3,0.12,0.45,0,0,Matches,,,,,,,,
679,Japhet Tanganga,eng ENG,DF,Millwall,25,1999,39.5,2,43,9,20.9,1.09,0.23,0.05,0.22,0,0,Matches,,,,,,,,
680,George Tanner,eng ENG,"DF,MF",Bristol City,24,1999,22.2,2,11,4,36.4,0.49,0.18,0.18,0.5,0,0,Matches,,,,,,,,
681,Ollie Tanner,eng ENG,MF,Cardiff City,22,2002,15.4,2,36,12,33.3,2.34,0.78,0.06,0.17,0,0,Matches,,,,,,,,
682,Fabio Tavares,eng ENG,FW,Coventry City,23,2001,0,0,0,0,,0,0,,,0,0,Matches,,,,,,,,
683,Joseph Taylor,wls WAL,FW,Luton Town,21,2002,1.7,0,5,1,20,2.87,0.57,0,0,0,0,Matches,,,,,,,,
684,Junior Tchamadeu,cm CMR,DF,Stoke City,20,2003,34.8,1,17,3,17.6,0.49,0.09,0.06,0.33,0,0,Matches,,,,,,,,
685,Hidde ter Avest,nl NED,"DF,MF",Oxford United,27,1997,11.1,1,5,4,80,0.45,0.36,0.2,0.25,0,0,Matches,,,,,,,,
686,Emre Tezgel,eng ENG,FW,Stoke City,18,2005,3.3,0,7,3,42.9,2.11,0.91,0,0,0,0,Matches,,,,,,,,
687,Bobby Thomas,eng ENG,DF,Coventry City,23,2001,37,5,44,11,25,1.19,0.3,0.11,0.45,0,0,Matches,,,,,,,,
688,Joshua Thomas,wls WAL,FW,Swansea City,21,2002,0,0,0,0,,0,0,,,0,0,Matches,,,,,,,,
689,Brandon Thomas-Asante,gh GHA,FW,Coventry City,25,1998,16.1,4,45,10,22.2,2.8,0.62,0.09,0.4,0,0,Matches,,,,,,,,
690,Jordan Thompson,nir NIR,MF,Stoke City,27,1997,15,0,7,0,0,0.47,0,0,,0,0,Matches,,,,,,,,
691,Liam Thompson,eng ENG,MF,Derby County,22,2002,17.9,0,9,1,11.1,0.5,0.06,0,0,0,0,Matches,,,,,,,,
692,Jordan Thorniley,eng ENG,DF,Oxford United,27,1996,0.9,0,1,0,0,1.11,0,0,,0,0,Matches,,,,,,,,
693,Muhamed Tijani,ng NGA,FW,Plymouth Argyle,24,2000,5,2,6,4,66.7,1.21,0.8,0.33,0.5,0,0,Matches,,,,,,,,
694,Nathan Tjoe-A-On,id IDN,DF,Swansea City,22,2001,0,0,0,0,,0,0,,,0,0,Matches,,,,,,,,
695,Victor Torp,dk DEN,MF,Coventry City,25,1999,23.4,6,51,19,37.3,2.18,0.81,0.1,0.26,1,2,Matches,,,,,,,,
696,Balázs Tóth,hu HUN,GK,Blackburn Rovers,26,1997,6,0,0,0,,0,0,,,0,0,Matches,,,,,,,,
697,Ryley Towler,eng ENG,DF,Portsmouth,23,2001,10.4,1,2,1,50,0.19,0.1,0.5,1,0,0,Matches,,,,,,,,
698,Andros Townsend,eng ENG,"FW,MF",Luton Town,33,1991,0.1,0,0,0,,0,0,,,0,0,Matches,,,,,,,,
699,James Trafford,eng ENG,GK,Burnley,21,2002,45,0,0,0,,0,0,,,0,0,Matches,,,,,,,,
700,Mark Travers,ie IRL,GK,Middlesbrough,25,1999,17,0,0,0,,0,0,,,0,0,Matches,,,,,,,,
Rk,Player,Nation,Pos,Squad,Age,Born,90s,Gls,Sh,SoT,SoT%,Sh/90,SoT/90,G/Sh,G/SoT,PK,PKatt,Matches,,,,,,,,
701,Lewis Travis,eng ENG,MF,Blackburn Rovers,26,1997,35.7,2,15,4,26.7,0.42,0.11,0.13,0.5,0,0,Matches,,,,,,,,
702,Nectarios Triantis,gr GRE,"DF,MF",Sunderland,21,2003,0,0,0,0,,0,0,,,0,0,Matches,,,,,,,,
703,Sondre Tronstad,no NOR,MF,Blackburn Rovers,28,1995,34.8,2,21,5,23.8,0.6,0.14,0.1,0.4,0,0,Matches,,,,,,,,
704,Auston Trusty,us USA,DF,Sheffield United,25,1998,1,0,0,0,,0,0,,,0,0,Matches,,,,,,,,
705,David Turnbull,sct SCO,MF,Cardiff City,25,1999,9.2,1,20,11,55,2.18,1.2,0.05,0.09,0,1,Matches,,,,,,,,
706,Scott Twine,eng ENG,"MF,FW",Bristol City,25,1999,23.5,5,82,24,29.3,3.48,1.02,0.06,0.21,0,0,Matches,,,,,,,,
707,Igor Tyjon,eng ENG,FW,Blackburn Rovers,16,2008,0.1,0,0,0,,0,0,,,0,0,Matches,,,,,,,,
708,Josh Tymon,eng ENG,DF,Swansea City,25,1999,43.8,2,24,10,41.7,0.55,0.23,0.08,0.2,0,1,Matches,,,,,,,,
709,Ike Ugbo,ca CAN,FW,Sheffield Weds,25,1998,14.2,0,22,5,22.7,1.55,0.35,0,0,0,1,Matches,,,,,,,,
710,Pol Valentín,es ESP,"MF,DF",Sheffield Weds,27,1997,17,1,9,2,22.2,0.53,0.12,0.11,0.5,0,0,Matches,,,,,,,,
711,Yan Valery,tn TUN,"DF,MF",Sheffield Weds,25,1999,35,3,20,5,25,0.57,0.14,0.15,0.6,0,0,Matches,,,,,,,,
712,Jonathan Varane,mq MTQ,MF,Queens Park Rangers,22,2001,28.9,0,20,4,20,0.69,0.14,0,0,0,0,Matches,,,,,,,,
713,Rocco Vata,ie IRL,"MF,FW",Watford,19,2005,17.1,3,43,12,27.9,2.52,0.7,0.07,0.25,0,0,Matches,,,,,,,,
714,Harry Vaughan,ie IRL,MF,Hull City,20,2004,1.1,0,3,1,33.3,2.62,0.87,0,0,0,0,Matches,,,,,,,,
715,Will Vaulks,wls WAL,MF,Oxford United,30,1993,37.1,1,24,7,29.2,0.65,0.19,0.04,0.14,0,0,Matches,,,,,,,,
716,Josh Vickers,eng ENG,GK,Derby County,28,1995,6,0,0,0,,0,0,,,0,0,Matches,,,,,,,,
717,André Vidigal,ao ANG,"FW,MF",Stoke City,25,1998,1.2,0,7,1,14.3,6.06,0.87,0,0,0,0,Matches,,,,,,,,
718,Lawrence Vigouroux,cl CHI,GK,Swansea City,30,1993,46,0,0,0,,0,0,,,0,0,Matches,,,,,,,,
719,Žan Vipotnik,si SVN,FW,Swansea City,22,2002,23.2,7,56,21,37.5,2.41,0.91,0.11,0.29,1,1,Matches,,,,,,,,
720,Vitinho,br BRA,MF,Burnley,25,1999,2.6,1,4,1,25,1.53,0.38,0.25,1,0,0,Matches,,,,,,,,
721,Zak Vyner,ke KEN,DF,Bristol City,27,1997,46,1,15,1,6.7,0.33,0.02,0.07,1,0,0,Matches,,,,,,,,
722,Thomas Waddingham,au AUS,FW,Portsmouth,19,2005,1.1,1,4,2,50,3.5,1.75,0.25,0.5,0,0,Matches,,,,,,,,
723,Ben Waine,nz NZL,FW,Plymouth Argyle,23,2001,0.1,0,0,0,,0,0,,,0,0,Matches,,,,,,,,
724,Jed Wallace,eng ENG,"MF,FW",West Bromwich Albion,30,1994,9,1,14,4,28.6,1.56,0.44,0.07,0.25,0,0,Matches,,,,,,,,
725,Murray Wallace,sct SCO,DF,Millwall,31,1993,8.1,0,5,1,20,0.61,0.12,0,0,0,0,Matches,,,,,,,,
Rk,Player,Nation,Pos,Squad,Age,Born,90s,Gls,Sh,SoT,SoT%,Sh/90,SoT/90,G/Sh,G/SoT,PK,PKatt,Matches,,,,,,,,
726,Joe Walsh,eng ENG,GK,Queens Park Rangers,22,2002,1,0,0,0,,0,0,,,0,0,Matches,,,,,,,,
727,Liam Walsh,eng ENG,MF,Luton Town,26,1997,15.7,0,23,6,26.1,1.47,0.38,0,0,0,0,Matches,,,,,,,,
728,Reuell Walters,eng ENG,"DF,MF",Luton Town,19,2004,10.9,0,2,0,0,0.18,0,0,,0,0,Matches,,,,,,,,
729,Joe Ward,eng ENG,DF,Derby County,28,1995,1.7,0,1,1,100,0.6,0.6,0,0,0,0,Matches,,,,,,,,
730,Duncan Watmore,eng ENG,MF,Millwall,30,1994,17.5,5,26,12,46.2,1.48,0.68,0.19,0.42,0,0,Matches,,,,,,,,
731,Tom Watson,eng ENG,MF,Sunderland,18,2006,9.9,2,26,5,19.2,2.63,0.51,0.08,0.4,0,0,Matches,,,,,,,,
732,Wout Weghorst,nl NED,FW,Burnley,31,1992,0.3,0,0,0,,0,0,,,0,0,Matches,,,,,,,,
733,Andreas Weimann,at AUT,MF,Blackburn Rovers,32,1991,15.7,7,32,20,62.5,2.04,1.28,0.22,0.35,0,0,Matches,,,,,,,,
734,Nahki Wells,bm BER,FW,Bristol City,34,1990,22.8,10,56,26,46.4,2.46,1.14,0.16,0.35,1,1,Matches,,,,,,,,
735,Jack Whatmough,eng ENG,DF,Preston North End,27,1996,12.4,0,5,0,0,0.4,0,0,,0,0,Matches,,,,,,,,
736,Lennon Wheeldon,eng ENG,FW,Derby County,17,2006,0,0,0,0,,0,0,,,0,0,Matches,,,,,,,,
737,Ben Whiteman,eng ENG,MF,Preston North End,28,1996,27.7,0,25,5,20,0.9,0.18,0,0,0,0,Matches,,,,,,,,
738,Morgan Whittaker,eng ENG,MF,Plymouth Argyle,23,2001,19.4,3,53,16,30.2,2.73,0.82,0.06,0.19,0,0,Matches,,,,,,,,
739,Morgan Whittaker,eng ENG,MF,Middlesbrough,23,2001,11,0,32,9,28.1,2.91,0.82,0,0,0,0,Matches,,,,,,,,
740,Harry Whitwell,eng ENG,MF,West Bromwich Albion,18,2005,0.1,0,0,0,,0,0,,,0,0,Matches,,,,,,,,
741,Jacob Widell Zetterström,se SWE,GK,Derby County,26,1998,40,0,0,0,,0,0,,,0,0,Matches,,,,,,,,
742,Joe Wildsmith,eng ENG,GK,West Bromwich Albion,28,1995,10,0,0,0,,0,0,,,0,0,Matches,,,,,,,,
743,Caleb Wiley,us USA,"DF,MF",Watford,19,2004,8,0,3,0,0,0.37,0,0,,0,0,Matches,,,,,,,,
744,Joe Williams,eng ENG,MF,Bristol City,27,1996,15.7,0,11,0,0,0.7,0,0,,0,0,Matches,,,,,,,,
745,Jordan Williams,eng ENG,DF,Portsmouth,24,1999,14.1,0,1,0,0,0.07,0,0,,0,0,Matches,,,,,,,,
746,Chris Willock,eng ENG,"MF,FW",Cardiff City,26,1998,17.2,2,28,7,25,1.63,0.41,0.07,0.29,0,0,Matches,,,,,,,,
747,Ben Wilmot,eng ENG,DF,Stoke City,24,1999,36,3,22,7,31.8,0.61,0.19,0.14,0.43,0,0,Matches,,,,,,,,
748,Ben Wilson,eng ENG,GK,Coventry City,31,1992,4,0,0,0,,0,0,,,0,0,Matches,,,,,,,,
749,Kane Wilson,eng ENG,"DF,MF",Derby County,24,2000,27,2,24,9,37.5,0.89,0.33,0.08,0.22,0,0,Matches,,,,,,,,
750,Josh Wilson-Esbrand,eng ENG,"DF,MF",Stoke City,21,2002,3,0,3,1,33.3,1,0.33,0,0,0,0,Matches,,,,,,,,
Rk,Player,Nation,Pos,Squad,Age,Born,90s,Gls,Sh,SoT,SoT%,Sh/90,SoT/90,G/Sh,G/SoT,PK,PKatt,Matches,,,,,,,,
751,Josh Windass,eng ENG,"MF,FW",Sheffield Weds,30,1994,35.8,13,109,39,35.8,3.04,1.09,0.11,0.31,1,2,Matches,,,,,,,,
752,Ryan Wintle,eng ENG,MF,Millwall,27,1997,5.7,1,8,2,25,1.4,0.35,0.13,0.5,0,0,Matches,,,,,,,,
753,Maximilian Wöber,at AUT,DF,Leeds United,26,1998,3.7,1,11,2,18.2,2.96,0.54,0.09,0.5,0,0,Matches,,,,,,,,
754,Freddie Woodman,eng ENG,GK,Preston North End,27,1997,37,0,0,0,,0,0,,,0,0,Matches,,,,,,,,
755,Cauley Woodrow,eng ENG,MF,Blackburn Rovers,29,1994,2.5,0,3,1,33.3,1.22,0.41,0,0,0,0,Matches,,,,,,,,
756,Cauley Woodrow,eng ENG,FW,Luton Town,29,1994,3,0,7,4,57.1,2.33,1.33,0,0,0,0,Matches,,,,,,,,
757,Joe Worrall,eng ENG,DF,Burnley,27,1997,3.2,0,2,0,0,0.63,0,0,,0,0,Matches,,,,,,,,
758,Callum Wright,eng ENG,MF,Plymouth Argyle,24,2000,16.2,1,22,3,13.6,1.35,0.18,0.05,0.33,0,0,Matches,,,,,,,,
759,Haji Wright,us USA,"MF,FW",Coventry City,26,1998,21.6,12,63,27,42.9,2.91,1.25,0.17,0.41,1,1,Matches,,,,,,,,
760,Jacob Wright,eng ENG,MF,Norwich City,18,2005,9.9,0,7,1,14.3,0.71,0.1,0,0,0,0,Matches,,,,,,,,
761,Jerry Yates,eng ENG,FW,Derby County,27,1996,38,10,58,24,41.4,1.53,0.63,0.16,0.38,1,1,Matches,,,,,,,,
762,Kusini Yengi,au AUS,FW,Portsmouth,25,1999,6,0,8,0,0,1.34,0,0,,0,0,Matches,,,,,,,,
763,Óscar Zambrano,ec ECU,MF,Hull City,20,2004,4.3,1,7,1,14.3,1.62,0.23,0.14,1,0,0,Matches,,,,,,,,
764,Anass Zaroury,ma MAR,"FW,MF",Burnley,23,2000,0.3,0,0,0,,0,0,,,0,0,Matches,,,,,,,,
765,Stefán Þórðarson,is ISL,MF,Preston North End,25,1998,27.8,3,32,7,21.9,1.15,0.25,0.09,0.43,0,0,Matches,,,,,,,,
,,,,,,,,,,,,,,,,,,,,,,,,,,
,,,,,,,,,,,,,,,,,,,,,,,,,,
,,,,,,,,,,,,,,,,,,,,,,,,,,
,,,,,,,,,,,,,,,,,,,,,,,,,,
,,,,,,,,,,,,,,,,,,,,,,,,,,
,,,,,,,,,,,,,,,,,,,,,,,,,,
,,,,,,,,,,,,,,,,,,,,,,,,,,
,,,,,,,,,,,,,,,,,,,,,,,,,,
,,,,,,,,,,,,,,,,,,,,,,,,,,
,,,,,,,,,,,,,,,,,,,,,,,,,,
,,,,,,,,,,,,,,,,,,,,,,,,,,
,,,,,,,,,,,,,,,,,,,,,,,,,,
,,,,,,,,,,,,,,,,,,,,,,,,,,
,,,,,,,,,,,,,,,,,,,,,,,,,,
,,,,,,,,,,,,,,,,,,,,,,,,,,
,,,,,,,,,,,,,,,,,,,,,,,,,,
,,,,,,,,,,,,,,,,,,,,,,,,,,
,,,,,,,,,,,,,,,,,,,,,,,,,,
,,,,,,,,,,,,,,,,,,,,,,,,,,
,,,,,,,,,,,,,,,,,,,,,,,,,,
,,,,,,,,,,,,,,,,,,,,,,,,,,
,,,,,,,,,,,,,,,,,,,,,,,,,,
,,,,,,,,,,,,,,,,,,,,,,,,,,
,,,,,,,,,,,,,,,,,,,,,,,,,,
,,,,,,,,,,,,,,,,,,,,,,,,,,
,,,,,,,,,,,,,,,,,,,,,,,,,,
,,,,,,,,,,,,,,,,,,,,,,,,,,
,,,,,,,,,,,,,,,,,,,,,,,,,,
,,,,,,,,,,,,,,,,,,,,,,,,,,
,,,,,,,,,,,,,,,,,,,,,,,,,,
,,,,,,,,,,,,,,,,,,,,,,,,,,
,,,,,,,,,,,,,,,,,,,,,,,,,,
,,,,,,,,,,,,,,,,,,,,,,,,,,
,,,,,,,,,,,,,,,,,,,,,,,,,,
,,,,,,,,,,,,,,,,,,,,,,,,,,
,,,,,,,,,,,,,,,,,,,,,,,,,,
,,,,,,,,,,,,,,,,,,,,,,,,,,
,,,,,,,,,,,,,,,,,,,,,,,,,,
,,,,,,,,,,,,,,,,,,,,,,,,,,
,,,,,,,,,,,,,,,,,,,,,,,,,,
,,,,,,,,,,,,,,,,,,,,,,,,,,
,,,,,,,,,,,,,,,,,,,,,,,,,,
,,,,,,,,,,,,,,,,,,,,,,,,,,
,,,,,,,,,,,,,,,,,,,,,,,,,,
,,,,,,,,,,,,,,,,,,,,,,,,,,
,,,,,,,,,,,,,,,,,,,,,,,,,,
,,,,,,,,,,,,,,,,,,,,,,,,,,
,,,,,,,,,,,,,,,,,,,,,,,,,,
,,,,,,,,,,,,,,,,,,,,,,,,,,
,,,,,,,,,,,,,,,,,,,,,,,,,,
,,,,,,,,,,,,,,,,,,,,,,,,,,
,,,,,,,,,,,,,,,,,,,,,,,,,,
,,,,,,,,,,,,,,,,,,,,,,,,,,
,,,,,,,,,,,,,,,,,,,,,,,,,,
,,,,,,,,,,,,,,,,,,,,,,,,,,
,,,,,,,,,,,,,,,,,,,,,,,,,,
,,,,,,,,,,,,,,,,,,,,,,,,,,
,,,,,,,,,,,,,,,,,,,,,,,,,,
,,,,,,,,,,,,,,,,,,,,,,,,,,
,,,,,,,,,,,,,,,,,,,,,,,,,,
,,,,,,,,,,,,,,,,,,,,,,,,,,
,,,,,,,,,,,,,,,,,,,,,,,,,,
,,,,,,,,,,,,,,,,,,,,,,,,,,
,,,,,,,,,,,,,,,,,,,,,,,,,,
,,,,,,,,,,,,,,,,,,,,,,,,,,
,,,,,,,,,,,,,,,,,,,,,,,,,,
,,,,,,,,,,,,,,,,,,,,,,,,,,
,,,,,,,,,,,,,,,,,,,,,,,,,,
,,,,,,,,,,,,,,,,,,,,,,,,,,
,,,,,,,,,,,,,,,,,,,,,,,,,,
,,,,,,,,,,,,,,,,,,,,,,,,,,
,,,,,,,,,,,,,,,,,,,,,,,,,,
,,,,,,,,,,,,,,,,,,,,,,,,,,
,,,,,,,,,,,,,,,,,,,,,,,,,,
,,,,,,,,,,,,,,,,,,,,,,,,,,
,,,,,,,,,,,,,,,,,,,,,,,,,,
,,,,,,,,,,,,,,,,,,,,,,,,,,
,,,,,,,,,,,,,,,,,,,,,,,,,,
,,,,,,,,,,,,,,,,,,,,,,,,,,
,,,,,,,,,,,,,,,,,,,,,,,,,,
,,,,,,,,,,,,,,,,,,,,,,,,,,
,,,,,,,,,,,,,,,,,,,,,,,,,,
,,,,,,,,,,,,,,,,,,,,,,,,,,
,,,,,,,,,,,,,,,,,,,,,,,,,,
,,,,,,,,,,,,,,,,,,,,,,,,,,
,,,,,,,,,,,,,,,,,,,,,,,,,,
,,,,,,,,,,,,,,,,,,,,,,,,,,
,,,,,,,,,,,,,,,,,,,,,,,,,,
,,,,,,,,,,,,,,,,,,,,,,,,,,
,,,,,,,,,,,,,,,,,,,,,,,,,,
,,,,,,,,,,,,,,,,,,,,,,,,,,
,,,,,,,,,,,,,,,,,,,,,,,,,,
,,,,,,,,,,,,,,,,,,,,,,,,,,
,,,,,,,,,,,,,,,,,,,,,,,,,,
,,,,,,,,,,,,,,,,,,,,,,,,,,
,,,,,,,,,,,,,,,,,,,,,,,,,,
,,,,,,,,,,,,,,,,,,,,,,,,,,
,,,,,,,,,,,,,,,,,,,,,,,,,,
,,,,,,,,,,,,,,,,,,,,,,,,,,
,,,,,,,,,,,,,,,,,,,,,,,,,,
,,,,,,,,,,,,,,,,,,,,,,,,,,
,,,,,,,,,,,,,,,,,,,,,,,,,,
,,,,,,,,,,,,,,,,,,,,,,,,,,
,,,,,,,,,,,,,,,,,,,,,,,,,,
,,,,,,,,,,,,,,,,,,,,,,,,,,
,,,,,,,,,,,,,,,,,,,,,,,,,,
,,,,,,,,,,,,,,,,,,,,,,,,,,
,,,,,,,,,,,,,,,,,,,,,,,,,,
,,,,,,,,,,,,,,,,,,,,,,,,,,
,,,,,,,,,,,,,,,,,,,,,,,,,,
,,,,,,,,,,,,,,,,,,,,,,,,,,
,,,,,,,,,,,,,,,,,,,,,,,,,,
,,,,,,,,,,,,,,,,,,,,,,,,,,
,,,,,,,,,,,,,,,,,,,,,,,,,,
,,,,,,,,,,,,,,,,,,,,,,,,,,
,,,,,,,,,,,,,,,,,,,,,,,,,,
,,,,,,,,,,,,,,,,,,,,,,,,,,
,,,,,,,,,,,,,,,,,,,,,,,,,,
,,,,,,,,,,,,,,,,,,,,,,,,,,
,,,,,,,,,,,,,,,,,,,,,,,,,,
,,,,,,,,,,,,,,,,,,,,,,,,,,
,,,,,,,,,,,,,,,,,,,,,,,,,,
,,,,,,,,,,,,,,,,,,,,,,,,,,
,,,,,,,,,,,,,,,,,,,,,,,,,,
,,,,,,,,,,,,,,,,,,,,,,,,,,
,,,,,,,,,,,,,,,,,,,,,,,,,,
,,,,,,,,,,,,,,,,,,,,,,,,,,
,,,,,,,,,,,,,,,,,,,,,,,,,,
,,,,,,,,,,,,,,,,,,,,,,,,,,
,,,,,,,,,,,,,,,,,,,,,,,,,,
,,,,,,,,,,,,,,,,,,,,,,,,,,
,,,,,,,,,,,,,,,,,,,,,,,,,,
,,,,,,,,,,,,,,,,,,,,,,,,,,
,,,,,,,,,,,,,,,,,,,,,,,,,,
,,,,,,,,,,,,,,,,,,,,,,,,,,
,,,,,,,,,,,,,,,,,,,,,,,,,,
,,,,,,,,,,,,,,,,,,,,,,,,,,
,,,,,,,,,,,,,,,,,,,,,,,,,,
,,,,,,,,,,,,,,,,,,,,,,,,,,
,,,,,,,,,,,,,,,,,,,,,,,,,,
,,,,,,,,,,,,,,,,,,,,,,,,,,
,,,,,,,,,,,,,,,,,,,,,,,,,,
,,,,,,,,,,,,,,,,,,,,,,,,,,
,,,,,,,,,,,,,,,,,,,,,,,,,,
,,,,,,,,,,,,,,,,,,,,,,,,,,
,,,,,,,,,,,,,,,,,,,,,,,,,,
,,,,,,,,,,,,,,,,,,,,,,,,,,
,,,,,,,,,,,,,,,,,,,,,,,,,,
,,,,,,,,,,,,,,,,,,,,,,,,,,
,,,,,,,,,,,,,,,,,,,,,,,,,,
,,,,,,,,,,,,,,,,,,,,,,,,,,
,,,,,,,,,,,,,,,,,,,,,,,,,,
,,,,,,,,,,,,,,,,,,,,,,,,,,
,,,,,,,,,,,,,,,,,,,,,,,,,,
,,,,,,,,,,,,,,,,,,,,,,,,,,
,,,,,,,,,,,,,,,,,,,,,,,,,,
,,,,,,,,,,,,,,,,,,,,,,,,,,
,,,,,,,,,,,,,,,,,,,,,,,,,,
,,,,,,,,,,,,,,,,,,,,,,,,,,
,,,,,,,,,,,,,,,,,,,,,,,,,,
,,,,,,,,,,,,,,,,,,,,,,,,,,
,,,,,,,,,,,,,,,,,,,,,,,,,,
,,,,,,,,,,,,,,,,,,,,,,,,,,
,,,,,,,,,,,,,,,,,,,,,,,,,,
,,,,,,,,,,,,,,,,,,,,,,,,,,
,,,,,,,,,,,,,,,,,,,,,,,,,,
,,,,,,,,,,,,,,,,,,,,,,,,,,
,,,,,,,,,,,,,,,,,,,,,,,,,,
,,,,,,,,,,,,,,,,,,,,,,,,,,
,,,,,,,,,,,,,,,,,,,,,,,,,,
,,,,,,,,,,,,,,,,,,,,,,,,,,
,,,,,,,,,,,,,,,,,,,,,,,,,,
,,,,,,,,,,,,,,,,,,,,,,,,,,
,,,,,,,,,,,,,,,,,,,,,,,,,,
,,,,,,,,,,,,,,,,,,,,,,,,,,
,,,,,,,,,,,,,,,,,,,,,,,,,,
,,,,,,,,,,,,,,,,,,,,,,,,,,
,,,,,,,,,,,,,,,,,,,,,,,,,,
,,,,,,,,,,,,,,,,,,,,,,,,,,
,,,,,,,,,,,,,,,,,,,,,,,,,,
,,,,,,,,,,,,,,,,,,,,,,,,,,
,,,,,,,,,,,,,,,,,,,,,,,,,,
,,,,,,,,,,,,,,,,,,,,,,,,,,
,,,,,,,,,,,,,,,,,,,,,,,,,,
,,,,,,,,,,,,,,,,,,,,,,,,,,
,,,,,,,,,,,,,,,,,,,,,,,,,,
,,,,,,,,,,,,,,,,,,,,,,,,,,
,,,,,,,,,,,,,,,,,,,,,,,,,,
,,,,,,,,,,,,,,,,,,,,,,,,,,
,,,,,,,,,,,,,,,,,,,,,,,,,,
,,,,,,,,,,,,,,,,,,,,,,,,,,
,,,,,,,,,,,,,,,,,,,,,,,,,,
,,,,,,,,,,,,,,,,,,,,,,,,,,
,,,,,,,,,,,,,,,,,,,,,,,,,,
,,,,,,,,,,,,,,,,,,,,,,,,,,
,,,,,,,,,,,,,,,,,,,,,,,,,,
,,,,,,,,,,,,,,,,,,,,,,,,,,
,,,,,,,,,,,,,,,,,,,,,,,,,,
,,,,,,,,,,,,,,,,,,,,,,,,,,
,,,,,,,,,,,,,,,,,,,,,,,,,,
,,,,,,,,,,,,,,,,,,,,,,,,,,
,,,,,,,,,,,,,,,,,,,,,,,,,,
,,,,,,,,,,,,,,,,,,,,,,,,,,
