,,,,,,,Playing Time,,,,Performance,,,,,,,,Per 90 Minutes,,,,,
Rk,Player,Nation,Pos,Squad,Age,Born,MP,Starts,Min,90s,Gls,Ast,G+A,G-PK,PK,PKatt,CrdY,CrdR,Gls,Ast,G+A,G-PK,G+A-PK,Matches
1,Brenden Aaronson,us USA,MF,Leeds United,23,2000,46,43,"3,551",39.5,9,2,11,9,0,0,1,0,0.23,0.05,0.28,0.23,0.28,Matches
2,Thelo Aasgaard,no NOR,"MF,FW",Luton Town,22,2002,17,17,"1,513",16.8,2,1,3,2,0,0,1,0,0.12,0.06,0.18,0.12,0.18,Matches
3,James Abankwah,ie IRL,DF,Watford,20,2004,19,17,"1,384",15.4,0,0,0,0,0,0,4,1,0,0,0,0,0,Matches
4,Salis Abdul Samed,gh GHA,MF,Sunderland,24,2000,10,3,283,3.1,0,0,0,0,0,0,0,0,0,0,0,0,0,Matches
5,Azeem Abdulai,sct SCO,MF,Swansea City,21,2002,17,2,348,3.9,1,0,1,1,0,0,1,0,0.26,0,0.26,0.26,0.26,Matches
6,Ebou Adams,gm GAM,MF,Derby County,28,1996,44,42,"3,789",42.1,6,1,7,6,0,0,12,0,0.14,0.02,0.17,0.14,0.17,Matches
7,Elijah Adebayo,eng ENG,FW,Luton Town,26,1998,39,31,"2,425",26.9,5,0,5,5,0,0,1,0,0.19,0,0.19,0.19,0.19,Matches
8,Michael Adu-Poku,eng ENG,FW,Watford,18,2005,1,0,1,0,0,0,0,0,0,0,0,0,0,0,0,0,0,Matches
9,Enock Agyei,be BEL,FW,Burnley,19,2005,3,0,58,0.6,0,0,0,0,0,0,0,0,0,0,0,0,0,Matches
10,Anel Ahmedhodžić,ba BIH,DF,Sheffield United,25,1999,38,35,"3,136",34.8,3,1,4,3,0,0,11,1,0.09,0.03,0.11,0.09,0.11,Matches
11,Semi Ajayi,ng NGA,DF,West Bromwich Albion,30,1993,15,14,"1,228",13.6,0,0,0,0,0,0,4,0,0,0,0,0,0,Matches
12,Milan Aleksić,rs SRB,MF,Sunderland,18,2005,8,3,290,3.2,0,0,0,0,0,0,1,0,0,0,0,0,0,Matches
13,Ajibola Alese,eng ENG,DF,Sunderland,23,2001,12,8,703,7.8,0,0,0,0,0,0,2,0,0,0,0,0,0,Matches
14,Jamie Allen,eng ENG,MF,Coventry City,29,1995,21,12,"1,004",11.2,0,0,0,0,0,0,1,0,0,0,0,0,0,Matches
15,Joe Allen,wls WAL,MF,Swansea City,34,1990,25,8,709,7.9,1,1,2,1,0,0,2,0,0.13,0.13,0.25,0.13,0.25,Matches
16,Millenic Alli,ie IRL,"MF,FW",Luton Town,24,2000,16,6,766,8.5,4,0,4,4,0,0,1,0,0.47,0,0.47,0.47,0.47,Matches
17,Jak Alnwick,eng ENG,GK,Cardiff City,31,1993,29,29,"2,610",29,0,0,0,0,0,0,2,0,0,0,0,0,0,Matches
18,Will Alves,eng ENG,"MF,FW",Cardiff City,19,2005,14,8,667,7.4,1,3,4,1,0,0,0,0,0.13,0.4,0.54,0.13,0.54,Matches
19,Steven Alzate,co COL,MF,Hull City,25,1998,28,21,"1,941",21.6,0,1,1,0,0,0,2,0,0,0.05,0.05,0,0.05,Matches
20,Zeki Amdouni,ch SUI,"FW,MF",Burnley,23,2000,2,0,35,0.4,1,0,1,1,0,0,0,0,2.57,0,2.57,2.57,2.57,Matches
21,Ethan Ampadu,wls WAL,"DF,MF",Leeds United,23,2000,29,26,"2,285",25.4,0,0,0,0,0,0,7,0,0,0,0,0,0,Matches
22,Nordin Amrabat,ma MAR,MF,Hull City,37,1987,10,2,288,3.2,0,1,1,0,0,0,0,0,0,0.31,0.31,0,0.31,Matches
23,Lucas Andersen,dk DEN,MF,Queens Park Rangers,29,1994,33,13,"1,165",12.9,2,0,2,2,0,0,1,0,0.15,0,0.15,0.15,0.15,Matches
24,Joe Anderson,eng ENG,DF,Sunderland,23,2001,2,1,99,1.1,0,0,0,0,0,0,1,0,0,0,0,0,0,Matches
25,Ryan Andrews,eng ENG,"MF,DF",Watford,19,2004,38,21,"2,086",23.2,3,2,5,3,0,0,3,0,0.13,0.09,0.22,0.13,0.22,Matches
Rk,Player,Nation,Pos,Squad,Age,Born,MP,Starts,Min,90s,Gls,Ast,G+A,G-PK,PK,PKatt,CrdY,CrdR,Gls,Ast,G+A,G-PK,G+A-PK,Matches
26,Jaidon Anthony,eng ENG,MF,Burnley,24,1999,43,42,"3,661",40.7,8,7,15,8,0,0,4,0,0.2,0.17,0.37,0.2,0.37,Matches
27,Adil Aouchiche,fr FRA,MF,Portsmouth,22,2002,12,9,683,7.6,1,1,2,1,0,0,2,0,0.13,0.13,0.26,0.13,0.26,Matches
28,Adil Aouchiche,fr FRA,MF,Sunderland,22,2002,8,3,296,3.3,0,1,1,0,0,0,0,0,0,0.3,0.3,0,0.3,Matches
29,Oliver Arblaster,eng ENG,MF,Sheffield United,20,2004,12,11,978,10.9,2,1,3,2,0,0,3,0,0.18,0.09,0.28,0.18,0.28,Matches
30,Jordan Archer,sct SCO,GK,Portsmouth,31,1993,2,1,150,1.7,0,0,0,0,0,0,0,0,0,0,0,0,0,Matches
31,Adam Armstrong,eng ENG,"FW,MF",West Bromwich Albion,27,1997,16,12,"1,008",11.2,3,0,3,2,1,1,0,0,0.27,0,0.27,0.18,0.18,Matches
32,Harrison Armstrong,eng ENG,MF,Derby County,17,2007,15,12,"1,105",12.3,1,0,1,1,0,0,3,0,0.08,0,0.08,0.08,0.08,Matches
33,Sinclair Armstrong,ie IRL,FW,Bristol City,21,2003,36,17,"1,555",17.3,3,0,3,3,0,0,1,0,0.17,0,0.17,0.17,0.17,Matches
34,Stuart Armstrong,sct SCO,MF,Sheffield Weds,32,1992,11,6,536,6,0,1,1,0,0,0,0,0,0,0.17,0.17,0,0.17,Matches
35,Harrison Ashby,sct SCO,"DF,MF",Queens Park Rangers,22,2001,29,17,"1,583",17.6,0,1,1,0,0,0,6,0,0,0.06,0.06,0,0.06,Matches
36,Cian Ashford,wls WAL,"MF,FW",Cardiff City,19,2004,28,17,"1,522",16.9,2,3,5,2,0,0,0,0,0.12,0.18,0.3,0.12,0.3,Matches
37,Robert Atkinson,eng ENG,DF,Portsmouth,26,1998,14,13,"1,098",12.2,2,1,3,2,0,0,4,0,0.16,0.08,0.25,0.16,0.25,Matches
38,Luke Ayling,eng ENG,DF,Middlesbrough,32,1991,26,23,"1,951",21.7,0,2,2,0,0,0,4,0,0,0.09,0.09,0,0.09,Matches
39,Finn Azaz,ie IRL,MF,Middlesbrough,23,2000,45,43,"3,544",39.4,12,11,23,12,0,0,6,0,0.3,0.28,0.58,0.3,0.58,Matches
40,Femi Azeez,eng ENG,MF,Millwall,23,2001,34,21,"1,906",21.2,2,5,7,2,0,0,4,0,0.09,0.24,0.33,0.09,0.33,Matches
41,Kwadwo Baah,eng ENG,"MF,FW",Watford,21,2003,27,16,"1,459",16.2,4,3,7,4,0,0,5,1,0.25,0.19,0.43,0.25,0.43,Matches
42,Daniel Bachmann,at AUT,GK,Watford,30,1994,22,22,"1,902",21.1,0,0,0,0,0,0,1,0,0,0,0,0,0,Matches
43,Joel Bagan,ie IRL,DF,Cardiff City,24,2000,31,17,"1,612",17.9,0,1,1,0,0,0,4,1,0,0.06,0.06,0,0.06,Matches
44,Michael Baidoo,gh GHA,"MF,FW",Plymouth Argyle,25,1999,11,4,452,5,0,0,0,0,0,0,0,0,0,0,0,0,0,Matches
45,Lewis Baker,eng ENG,MF,Stoke City,29,1995,19,16,"1,475",16.4,6,2,8,4,2,2,3,0,0.37,0.12,0.49,0.24,0.37,Matches
46,Lewis Baker,eng ENG,MF,Blackburn Rovers,29,1995,13,7,596,6.6,1,0,1,1,0,0,2,0,0.15,0,0.15,0.15,0.15,Matches
47,Daniel Ballard,nir NIR,DF,Sunderland,24,1999,20,12,"1,127",12.5,2,1,3,2,0,0,3,0,0.16,0.08,0.24,0.16,0.24,Matches
48,Patrick Bamford,eng ENG,"FW,MF",Leeds United,30,1993,17,0,252,2.8,0,0,0,0,0,0,0,0,0,0,0,0,0,Matches
49,Raees Bangura-Williams,,MF,Millwall,,,10,7,608,6.8,0,3,3,0,0,0,2,0,0,0.44,0.44,0,0.44,Matches
50,Tamer Bani Odeh,jo JOR,FW,West Bromwich Albion,20,2003,4,0,53,0.6,0,1,1,0,0,0,1,0,0,1.7,1.7,0,1.7,Matches
Rk,Player,Nation,Pos,Squad,Age,Born,MP,Starts,Min,90s,Gls,Ast,G+A,G-PK,PK,PKatt,CrdY,CrdR,Gls,Ast,G+A,G-PK,G+A-PK,Matches
51,Barry Bannan,sct SCO,MF,Sheffield Weds,34,1989,41,40,"3,461",38.5,4,5,9,4,0,0,7,0,0.1,0.13,0.23,0.1,0.23,Matches
52,Jamal Baptiste,eng ENG,DF,Sheffield United,20,2003,1,0,7,0.1,0,0,0,0,0,0,0,0,0,0,0,0,0,Matches
53,Shandon Baptiste,gd GRN,MF,Luton Town,26,1998,16,7,717,8,1,0,1,1,0,0,2,0,0.13,0,0.13,0.13,0.13,Matches
54,Tom Barkhuizen,eng ENG,"MF,FW",Derby County,31,1993,19,2,404,4.5,0,0,0,0,0,0,2,0,0,0,0,0,0,Matches
55,Daniel Barlaser,tr TUR,MF,Middlesbrough,27,1997,23,12,"1,155",12.8,1,1,2,1,0,0,2,0,0.08,0.08,0.16,0.08,0.16,Matches
56,Ashley Barnes,eng ENG,FW,Norwich City,34,1989,8,1,173,1.9,0,0,0,0,0,0,1,0,0,0,0,0,0,Matches
57,Ashley Barnes,eng ENG,FW,Burnley,34,1989,13,1,134,1.5,1,1,2,1,0,0,1,0,0.67,0.67,1.34,0.67,1.34,Matches
58,Louie Barry,eng ENG,MF,Hull City,21,2003,4,2,165,1.8,0,0,0,0,0,0,0,0,0,0,0,0,0,Matches
59,Kyle Bartley,eng ENG,DF,West Bromwich Albion,33,1991,31,30,"2,610",29,0,0,0,0,0,0,5,1,0,0,0,0,0,Matches
60,Norman Bassette,be BEL,FW,Coventry City,19,2004,25,11,907,10.1,2,0,2,2,0,0,5,0,0.2,0,0.2,0.2,0.2,Matches
61,Danny Batth,eng ENG,DF,Blackburn Rovers,33,1990,37,34,"3,009",33.4,2,0,2,2,0,0,5,0,0.06,0,0.06,0.06,0.06,Matches
62,Patrick Bauer,de GER,DF,Preston North End,31,1992,1,0,6,0.1,0,0,0,0,0,0,0,0,0,0,0,0,0,Matches
63,Vakoun Bayo,ci CIV,FW,Watford,27,1997,41,25,"2,242",24.9,10,0,10,9,1,1,5,1,0.4,0,0.4,0.36,0.36,Matches
64,James Beadle,eng ENG,GK,Sheffield Weds,20,2004,38,38,"3,420",38,0,0,0,0,0,0,2,0,0,0,0,0,0,Matches
65,Owen Beck,wls WAL,"DF,MF",Blackburn Rovers,21,2002,24,21,"1,874",20.8,1,0,1,1,0,0,3,1,0.05,0,0.05,0.05,0.05,Matches
66,Chris Bedia,ci CIV,FW,Hull City,28,1996,21,9,921,10.2,3,0,3,2,1,1,0,0,0.29,0,0.29,0.2,0.2,Matches
67,Amari'i Bell,jm JAM,"DF,MF",Luton Town,30,1994,31,31,"2,706",30.1,0,0,0,0,0,0,1,0,0,0,0,0,0,Matches
68,Sam Bell,eng ENG,"FW,MF",Bristol City,22,2002,20,0,440,4.9,0,0,0,0,0,0,0,0,0,0,0,0,0,Matches
69,Jobe Bellingham,eng ENG,MF,Sunderland,18,2005,40,39,"3,507",39,4,3,7,4,0,0,10,1,0.1,0.08,0.18,0.1,0.18,Matches
70,Bachir Belloumi,dz ALG,"FW,MF",Hull City,22,2002,10,10,815,9.1,2,2,4,2,0,0,1,0,0.22,0.22,0.44,0.22,0.44,Matches
71,Anis Ben Slimane,tn TUN,MF,Norwich City,23,2001,33,25,"2,091",23.2,2,2,4,2,0,0,6,0,0.09,0.09,0.17,0.09,0.17,Matches
72,Anis Ben Slimane,tn TUN,MF,Sheffield United,23,2001,3,0,46,0.5,0,0,0,0,0,0,0,0,0,0,0,0,0,Matches
73,Joe Bennett,eng ENG,DF,Oxford United,34,1990,12,8,744,8.3,0,0,0,0,0,0,1,0,0,0,0,0,0,Matches
74,Daniel Bennie,au AUS,FW,Queens Park Rangers,18,2006,12,1,216,2.4,0,0,0,0,0,0,1,0,0,0,0,0,0,Matches
75,Jóhann Berg Guðmundsson,is ISL,"FW,MF",Burnley,33,1990,1,0,16,0.2,1,0,1,1,0,0,0,0,5.63,0,5.63,5.63,5.63,Matches
Rk,Player,Nation,Pos,Squad,Age,Born,MP,Starts,Min,90s,Gls,Ast,G+A,G-PK,PK,PKatt,CrdY,CrdR,Gls,Ast,G+A,G-PK,G+A-PK,Matches
76,Di'Shon Bernard,jm JAM,DF,Sheffield Weds,23,2000,27,26,"2,235",24.8,2,0,2,2,0,0,9,2,0.08,0,0.08,0.08,0.08,Matches
77,Kian Best,eng ENG,DF,Preston North End,18,2005,1,0,4,0,0,0,0,0,0,0,0,0,0,0,0,0,0,Matches
78,Florian Bianchini,fr FRA,FW,Swansea City,23,2001,36,8,"1,103",12.3,3,0,3,3,0,0,2,0,0.24,0,0.24,0.24,0.24,Matches
79,Jake Bidwell,eng ENG,"DF,MF",Coventry City,31,1993,29,23,"2,062",22.9,1,1,2,1,0,0,5,0,0.04,0.04,0.09,0.04,0.09,Matches
80,Luis Binks,eng ENG,DF,Coventry City,22,2001,22,21,"1,852",20.6,0,1,1,0,0,0,7,0,0,0.05,0.05,0,0.05,Matches
81,Max Bird,eng ENG,MF,Bristol City,23,2000,46,43,"3,481",38.7,1,8,9,1,0,0,1,0,0.03,0.21,0.23,0.03,0.23,Matches
82,Colby Bishop,eng ENG,FW,Portsmouth,27,1996,32,31,"2,629",29.2,11,3,14,8,3,4,3,0,0.38,0.1,0.48,0.27,0.38,Matches
83,Billy Blacker,eng ENG,FW,Sheffield United,18,2006,1,0,1,0,0,0,0,0,0,0,0,0,0,0,0,0,0,Matches
84,Corey Blackett-Taylor,eng ENG,"MF,FW",Derby County,26,1997,12,4,404,4.5,1,0,1,1,0,0,1,0,0.22,0,0.22,0.22,0.22,Matches
85,Harvey Blair,eng ENG,MF,Portsmouth,20,2003,12,3,294,3.3,1,0,1,1,0,0,3,0,0.31,0,0.31,0.31,0.31,Matches
86,Malachi Boateng,eng ENG,MF,Plymouth Argyle,22,2002,7,1,198,2.2,0,0,0,0,0,0,0,0,0,0,0,0,0,Matches
87,Eric Bocat,fr FRA,DF,Stoke City,25,1999,30,23,"2,041",22.7,0,1,1,0,0,0,1,0,0,0.04,0.04,0,0.04,Matches
88,Jayden Bogle,eng ENG,DF,Leeds United,24,2000,44,44,"3,824",42.5,6,4,10,6,0,0,12,0,0.14,0.09,0.24,0.14,0.24,Matches
89,Jonathan Bond,eng ENG,GK,Watford,31,1993,9,8,798,8.9,0,0,0,0,0,0,0,0,0,0,0,0,0,Matches
90,Neto Borges,br BRA,DF,Middlesbrough,27,1996,35,34,"2,891",32.1,1,3,4,1,0,0,4,0,0.03,0.09,0.12,0.03,0.12,Matches
91,Raphael Borges Rodrigues,au AUS,MF,Coventry City,20,2003,3,0,10,0.1,0,0,0,0,0,0,0,0,0,0,0,0,0,Matches
92,Josh Bowler,eng ENG,"MF,FW",Preston North End,25,1999,10,6,456,5.1,0,0,0,0,0,0,0,0,0,0,0,0,0,Matches
93,Josh Bowler,eng ENG,MF,Luton Town,25,1999,8,0,150,1.7,0,0,0,0,0,0,0,0,0,0,0,0,0,Matches
94,Sonny Bradley,eng ENG,DF,Derby County,32,1991,7,3,303,3.4,0,0,0,0,0,0,1,0,0,0,0,0,0,Matches
95,Tom Bradshaw,wls WAL,FW,Oxford United,32,1992,11,4,359,4,0,0,0,0,0,0,1,0,0,0,0,0,0,Matches
96,Tom Bradshaw,wls WAL,FW,Millwall,32,1992,11,4,450,5,1,0,1,0,1,1,0,0,0.2,0,0.2,0,0,Matches
97,Robbie Brady,ie IRL,MF,Preston North End,32,1992,29,17,"1,638",18.2,0,4,4,0,0,0,8,0,0,0.22,0.22,0,0.22,Matches
98,Cohen Bramall,eng ENG,DF,Portsmouth,28,1996,12,4,460,5.1,0,0,0,0,0,0,2,0,0,0,0,0,0,Matches
99,Cameron Brannagan,eng ENG,MF,Oxford United,28,1996,33,33,"2,900",32.2,3,4,7,3,0,0,10,0,0.09,0.12,0.22,0.09,0.22,Matches
100,Ben Brereton,cl CHI,MF,Sheffield United,25,1999,17,13,984,10.9,4,3,7,4,0,0,4,0,0.37,0.27,0.64,0.37,0.64,Matches
Rk,Player,Nation,Pos,Squad,Age,Born,MP,Starts,Min,90s,Gls,Ast,G+A,G-PK,PK,PKatt,CrdY,CrdR,Gls,Ast,G+A,G-PK,G+A-PK,Matches
101,Rhian Brewster,eng ENG,"MF,FW",Sheffield United,24,2000,36,16,"1,558",17.3,4,3,7,4,0,0,2,0,0.23,0.17,0.4,0.23,0.4,Matches
102,Callum Brittain,eng ENG,DF,Blackburn Rovers,26,1998,33,30,"2,659",29.5,2,5,7,2,0,0,5,0,0.07,0.17,0.24,0.07,0.24,Matches
103,Andre Brooks,eng ENG,MF,Sheffield United,20,2003,22,10,951,10.6,3,2,5,3,0,0,3,0,0.28,0.19,0.47,0.28,0.47,Matches
104,Ciaron Brown,nir NIR,DF,Oxford United,26,1998,41,41,"3,611",40.1,4,3,7,4,0,0,6,0,0.1,0.07,0.17,0.1,0.17,Matches
105,Dajaune Brown,jm JAM,FW,Derby County,18,2005,15,3,387,4.3,1,0,1,1,0,0,0,0,0.23,0,0.23,0.23,0.23,Matches
106,Jacob Brown,sct SCO,"MF,FW",Luton Town,26,1998,29,11,"1,217",13.5,4,1,5,4,0,0,4,0,0.3,0.07,0.37,0.3,0.37,Matches
107,Alan Browne,ie IRL,"MF,DF",Sunderland,29,1995,22,13,"1,212",13.5,1,0,1,1,0,0,1,0,0.07,0,0.07,0.07,0.07,Matches
108,Josh Brownhill,eng ENG,MF,Burnley,28,1995,42,39,"3,474",38.6,18,6,24,15,3,3,5,0,0.47,0.16,0.62,0.39,0.54,Matches
109,Joe Bryan,eng ENG,DF,Millwall,30,1993,39,37,"3,275",36.4,1,1,2,1,0,0,8,0,0.03,0.03,0.05,0.03,0.05,Matches
110,Solomon Brynn,eng ENG,GK,Middlesbrough,23,2000,6,6,509,5.7,0,0,0,0,0,0,0,0,0,0,0,0,0,Matches
111,John Buckley,eng ENG,MF,Blackburn Rovers,24,1999,23,8,855,9.5,0,0,0,0,0,0,5,0,0,0,0,0,0,Matches
112,Mustapha Bundu,sl SLE,"FW,MF",Plymouth Argyle,27,1997,37,27,"2,302",25.6,10,6,16,10,0,0,4,0,0.39,0.23,0.63,0.39,0.63,Matches
113,Wouter Burger,nl NED,MF,Stoke City,23,2001,39,37,"3,002",33.4,1,1,2,1,0,0,10,0,0.03,0.03,0.06,0.03,0.06,Matches
114,Delano Burgzorg,sr SUR,MF,Middlesbrough,25,1998,42,23,"2,187",24.3,5,2,7,4,1,1,2,0,0.21,0.08,0.29,0.16,0.25,Matches
115,Reece Burke,eng ENG,"DF,MF",Luton Town,27,1996,17,10,852,9.5,0,0,0,0,0,0,4,0,0,0,0,0,0,Matches
116,Finley Burns,eng ENG,"DF,MF",Hull City,21,2003,9,4,311,3.5,0,0,0,0,0,0,1,0,0,0,0,0,0,Matches
117,Harrison Burrows,eng ENG,DF,Sheffield United,22,2002,43,39,"3,460",38.4,5,3,8,3,2,2,2,0,0.13,0.08,0.21,0.08,0.16,Matches
118,Mason Burstow,eng ENG,"FW,MF",Hull City,20,2003,31,8,953,10.6,2,1,3,2,0,0,1,0,0.19,0.09,0.28,0.19,0.28,Matches
119,Sam Byram,eng ENG,DF,Leeds United,30,1993,36,16,"1,409",15.7,1,1,2,1,0,0,4,0,0.06,0.06,0.13,0.06,0.13,Matches
120,Ben Cabango,wls WAL,DF,Swansea City,24,2000,45,45,"4,032",44.8,2,1,3,2,0,0,9,0,0.04,0.02,0.07,0.04,0.07,Matches
121,Tyrese Campbell,eng ENG,FW,Sheffield United,24,1999,33,20,"1,580",17.6,10,1,11,10,0,0,2,0,0.57,0.06,0.63,0.57,0.63,Matches
122,Thomas Cannon,ie IRL,FW,Stoke City,21,2002,22,22,"1,857",20.6,9,1,10,6,3,4,3,0,0.44,0.05,0.48,0.29,0.34,Matches
123,Thomas Cannon,ie IRL,FW,Sheffield United,21,2002,15,7,682,7.6,1,1,2,1,0,0,0,0,0.13,0.13,0.26,0.13,0.26,Matches
124,Todd Cantwell,eng ENG,MF,Blackburn Rovers,26,1998,37,27,"2,479",27.5,3,7,10,1,2,2,6,0,0.11,0.25,0.36,0.04,0.29,Matches
125,Theo Carroll,eng ENG,MF,Preston North End,17,2007,1,0,4,0,0,0,0,0,0,0,0,0,0,0,0,0,0,Matches
Rk,Player,Nation,Pos,Squad,Age,Born,MP,Starts,Min,90s,Gls,Ast,G+A,G-PK,PK,PKatt,CrdY,CrdR,Gls,Ast,G+A,G-PK,G+A-PK,Matches
126,Hayden Carter,eng ENG,DF,Blackburn Rovers,24,1999,16,16,"1,363",15.1,0,1,1,0,0,0,5,0,0,0.07,0.07,0,0.07,Matches
127,Eiran Cashin,ie IRL,DF,Derby County,22,2001,21,21,"1,786",19.8,1,0,1,1,0,0,5,0,0.05,0,0.05,0.05,0.05,Matches
128,Žan Celar,si SVN,FW,Queens Park Rangers,25,1999,19,10,944,10.5,2,0,2,2,0,1,1,0,0.19,0,0.19,0.19,0.19,Matches
129,Ilias Chair,ma MAR,"MF,FW",Queens Park Rangers,26,1997,28,20,"1,698",18.9,2,6,8,2,0,0,2,0,0.11,0.32,0.42,0.11,0.42,Matches
130,Giorgi Chakvetadze,ge GEO,"MF,FW",Watford,24,1999,39,37,"3,281",36.5,2,6,8,2,0,0,6,0,0.05,0.16,0.22,0.05,0.22,Matches
131,Nathaniel Chalobah,eng ENG,MF,Sheffield Weds,29,1994,16,4,444,4.9,0,0,0,0,0,0,3,0,0,0,0,0,0,Matches
132,Calum Chambers,eng ENG,"DF,MF",Cardiff City,29,1995,41,41,"3,513",39,2,1,3,2,0,0,8,1,0.05,0.03,0.08,0.05,0.08,Matches
133,Samuel Chambers,eng ENG,MF,Leeds United,16,2007,1,0,17,0.2,0,0,0,0,0,0,0,0,0,0,0,0,0,Matches
134,Pierce Charles,nir NIR,GK,Sheffield Weds,19,2005,8,8,720,8,0,0,0,0,0,0,1,0,0,0,0,0,0,Matches
135,Shea Charles,nir NIR,MF,Sheffield Weds,20,2003,43,42,"3,631",40.3,1,5,6,1,0,0,10,0,0.02,0.12,0.15,0.02,0.15,Matches
136,Tawanda Chirewa,zw ZIM,MF,Derby County,20,2003,5,1,151,1.7,0,0,0,0,0,0,1,0,0,0,0,0,0,Matches
137,Tahith Chong,cw CUW,"MF,FW",Luton Town,24,1999,30,24,"2,026",22.5,2,1,3,2,0,0,5,0,0.09,0.04,0.13,0.09,0.13,Matches
138,Hamza Choudhury,bd BAN,"MF,DF",Sheffield United,26,1997,16,13,"1,105",12.3,0,0,0,0,0,0,2,0,0,0,0,0,0,Matches
139,Benjamin Chrisene,eng ENG,DF,Norwich City,20,2004,26,12,"1,150",12.8,1,0,1,1,0,0,2,0,0.08,0,0.08,0.08,0.08,Matches
140,Cyrus Christie,ie IRL,DF,Swansea City,31,1992,11,2,282,3.1,0,0,0,0,0,0,1,0,0,0,0,0,0,Matches
141,Dennis Cirkin,eng ENG,DF,Sunderland,22,2002,36,30,"2,740",30.4,3,2,5,3,0,0,6,0,0.1,0.07,0.16,0.1,0.16,Matches
142,Ibrahim Cissoko,nl NED,MF,Plymouth Argyle,21,2003,13,9,661,7.3,3,1,4,3,0,0,2,1,0.41,0.14,0.54,0.41,0.54,Matches
143,Ibrahim Cissoko,nl NED,MF,Sheffield Weds,21,2003,5,0,56,0.6,0,0,0,0,0,0,1,0,0,0,0,0,0,Matches
144,Jordan Clark,eng ENG,MF,Luton Town,30,1993,40,37,"3,235",35.9,6,6,12,6,0,0,10,0,0.17,0.17,0.33,0.17,0.33,Matches
145,Harry Clarke,eng ENG,DF,Sheffield United,23,2001,6,6,472,5.2,0,0,0,0,0,0,3,0,0,0,0,0,0,Matches
146,Jack Clarke,eng ENG,MF,Sunderland,23,2000,2,2,179,2,1,1,2,1,0,0,0,0,0.5,0.5,1.01,0.5,1.01,Matches
147,Matthew Clarke,eng ENG,DF,Derby County,27,1996,16,15,"1,366",15.2,1,0,1,1,0,0,2,0,0.07,0,0.07,0.07,0.07,Matches
148,Matthew Clarke,eng ENG,DF,Middlesbrough,27,1996,14,12,"1,112",12.4,2,0,2,2,0,0,0,0,0.16,0,0.16,0.16,0.16,Matches
149,Jake Clarke-Salter,eng ENG,DF,Queens Park Rangers,26,1997,11,8,753,8.4,0,0,0,0,0,0,3,0,0,0,0,0,0,Matches
150,Josh Coburn,eng ENG,FW,Middlesbrough,21,2002,2,0,6,0.1,0,0,0,0,0,0,0,0,0,0,0,0,0,Matches
Rk,Player,Nation,Pos,Squad,Age,Born,MP,Starts,Min,90s,Gls,Ast,G+A,G-PK,PK,PKatt,CrdY,CrdR,Gls,Ast,G+A,G-PK,G+A-PK,Matches
151,Josh Coburn,eng ENG,FW,Millwall,21,2002,20,14,"1,218",13.5,5,0,5,5,0,1,0,0,0.37,0,0.37,0.37,0.37,Matches
152,Jack Colback,eng ENG,MF,Queens Park Rangers,34,1989,24,16,"1,449",16.1,1,1,2,1,0,0,8,1,0.06,0.06,0.12,0.06,0.12,Matches
153,Devante Cole,eng ENG,FW,West Bromwich Albion,29,1995,14,0,163,1.8,0,0,0,0,0,0,0,0,0,0,0,0,0,Matches
154,Bradley Collins,eng ENG,GK,Coventry City,27,1997,15,14,"1,313",14.6,0,0,0,0,0,0,2,0,0,0,0,0,0,Matches
155,James Collins,ie IRL,FW,Derby County,33,1990,17,1,222,2.5,0,0,0,0,0,0,1,0,0,0,0,0,0,Matches
156,Jamilu Collins,ng NGA,DF,Cardiff City,29,1994,3,2,165,1.8,0,0,0,0,0,0,1,0,0,0,0,0,0,Matches
157,Rubin Colwill,wls WAL,"MF,FW",Cardiff City,22,2002,43,24,"2,522",28,1,4,5,1,0,0,3,0,0.04,0.14,0.18,0.04,0.18,Matches
158,Aaron Connolly,ie IRL,"MF,FW",Sunderland,24,2000,10,2,246,2.7,1,0,1,1,0,0,0,0,0.37,0,0.37,0.37,0.37,Matches
159,Aaron Connolly,ie IRL,"MF,FW",Millwall,24,2000,14,6,659,7.3,1,0,1,1,0,1,3,0,0.14,0,0.14,0.14,0.14,Matches
160,Tommy Conway,sct SCO,"FW,MF",Middlesbrough,21,2002,36,27,"2,357",26.2,13,1,14,11,2,4,1,0,0.5,0.04,0.53,0.42,0.46,Matches
161,Steve Cook,eng ENG,DF,Queens Park Rangers,33,1991,31,31,"2,617",29.1,2,0,2,2,0,0,4,0,0.07,0,0.07,0.07,0.07,Matches
162,Jake Cooper,eng ENG,DF,Millwall,29,1995,36,36,"3,195",35.5,3,1,4,3,0,0,4,0,0.08,0.03,0.11,0.08,0.11,Matches
163,Michael Cooper,eng ENG,GK,Sheffield United,24,1999,43,43,"3,870",43,0,0,0,0,0,0,3,0,0,0,0,0,0,Matches
164,Oliver Cooper,wls WAL,MF,Swansea City,24,1999,28,10,"1,042",11.6,1,1,2,1,0,0,0,0,0.09,0.09,0.17,0.09,0.17,Matches
165,José Cordoba,pa PAN,DF,Norwich City,23,2001,34,24,"2,103",23.4,1,0,1,1,0,0,4,1,0.04,0,0.04,0.04,0.04,Matches
166,David Cornell,wls WAL,GK,Preston North End,33,1991,10,9,811,9,0,0,0,0,0,0,0,0,0,0,0,0,0,Matches
167,Harry Cornick,eng ENG,"FW,MF",Bristol City,29,1995,3,0,38,0.4,1,0,1,1,0,0,0,0,2.37,0,2.37,2.37,2.37,Matches
168,Lewie Coyle,eng ENG,DF,Hull City,28,1995,44,42,"3,717",41.3,1,2,3,1,0,0,6,0,0.02,0.05,0.07,0.02,0.07,Matches
169,Amario Cozier-Duberry,eng ENG,MF,Blackburn Rovers,19,2005,22,6,723,8,1,0,1,1,0,0,0,0,0.12,0,0.12,0.12,0.12,Matches
170,Tristan Crama,fr FRA,DF,Millwall,22,2001,20,18,"1,634",18.2,0,2,2,0,0,0,1,0,0,0.11,0.11,0,0.11,Matches
171,Charlie Crew,wls WAL,MF,Leeds United,18,2006,1,0,5,0.1,0,0,0,0,0,0,0,0,0,0,0,0,0,Matches
172,Ante Crnac,hr CRO,"FW,MF",Norwich City,20,2003,38,29,"2,495",27.7,7,4,11,7,0,0,2,0,0.25,0.14,0.4,0.25,0.4,Matches
173,Matt Crooks,eng ENG,"MF,FW",Hull City,30,1994,18,9,789,8.8,3,0,3,3,0,0,4,1,0.34,0,0.34,0.34,0.34,Matches
174,Josh Cullen,ie IRL,MF,Burnley,28,1996,44,43,"3,801",42.2,2,3,5,2,0,0,11,0,0.05,0.07,0.12,0.05,0.12,Matches
175,Liam Cullen,wls WAL,"MF,FW",Swansea City,25,1999,42,35,"2,995",33.3,11,3,14,11,0,0,8,0,0.33,0.09,0.42,0.33,0.42,Matches
Rk,Player,Nation,Pos,Squad,Age,Born,MP,Starts,Min,90s,Gls,Ast,G+A,G-PK,PK,PKatt,CrdY,CrdR,Gls,Ast,G+A,G-PK,G+A-PK,Matches
176,Jamie Cumming,eng ENG,GK,Oxford United,24,1999,45,45,"4,050",45,0,0,0,0,0,0,1,0,0,0,0,0,0,Matches
177,Luke Cundle,eng ENG,MF,Millwall,22,2002,16,13,985,10.9,1,0,1,1,0,0,2,0,0.09,0,0.09,0.09,0.09,Matches
178,Jesper Daland,no NOR,DF,Cardiff City,24,2000,20,16,"1,427",15.9,0,0,0,0,0,0,2,0,0,0,0,0,0,Matches
179,Owen Dale,eng ENG,MF,Oxford United,25,1998,11,4,350,3.9,0,0,0,0,0,0,0,0,0,0,0,0,0,Matches
180,Harry Darling,eng ENG,DF,Swansea City,24,1999,39,38,"3,335",37.1,5,3,8,5,0,0,4,1,0.13,0.08,0.22,0.13,0.22,Matches
181,Karl Darlow,wls WAL,GK,Leeds United,33,1990,7,7,630,7,0,0,0,0,0,0,1,0,0,0,0,0,0,Matches
182,Jay Dasilva,wls WAL,"DF,MF",Coventry City,26,1998,31,20,"1,807",20.1,0,1,1,0,0,0,2,1,0,0.05,0.05,0,0.05,Matches
183,Adam Davies,wls WAL,GK,Sheffield United,32,1992,3,3,270,3,0,0,0,0,0,0,0,0,0,0,0,0,0,Matches
184,Isaak Davies,wls WAL,MF,Cardiff City,22,2001,9,3,287,3.2,2,0,2,2,0,0,1,0,0.63,0,0.63,0.63,0.63,Matches
185,Tom Davies,eng ENG,MF,Sheffield United,26,1998,13,6,673,7.5,1,1,2,1,0,0,4,0,0.13,0.13,0.27,0.13,0.27,Matches
186,James Debayo,eng ENG,DF,Leeds United,19,2005,1,0,1,0,0,0,0,0,0,0,0,0,0,0,0,0,0,Matches
187,Hannes Delcroix,ht HAI,DF,Swansea City,25,1999,12,10,888,9.9,0,0,0,0,0,0,2,0,0,0,0,0,0,Matches
188,Tom Dele-Bashiru,ng NGA,MF,Watford,24,1999,27,25,"2,064",22.9,4,0,4,1,3,3,0,0,0.17,0,0.17,0.04,0.04,Matches
189,Karamoko Dembélé,eng ENG,MF,Queens Park Rangers,21,2003,23,15,"1,186",13.2,3,4,7,3,0,0,2,0,0.23,0.3,0.53,0.23,0.53,Matches
190,Siriki Dembélé,ci CIV,MF,Oxford United,27,1996,25,15,"1,371",15.2,2,1,3,2,0,0,2,0,0.13,0.07,0.2,0.13,0.2,Matches
191,Rav van den Berg,nl NED,DF,Middlesbrough,20,2004,27,23,"2,128",23.6,0,0,0,0,0,0,4,1,0,0,0,0,0,Matches
192,Emmanuel Dennis,ng NGA,MF,Blackburn Rovers,26,1997,6,1,160,1.8,0,1,1,0,0,0,3,1,0,0.56,0.56,0,0.56,Matches
193,Terry Devlin,nir NIR,"DF,MF",Portsmouth,20,2003,34,13,"1,562",17.4,0,1,1,0,0,0,2,0,0,0.06,0.06,0,0.06,Matches
194,Ousmane Diakité,ml MLI,"MF,DF",West Bromwich Albion,24,2000,22,9,860,9.6,0,0,0,0,0,0,1,0,0,0,0,0,0,Matches
195,Grady Diangana,cd COD,"MF,FW",West Bromwich Albion,26,1998,34,14,"1,494",16.6,4,3,7,4,0,0,1,0,0.24,0.18,0.42,0.24,0.42,Matches
196,Robert Dickie,eng ENG,DF,Bristol City,28,1996,36,35,"3,121",34.7,2,1,3,2,0,0,5,1,0.06,0.03,0.09,0.06,0.09,Matches
197,Seny Dieng,sn SEN,GK,Middlesbrough,29,1994,17,17,"1,530",17,0,0,0,0,0,0,0,0,0,0,0,0,0,Matches
198,Anfernee Dijksteel,sr SUR,DF,Middlesbrough,27,1996,33,27,"2,525",28.1,2,1,3,2,0,0,5,0,0.07,0.04,0.11,0.07,0.11,Matches
199,Daryl Dike,us USA,MF,West Bromwich Albion,24,2000,11,1,227,2.5,1,1,2,1,0,0,1,0,0.4,0.4,0.79,0.4,0.79,Matches
200,Jaden Dixon,eng ENG,DF,Stoke City,17,2007,2,0,11,0.1,0,0,0,0,0,0,0,0,0,0,0,0,0,Matches
Rk,Player,Nation,Pos,Squad,Age,Born,MP,Starts,Min,90s,Gls,Ast,G+A,G-PK,PK,PKatt,CrdY,CrdR,Gls,Ast,G+A,G-PK,G+A-PK,Matches
201,Elijah Dixon-Bonner,eng ENG,MF,Queens Park Rangers,23,2001,3,0,10,0.1,0,0,0,0,0,0,1,0,0,0,0,0,0,Matches
202,Lewis Dobbin,eng ENG,"FW,MF",Norwich City,21,2003,10,8,640,7.1,2,0,2,2,0,0,1,0,0.28,0,0.28,0.28,0.28,Matches
203,Lewis Dobbin,eng ENG,MF,West Bromwich Albion,21,2003,17,1,340,3.8,0,0,0,0,0,0,0,0,0,0,0,0,0,Matches
204,Tyrhys Dolan,eng ENG,MF,Blackburn Rovers,22,2001,44,40,"3,175",35.3,7,6,13,6,1,1,12,0,0.2,0.17,0.37,0.17,0.34,Matches
205,Alfie Doughty,eng ENG,MF,Luton Town,24,1999,26,25,"2,037",22.6,1,4,5,1,0,0,5,0,0.04,0.18,0.22,0.04,0.22,Matches
206,Mamadou Doumbia,ml MLI,FW,Watford,18,2006,19,12,968,10.8,2,0,2,2,0,0,2,0,0.19,0,0.19,0.19,0.19,Matches
207,Oliver Dovin,se SWE,GK,Coventry City,22,2002,28,28,"2,467",27.4,0,0,0,0,0,0,1,0,0,0,0,0,0,Matches
208,Callum Doyle,eng ENG,DF,Norwich City,20,2003,40,38,"3,440",38.2,1,7,8,1,0,0,11,0,0.03,0.18,0.21,0.03,0.21,Matches
209,Andre Dozzell,eng ENG,MF,Portsmouth,25,1999,39,32,"2,817",31.3,2,1,3,2,0,0,11,0,0.06,0.03,0.1,0.06,0.1,Matches
210,Cody Drameh,eng ENG,DF,Hull City,22,2001,28,17,"1,649",18.3,1,1,2,1,0,0,2,0,0.05,0.05,0.11,0.05,0.11,Matches
211,Shane Duffy,ie IRL,DF,Norwich City,32,1992,45,45,"4,040",44.9,4,0,4,4,0,0,4,0,0.09,0,0.09,0.09,0.09,Matches
212,Jimmy Dunne,ie IRL,DF,Queens Park Rangers,26,1997,45,45,"4,050",45,5,2,7,5,0,0,9,0,0.11,0.04,0.16,0.11,0.16,Matches
213,Leonard Duru,eng ENG,DF,Blackburn Rovers,19,2005,1,0,2,0,0,0,0,0,0,0,0,0,0,0,0,0,0,Matches
214,Pierre Dwomoh,be BEL,MF,Watford,20,2004,9,6,530,5.9,0,0,0,0,0,0,1,0,0,0,0,0,0,Matches
215,Lyndon Dykes,sct SCO,"FW,MF",Queens Park Rangers,28,1995,1,0,6,0.1,1,0,1,1,0,0,0,0,15,0,15,15,15,Matches
216,George Earthy,eng ENG,"MF,FW",Bristol City,19,2004,37,11,"1,457",16.2,3,1,4,3,0,0,3,0,0.19,0.06,0.25,0.19,0.25,Matches
217,Malcolm Ebiowei,eng ENG,MF,Oxford United,20,2003,4,0,68,0.8,0,0,0,0,0,0,1,0,0,0,0,0,0,Matches
218,Festy Ebosele,ie IRL,"MF,DF",Watford,21,2002,18,7,757,8.4,1,1,2,1,0,0,7,0,0.12,0.12,0.24,0.12,0.24,Matches
219,Josh Eccles,eng ENG,MF,Coventry City,24,2000,39,25,"2,340",26,3,3,6,3,0,0,6,0,0.12,0.12,0.23,0.12,0.23,Matches
220,George Edmundson,eng ENG,DF,Middlesbrough,26,1997,24,24,"2,090",23.2,1,0,1,1,0,0,9,0,0.04,0,0.04,0.04,0.04,Matches
221,Joe Edwards,eng ENG,DF,Plymouth Argyle,33,1990,17,12,"1,136",12.6,1,1,2,1,0,0,4,1,0.08,0.08,0.16,0.08,0.16,Matches
222,Kyle Edwards,eng ENG,MF,Oxford United,26,1998,7,1,199,2.2,0,1,1,0,0,0,0,0,0,0.45,0.45,0,0.45,Matches
223,Marcus Edwards,eng ENG,MF,Burnley,25,1998,14,12,936,10.4,1,1,2,1,0,0,1,0,0.1,0.1,0.19,0.1,0.19,Matches
224,Ronnie Edwards,eng ENG,"DF,MF",Queens Park Rangers,21,2003,21,20,"1,819",20.2,2,0,2,2,0,0,2,0,0.1,0,0.1,0.1,0.1,Matches
225,John Egan,ie IRL,DF,Burnley,31,1992,7,1,165,1.8,0,0,0,0,0,0,0,0,0,0,0,0,0,Matches
Rk,Player,Nation,Pos,Squad,Age,Born,MP,Starts,Min,90s,Gls,Ast,G+A,G-PK,PK,PKatt,CrdY,CrdR,Gls,Ast,G+A,G-PK,G+A-PK,Matches
226,John Egan,ie IRL,DF,Hull City,31,1992,11,8,730,8.1,0,0,0,0,0,0,1,0,0,0,0,0,0,Matches
227,CJ Egan-Riley,eng ENG,DF,Burnley,21,2003,41,40,"3,601",40,1,1,2,1,0,0,7,1,0.02,0.02,0.05,0.02,0.05,Matches
228,Callum Elder,au AUS,"DF,MF",Derby County,29,1995,29,24,"2,149",23.9,0,3,3,0,0,0,8,0,0,0.13,0.13,0,0.13,Matches
229,Aidomo Emakhu,ie IRL,MF,Millwall,20,2003,25,6,696,7.7,0,2,2,0,0,0,3,1,0,0.26,0.26,0,0.26,Matches
230,Lukas Engel,dk DEN,DF,Middlesbrough,25,1998,9,4,368,4.1,0,0,0,0,0,0,1,0,0,0,0,0,0,Matches
231,Niall Ennis,eng ENG,FW,Stoke City,25,1999,9,1,195,2.2,0,0,0,0,0,0,0,0,0,0,0,0,0,Matches
232,Romain Esse,eng ENG,MF,Millwall,19,2005,24,24,"2,018",22.4,4,1,5,4,0,0,4,0,0.18,0.04,0.22,0.18,0.22,Matches
233,Maxime Estève,fr FRA,DF,Burnley,22,2002,46,46,"4,055",45.1,1,0,1,1,0,0,3,0,0.02,0,0.02,0.02,0.02,Matches
234,Oscar Estupiñan,co COL,FW,Hull City,27,1996,2,2,147,1.6,1,0,1,0,1,1,0,0,0.61,0,0.61,0,0,Matches
235,Ched Evans,wls WAL,FW,Preston North End,35,1988,8,0,102,1.1,0,2,2,0,0,0,0,0,0,1.76,1.76,0,1.76,Matches
236,George Evans,eng ENG,GK,Millwall,19,2005,4,4,360,4,0,0,0,0,0,0,0,0,0,0,0,0,0,Matches
237,Milan van Ewijk,nl NED,"DF,MF",Coventry City,23,2000,45,45,"4,010",44.6,2,2,4,2,0,0,1,0,0.04,0.04,0.09,0.04,0.09,Matches
238,Malachi Fagan-Walcott,eng ENG,DF,Cardiff City,22,2002,1,0,24,0.3,0,0,0,0,0,0,0,0,0,0,0,0,0,Matches
239,Akin Famewo,eng ENG,DF,Sheffield Weds,25,1998,13,11,938,10.4,0,1,1,0,0,0,2,0,0,0.1,0.1,0,0.1,Matches
240,Lamine Fanne ,es ESP,"MF,FW",Luton Town,20,2004,12,6,584,6.5,0,0,0,0,0,0,1,0,0,0,0,0,0,Matches
241,Jacob Farrell,au AUS,DF,Portsmouth,21,2002,1,1,90,1,0,0,0,0,0,0,0,0,0,0,0,0,0,Matches
242,Christian Fassnacht,ch SUI,FW,Norwich City,30,1993,3,1,82,0.9,0,0,0,0,0,0,0,0,0,0,0,0,0,Matches
243,Tom Fellows,eng ENG,MF,West Bromwich Albion,21,2003,45,35,"2,872",31.9,4,14,18,4,0,0,4,0,0.13,0.44,0.56,0.13,0.56,Matches
244,Marselino Ferdinan,id IDN,MF,Oxford United,19,2004,1,0,14,0.2,0,0,0,0,0,0,0,0,0,0,0,0,0,Matches
245,Sam Field,eng ENG,MF,Queens Park Rangers,26,1998,35,35,"2,905",32.3,3,0,3,3,0,0,8,0,0.09,0,0.09,0.09,0.09,Matches
246,Tegan Finn,,MF,Plymouth Argyle,,,4,1,144,1.6,0,0,0,0,0,0,0,0,0,0,0,0,0,Matches
247,Junior Firpo,do DOM,DF,Leeds United,27,1996,32,30,"2,616",29.1,4,10,14,4,0,0,7,0,0.14,0.34,0.48,0.14,0.48,Matches
248,Will Fish,eng ENG,DF,Cardiff City,21,2003,21,14,"1,376",15.3,0,0,0,0,0,0,4,0,0,0,0,0,0,Matches
249,Kellen Fisher,eng ENG,"DF,MF",Norwich City,20,2004,38,34,"2,692",29.9,0,4,4,0,0,0,10,0,0,0.13,0.13,0,0.13,Matches
250,Zian Flemming,nl NED,FW,Burnley,25,1998,35,28,"2,424",26.9,12,4,16,12,0,0,3,0,0.45,0.15,0.59,0.45,0.59,Matches
Rk,Player,Nation,Pos,Squad,Age,Born,MP,Starts,Min,90s,Gls,Ast,G+A,G-PK,PK,PKatt,CrdY,CrdR,Gls,Ast,G+A,G-PK,G+A-PK,Matches
251,Tyrese Fornah,sl SLE,MF,Derby County,24,1999,1,0,5,0.1,0,0,0,0,0,0,0,0,0,0,0,0,0,Matches
252,Adam Forshaw,eng ENG,MF,Plymouth Argyle,32,1991,16,7,683,7.6,0,0,0,0,0,0,5,1,0,0,0,0,0,Matches
253,Adam Forshaw,eng ENG,MF,Blackburn Rovers,32,1991,16,5,563,6.3,1,0,1,1,0,0,2,0,0.16,0,0.16,0.16,0.16,Matches
254,Amankwah Forson,gh GHA,"MF,FW",Norwich City,21,2002,21,8,727,8.1,2,2,4,2,0,0,2,0,0.25,0.25,0.5,0.25,0.5,Matches
255,Marcus Forss,fi FIN,"MF,FW",Middlesbrough,25,1999,24,6,666,7.4,1,0,1,1,0,0,1,0,0.14,0,0.14,0.14,0.14,Matches
256,Craig Forsyth,sct SCO,"DF,MF",Derby County,35,1989,39,26,"2,557",28.4,3,4,7,3,0,0,4,0,0.11,0.14,0.25,0.11,0.25,Matches
257,Gabriel Forsyth,sct SCO,MF,Norwich City,17,2006,5,2,163,1.8,0,0,0,0,0,0,0,0,0,0,0,0,0,Matches
258,Lyle Foster,za RSA,"FW,MF",Burnley,23,2000,28,17,"1,590",17.7,2,5,7,2,0,0,4,0,0.11,0.28,0.4,0.11,0.4,Matches
259,Morgan Fox,wls WAL,DF,Queens Park Rangers,30,1993,26,12,"1,344",14.9,1,0,1,1,0,0,3,0,0.07,0,0.07,0.07,0.07,Matches
260,Gianluca Frabotta,it ITA,"DF,MF",West Bromwich Albion,25,1999,6,0,65,0.7,0,0,0,0,0,0,0,0,0,0,0,0,0,Matches
261,Gonçalo Franco,pt POR,MF,Swansea City,23,2000,40,39,"3,141",34.9,2,2,4,2,0,0,6,0,0.06,0.06,0.11,0.06,0.11,Matches
262,Michael Frey,ch SUI,FW,Queens Park Rangers,30,1994,29,21,"1,781",19.8,8,1,9,7,1,1,6,0,0.4,0.05,0.45,0.35,0.4,Matches
263,Dael Fry,eng ENG,DF,Middlesbrough,26,1997,21,15,"1,416",15.7,0,0,0,0,0,0,1,0,0,0,0,0,0,Matches
264,Mads Frøkjær-Jensen,dk DEN,"MF,FW",Preston North End,25,1999,38,27,"2,362",26.2,2,5,7,2,0,0,8,0,0.08,0.19,0.27,0.08,0.27,Matches
265,Leo Fuhr Hjelde,no NOR,DF,Sunderland,20,2003,15,5,410,4.6,0,1,1,0,0,0,3,0,0,0.22,0.22,0,0.22,Matches
266,Jay Fulton,sct SCO,MF,Swansea City,30,1994,31,13,"1,289",14.3,1,0,1,1,0,0,6,0,0.07,0,0.07,0.07,0.07,Matches
267,Darnell Furlong,eng ENG,DF,West Bromwich Albion,28,1995,42,42,"3,706",41.2,1,3,4,1,0,0,8,1,0.02,0.07,0.1,0.02,0.1,Matches
268,Sam Gallagher,eng ENG,"FW,MF",Stoke City,28,1995,22,9,"1,024",11.4,3,1,4,3,0,0,5,0,0.26,0.09,0.35,0.26,0.35,Matches
269,Brendan Galloway,zw ZIM,DF,Plymouth Argyle,28,1996,13,11,980,10.9,0,0,0,0,0,0,0,0,0,0,0,0,0,Matches
270,Ben Gannon-Doak,sct SCO,MF,Middlesbrough,18,2005,24,21,"1,778",19.8,3,7,10,3,0,0,7,0,0.15,0.35,0.51,0.15,0.51,Matches
271,Djeidi Gassama,fr FRA,MF,Sheffield Weds,20,2003,43,36,"2,975",33.1,7,1,8,7,0,0,4,0,0.21,0.03,0.24,0.21,0.24,Matches
272,Joe Gelhardt,eng ENG,"FW,MF",Leeds United,22,2002,2,0,10,0.1,0,0,0,0,0,0,0,0,0,0,0,0,0,Matches
273,Joe Gelhardt,eng ENG,"MF,FW",Hull City,22,2002,20,19,"1,593",17.7,5,0,5,3,2,2,4,0,0.28,0,0.28,0.17,0.17,Matches
274,Anwar El Ghazi,nl NED,"MF,FW",Cardiff City,29,1995,25,14,"1,175",13.1,3,1,4,3,0,0,0,0,0.23,0.08,0.31,0.23,0.31,Matches
275,Liam Gibbs,eng ENG,MF,Norwich City,21,2002,9,1,212,2.4,0,0,0,0,0,0,0,0,0,0,0,0,0,Matches
Rk,Player,Nation,Pos,Squad,Age,Born,MP,Starts,Min,90s,Gls,Ast,G+A,G-PK,PK,PKatt,CrdY,CrdR,Gls,Ast,G+A,G-PK,G+A-PK,Matches
276,Ben Gibson,eng ENG,DF,Stoke City,31,1993,24,22,"1,946",21.6,3,0,3,3,0,0,6,0,0.14,0,0.14,0.14,0.14,Matches
277,Lewis Gibson,eng ENG,DF,Preston North End,24,2000,19,19,"1,634",18.2,1,0,1,1,0,0,2,0,0.06,0,0.06,0.06,0.06,Matches
278,Lewis Gibson,eng ENG,DF,Plymouth Argyle,24,2000,18,18,"1,620",18,1,1,2,1,0,0,1,0,0.06,0.06,0.11,0.06,0.11,Matches
279,Alexander Gilbert,ie IRL,MF,Middlesbrough,22,2001,7,0,77,0.9,1,0,1,1,0,0,0,0,1.17,0,1.17,1.17,1.17,Matches
280,Alfie Gilchrist,eng ENG,DF,Sheffield United,20,2003,30,27,"2,103",23.4,0,2,2,0,0,0,5,0,0,0.09,0.09,0,0.09,Matches
281,Ryan Giles,eng ENG,DF,Middlesbrough,24,2000,12,3,307,3.4,0,0,0,0,0,0,0,0,0,0,0,0,0,Matches
282,Ryan Giles,eng ENG,DF,Hull City,24,2000,16,11,904,10,0,0,0,0,0,0,0,0,0,0,0,0,0,Matches
283,Josh Ginnelly,eng ENG,"FW,MF",Swansea City,27,1997,3,0,33,0.4,0,0,0,0,0,0,0,0,0,0,0,0,0,Matches
284,Tom Glover,au AUS,GK,Middlesbrough,26,1997,7,6,571,6.3,0,0,0,0,0,0,0,0,0,0,0,0,0,Matches
285,Wilfried Gnonto,it ITA,MF,Leeds United,20,2003,43,26,"2,276",25.3,9,6,15,9,0,0,5,0,0.36,0.24,0.59,0.36,0.59,Matches
286,Lynden Gooch,us USA,"DF,MF",Stoke City,28,1995,20,12,"1,038",11.5,0,1,1,0,0,0,3,0,0,0.09,0.09,0,0.09,Matches
287,Tyler Goodhram,eng ENG,MF,Oxford United,20,2003,41,33,"3,052",33.9,3,6,9,3,0,0,5,0,0.09,0.18,0.27,0.09,0.27,Matches
288,Will Goodwin,eng ENG,FW,Oxford United,22,2002,3,0,23,0.3,0,0,0,0,0,0,0,0,0,0,0,0,0,Matches
289,Kaide Gordon,eng ENG,FW,Norwich City,19,2004,10,1,181,2,1,0,1,1,0,0,1,0,0.5,0,0.5,0.5,0.5,Matches
290,Kaide Gordon,eng ENG,FW,Portsmouth,19,2004,5,0,154,1.7,0,0,0,0,0,0,0,0,0,0,0,0,0,Matches
291,Kenzo Goudmijn,nl NED,MF,Derby County,22,2001,41,29,"2,321",25.8,2,2,4,2,0,0,4,0,0.08,0.08,0.16,0.08,0.16,Matches
292,Dimitris Goutas,gr GRE,DF,Cardiff City,30,1994,34,33,"2,919",32.4,1,1,2,1,0,0,3,1,0.03,0.03,0.06,0.03,0.06,Matches
293,Karlan Grant,eng ENG,"MF,FW",West Bromwich Albion,26,1997,43,34,"2,930",32.6,7,2,9,7,0,0,2,0,0.22,0.06,0.28,0.22,0.28,Matches
294,Andre Gray,jm JAM,FW,Plymouth Argyle,33,1991,13,5,550,6.1,3,1,4,3,0,0,1,0,0.49,0.16,0.65,0.49,0.65,Matches
295,Harry Gray,eng ENG,FW,Leeds United,15,2008,1,0,5,0.1,0,0,0,0,0,0,0,0,0,0,0,0,0,Matches
296,Sam Greenwood,eng ENG,"MF,FW",Preston North End,22,2002,38,29,"2,427",27,5,3,8,3,2,2,9,2,0.19,0.11,0.3,0.11,0.22,Matches
297,Joshua Griffiths,eng ENG,GK,West Bromwich Albion,22,2001,6,6,540,6,0,0,0,0,0,0,0,0,0,0,0,0,0,Matches
298,Matt Grimes,eng ENG,MF,Coventry City,29,1995,16,15,"1,366",15.2,2,1,3,2,0,0,4,0,0.13,0.07,0.2,0.13,0.2,Matches
299,Matt Grimes,eng ENG,MF,Swansea City,29,1995,29,29,"2,610",29,2,1,3,1,1,1,4,0,0.07,0.03,0.1,0.03,0.07,Matches
300,Daniel Grimshaw,eng ENG,GK,Plymouth Argyle,26,1998,21,21,"1,890",21,0,0,0,0,0,0,2,0,0,0,0,0,0,Matches
Rk,Player,Nation,Pos,Squad,Age,Born,MP,Starts,Min,90s,Gls,Ast,G+A,G-PK,PK,PKatt,CrdY,CrdR,Gls,Ast,G+A,G-PK,G+A-PK,Matches
301,Ilia Gruev,bg BUL,MF,Leeds United,24,2000,23,20,"1,699",18.9,0,2,2,0,0,0,3,0,0,0.11,0.11,0,0.11,Matches
302,Makhtar Gueye,sn SEN,FW,Blackburn Rovers,26,1997,44,23,"2,193",24.4,6,6,12,6,0,0,10,1,0.25,0.25,0.49,0.25,0.49,Matches
303,Josuha Guilavogui,fr FRA,"DF,MF",Leeds United,33,1990,16,0,65,0.7,0,0,0,0,0,0,0,0,0,0,0,0,0,Matches
304,Angus Gunn,sct SCO,GK,Norwich City,28,1996,35,35,"3,104",34.5,0,0,0,0,0,0,1,0,0,0,0,0,0,Matches
305,Darko Gyabi,eng ENG,MF,Plymouth Argyle,20,2004,43,34,"2,841",31.6,1,2,3,1,0,0,10,0,0.03,0.06,0.1,0.03,0.1,Matches
306,Hayden Hackney,eng ENG,MF,Middlesbrough,22,2002,43,43,"3,792",42.1,5,3,8,5,0,0,9,1,0.12,0.07,0.19,0.12,0.19,Matches
307,Rami Al Hajj,se SWE,MF,Plymouth Argyle,22,2001,28,18,"1,374",15.3,3,0,3,3,0,0,1,0,0.2,0,0.2,0.2,0.2,Matches
308,Ali Al Hamadi,iq IRQ,FW,Stoke City,22,2002,15,11,829,9.2,2,0,2,2,0,0,2,0,0.22,0,0.22,0.22,0.22,Matches
309,Gustavo Hamer,nl NED,MF,Sheffield United,27,1997,41,36,"3,124",34.7,9,7,16,9,0,0,13,0,0.26,0.2,0.46,0.26,0.46,Matches
310,Micah Hamilton,eng ENG,MF,Middlesbrough,20,2003,13,2,316,3.5,0,0,0,0,0,0,0,0,0,0,0,0,0,Matches
311,Grant Hanley,sct SCO,DF,Norwich City,32,1991,3,1,79,0.9,0,0,0,0,0,0,0,0,0,0,0,0,0,Matches
312,Ryan Hardie,sct SCO,"FW,MF",Plymouth Argyle,27,1997,37,28,"2,265",25.2,10,3,13,7,3,3,0,0,0.4,0.12,0.52,0.28,0.4,Matches
313,Wes Harding,jm JAM,DF,Millwall,27,1996,5,2,193,2.1,0,0,0,0,0,0,1,0,0,0,0,0,0,Matches
314,Marcus Harness,eng ENG,"MF,FW",Derby County,28,1996,41,26,"2,356",26.2,4,3,7,4,0,0,11,0,0.15,0.11,0.27,0.15,0.27,Matches
315,Mark Harris,wls WAL,FW,Oxford United,25,1998,46,34,"2,893",32.1,6,3,9,6,0,0,3,0,0.19,0.09,0.28,0.19,0.28,Matches
316,Daiki Hashioka,jp JPN,"DF,MF",Luton Town,25,1999,17,12,"1,204",13.4,0,0,0,0,0,0,3,0,0,0,0,0,0,Matches
317,Joseph Hatch,wls WAL,MF,Plymouth Argyle,17,2006,1,0,2,0,0,0,0,0,0,0,0,0,0,0,0,0,0,Matches
318,Ryo Hatsuse,jp JPN,DF,Sheffield Weds,27,1997,6,5,348,3.9,0,0,0,0,0,0,1,0,0,0,0,0,0,Matches
319,Isaac Hayden,jm JAM,MF,Portsmouth,29,1995,17,12,936,10.4,0,0,0,0,0,0,2,0,0,0,0,0,0,Matches
320,Conor Hazard,nir NIR,GK,Plymouth Argyle,26,1998,25,25,"2,250",25,0,0,0,0,0,0,4,0,0,0,0,0,0,Matches
321,Ryan Hedges,wls WAL,MF,Blackburn Rovers,29,1995,42,33,"2,561",28.5,1,2,3,1,0,0,4,0,0.04,0.07,0.11,0.04,0.11,Matches
322,Torbjørn Heggem,no NOR,DF,West Bromwich Albion,25,1999,45,45,"4,010",44.6,1,2,3,1,0,0,3,0,0.02,0.04,0.07,0.02,0.07,Matches
323,Michał Helik,pl POL,DF,Oxford United,28,1995,20,20,"1,800",20,5,0,5,5,0,0,4,0,0.25,0,0.25,0.25,0.25,Matches
324,Onel Hernández,cu CUB,FW,Norwich City,31,1993,23,5,639,7.1,0,3,3,0,0,0,2,0,0,0.42,0.42,0,0.42,Matches
325,Brad Hills,eng ENG,DF,Norwich City,20,2004,3,0,16,0.2,0,0,0,0,0,0,0,0,0,0,0,0,0,Matches
Rk,Player,Nation,Pos,Squad,Age,Born,MP,Starts,Min,90s,Gls,Ast,G+A,G-PK,PK,PKatt,CrdY,CrdR,Gls,Ast,G+A,G-PK,G+A-PK,Matches
326,Yu Hirakawa,jp JPN,MF,Bristol City,23,2001,36,17,"1,657",18.4,2,2,4,2,0,0,0,0,0.11,0.11,0.22,0.11,0.22,Matches
327,Václav Hladký,cz CZE,GK,Burnley,33,1990,1,1,90,1,0,0,0,0,0,0,0,0,0,0,0,0,0,Matches
328,Rob Holding,eng ENG,DF,Sheffield United,28,1995,10,4,420,4.7,0,1,1,0,0,0,1,0,0,0.21,0.21,0,0.21,Matches
329,Mason Holgate,jm JAM,DF,West Bromwich Albion,27,1996,26,21,"1,983",22,1,1,2,1,0,0,2,0,0.05,0.05,0.09,0.05,0.09,Matches
330,Duane Holmes,us USA,MF,Preston North End,29,1994,29,6,835,9.3,1,1,2,1,0,0,4,0,0.11,0.11,0.22,0.11,0.22,Matches
331,Tom Holmes,eng ENG,DF,Luton Town,24,2000,18,15,"1,316",14.6,1,1,2,1,0,0,4,1,0.07,0.07,0.14,0.07,0.14,Matches
332,George Honeyman,eng ENG,MF,Millwall,29,1994,40,28,"2,422",26.9,2,5,7,2,0,0,7,0,0.07,0.19,0.26,0.07,0.26,Matches
333,Ethan Horvath,us USA,GK,Cardiff City,29,1995,17,17,"1,530",17,0,0,0,0,0,0,0,0,0,0,0,0,0,Matches
334,Jordan Houghton,eng ENG,MF,Plymouth Argyle,28,1995,30,15,"1,526",17,0,0,0,0,0,0,2,0,0,0,0,0,0,Matches
335,Andreas Hountondji,bj BEN,"MF,FW",Burnley,22,2002,9,2,209,2.3,0,0,0,0,0,0,0,0,0,0,0,0,0,Matches
336,Jonny Howson,eng ENG,"DF,MF",Middlesbrough,36,1988,21,15,"1,396",15.5,1,0,1,1,0,0,0,0,0.06,0,0.06,0.06,0.06,Matches
337,Andrew Hughes,wls WAL,"DF,MF",Preston North End,32,1992,40,36,"3,236",36,0,1,1,0,0,0,8,0,0,0.03,0.03,0,0.03,Matches
338,Charlie Hughes,eng ENG,DF,Hull City,20,2003,27,26,"2,345",26.1,1,1,2,1,0,0,9,0,0.04,0.04,0.08,0.04,0.08,Matches
339,Trai Hume,nir NIR,DF,Sunderland,22,2002,44,43,"3,810",42.3,3,6,9,3,0,0,11,1,0.07,0.14,0.21,0.07,0.21,Matches
340,Bashir Humphreys,eng ENG,DF,Burnley,21,2003,25,20,"1,777",19.7,1,2,3,1,0,0,3,1,0.05,0.1,0.15,0.05,0.15,Matches
341,Shaun Hutchinson,eng ENG,DF,Millwall,33,1990,9,4,396,4.4,0,0,0,0,0,0,1,0,0,0,0,0,0,Matches
342,Dominic Hyam,sct SCO,DF,Blackburn Rovers,28,1995,46,46,"4,140",46,2,2,4,2,0,0,5,0,0.04,0.04,0.09,0.04,0.09,Matches
343,Adam Idah,ie IRL,FW,Norwich City,23,2001,1,0,30,0.3,0,0,0,0,0,0,0,0,0,0,0,0,0,Matches
344,Kelechi Iheanacho,ng NGA,"MF,FW",Middlesbrough,27,1996,15,9,765,8.5,1,2,3,1,0,0,0,0,0.12,0.24,0.35,0.12,0.35,Matches
345,Michael Ihiekwe,eng ENG,DF,Sheffield Weds,31,1992,22,20,"1,821",20.2,2,0,2,2,0,0,2,0,0.1,0,0.1,0.1,0.1,Matches
346,Samuel Iling-Junior,eng ENG,"DF,MF",Middlesbrough,20,2003,16,11,"1,057",11.7,1,2,3,1,0,0,2,0,0.09,0.17,0.26,0.09,0.26,Matches
347,Tom Ince,eng ENG,MF,Watford,32,1992,32,13,"1,289",14.3,1,1,2,0,1,1,1,0,0.07,0.07,0.14,0,0.07,Matches
348,Svante Ingelsson,se SWE,MF,Sheffield Weds,26,1998,35,19,"1,692",18.8,1,5,6,1,0,0,5,0,0.05,0.27,0.32,0.05,0.32,Matches
349,Matt Ingram,eng ENG,GK,Oxford United,30,1993,1,1,90,1,0,0,0,0,0,0,0,0,0,0,0,0,0,Matches
350,Dominic Iorfa,eng ENG,DF,Sheffield Weds,29,1995,22,17,"1,435",15.9,1,0,1,1,0,0,4,0,0.06,0,0.06,0.06,0.06,Matches
Rk,Player,Nation,Pos,Squad,Age,Born,MP,Starts,Min,90s,Gls,Ast,G+A,G-PK,PK,PKatt,CrdY,CrdR,Gls,Ast,G+A,G-PK,G+A-PK,Matches
351,Wilson Isidor,fr FRA,FW,Sunderland,23,2000,43,34,"3,112",34.6,12,2,14,12,0,2,9,0,0.35,0.06,0.4,0.35,0.4,Matches
352,Frederick Issaka,wls WAL,MF,Plymouth Argyle,18,2006,19,3,596,6.6,1,0,1,1,0,0,0,1,0.15,0,0.15,0.15,0.15,Matches
353,Mihailo Ivanović,rs SRB,"FW,MF",Millwall,19,2004,37,23,"2,176",24.2,12,0,12,11,1,1,2,0,0.5,0,0.5,0.45,0.45,Matches
354,Kayden Jackson,eng ENG,"MF,FW",Derby County,30,1994,46,28,"2,575",28.6,3,2,5,3,0,0,6,0,0.1,0.07,0.17,0.1,0.17,Matches
355,Matty Jacob,eng ENG,DF,Hull City,23,2001,8,4,447,5,1,0,1,1,0,0,2,0,0.2,0,0.2,0.2,0.2,Matches
356,Daniel James,wls WAL,MF,Leeds United,26,1997,36,30,"2,609",29,12,9,21,12,0,0,4,0,0.41,0.31,0.72,0.41,0.72,Matches
357,William Jarvis,eng ENG,MF,Hull City,21,2002,6,0,161,1.8,0,0,0,0,0,0,0,0,0,0,0,0,0,Matches
358,Daniel Jebbison,ca CAN,FW,Watford,20,2003,13,3,387,4.3,0,0,0,0,0,0,2,0,0,0,0,0,0,Matches
359,Lukas Jensen,dk DEN,GK,Millwall,25,1999,41,41,"3,689",41,0,0,0,0,0,0,1,0,0,0,0,0,0,Matches
360,Eom Jisung,kr KOR,MF,Swansea City,22,2002,37,28,"2,287",25.4,3,2,5,3,0,0,2,0,0.12,0.08,0.2,0.12,0.2,Matches
361,Viktor Johansson,se SWE,GK,Stoke City,25,1998,46,46,"4,140",46,0,0,0,0,0,0,4,0,0,0,0,0,0,Matches
362,Daniel Johnson,jm JAM,MF,Stoke City,31,1992,1,0,5,0.1,0,0,0,0,0,0,0,0,0,0,0,0,0,Matches
363,Joseph Johnson,eng ENG,"DF,MF",Luton Town,18,2006,8,5,470,5.2,0,0,0,0,0,0,3,1,0,0,0,0,0,Matches
364,Marvin Johnson,eng ENG,"MF,DF",Sheffield Weds,33,1990,41,30,"2,795",31.1,0,2,2,0,0,0,3,0,0,0.06,0.06,0,0.06,Matches
365,Michael Johnston,ie IRL,MF,West Bromwich Albion,25,1999,40,25,"2,069",23,3,5,8,3,0,0,3,0,0.13,0.22,0.35,0.13,0.35,Matches
366,Alfie Jones,ca CAN,DF,Hull City,26,1997,41,37,"3,389",37.7,0,0,0,0,0,0,8,0,0,0,0,0,0,Matches
367,Harrison Jones,eng ENG,MF,Sunderland,19,2004,4,2,132,1.5,0,0,0,0,0,0,1,0,0,0,0,0,0,Matches
368,Isaiah Jones,gy GUY,MF,Middlesbrough,25,1999,21,8,796,8.8,0,0,0,0,0,0,1,0,0,0,0,0,0,Matches
369,Isaiah Jones,gy GUY,MF,Luton Town,25,1999,17,16,"1,310",14.6,2,0,2,2,0,0,4,0,0.14,0,0.14,0.14,0.14,Matches
370,Kyle Joseph,sct SCO,"FW,MF",Hull City,22,2001,16,13,"1,009",11.2,0,0,0,0,0,0,0,0,0,0,0,0,0,Matches
371,Mateo Joseph,es ESP,FW,Leeds United,20,2003,39,11,"1,285",14.3,3,3,6,3,0,0,0,0,0.21,0.21,0.42,0.21,0.42,Matches
372,Mads Juel Andersen,dk DEN,DF,Luton Town,26,1997,8,5,410,4.6,0,0,0,0,0,0,3,0,0,0,0,0,0,Matches
373,Bae Junho,kr KOR,MF,Stoke City,20,2003,45,37,"3,260",36.2,3,5,8,3,0,0,5,0,0.08,0.14,0.22,0.08,0.22,Matches
374,Matěj Jurásek,cz CZE,FW,Norwich City,20,2003,2,1,83,0.9,0,0,0,0,0,0,0,0,0,0,0,0,0,Matches
375,Abdoulaye Kamara,gn GUI,MF,Portsmouth,19,2004,5,0,124,1.4,0,0,0,0,0,0,1,0,0,0,0,0,0,Matches
Rk,Player,Nation,Pos,Squad,Age,Born,MP,Starts,Min,90s,Gls,Ast,G+A,G-PK,PK,PKatt,CrdY,CrdR,Gls,Ast,G+A,G-PK,G+A-PK,Matches
376,Abu Kamara,eng ENG,"FW,MF",Norwich City,21,2003,2,0,17,0.2,0,0,0,0,0,0,0,0,0,0,0,0,0,Matches
377,Abu Kamara,eng ENG,"MF,FW",Hull City,21,2003,36,25,"2,256",25.1,5,3,8,5,0,0,1,0,0.2,0.12,0.32,0.2,0.32,Matches
378,Thomas Kaminski,be BEL,GK,Luton Town,31,1992,45,45,"3,990",44.3,0,1,1,0,0,0,5,1,0,0.02,0.02,0,0.02,Matches
379,Wilfried Kanga,ci CIV,FW,Cardiff City,26,1998,15,5,458,5.1,0,0,0,0,0,0,0,0,0,0,0,0,0,Matches
380,Augustus Kargbo,sl SLE,MF,Blackburn Rovers,24,1999,8,2,186,2.1,0,1,1,0,0,0,0,0,0,0.48,0.48,0,0.48,Matches
381,Nikola Katić,ba BIH,DF,Plymouth Argyle,27,1996,15,14,"1,223",13.6,1,0,1,1,0,0,2,0,0.07,0,0.07,0.07,0.07,Matches
382,Edo Kayembe,cd COD,"MF,FW",Watford,26,1998,44,37,"3,196",35.5,8,1,9,6,2,2,11,1,0.23,0.03,0.25,0.17,0.2,Matches
383,Will Keane,ie IRL,"FW,MF",Preston North End,31,1993,27,13,"1,124",12.5,3,0,3,3,0,0,0,0,0.24,0,0.24,0.24,0.24,Matches
384,Kévin Keben Biakolo,cm CMR,DF,Watford,20,2004,6,3,256,2.8,0,0,0,0,0,0,0,1,0,0,0,0,0,Matches
385,Daniel Kelly,sct SCO,MF,Millwall,18,2005,2,0,20,0.2,0,0,0,0,0,0,0,0,0,0,0,0,0,Matches
386,Kaine Kesler-Hayden,eng ENG,"MF,DF",Preston North End,21,2002,44,41,"3,670",40.8,2,3,5,2,0,0,6,0,0.05,0.07,0.12,0.05,0.12,Matches
387,Josh Key,eng ENG,DF,Swansea City,24,1999,45,39,"3,469",38.5,1,3,4,1,0,0,3,0,0.03,0.08,0.1,0.03,0.1,Matches
388,Ben Killip,eng ENG,GK,Portsmouth,28,1995,2,2,180,2,0,0,0,0,0,0,0,0,0,0,0,0,0,Matches
389,Peter Kioso,cd COD,DF,Oxford United,25,1998,30,26,"2,302",25.6,0,1,1,0,0,0,6,0,0,0.04,0.04,0,0.04,Matches
390,Liam Kitching,eng ENG,DF,Coventry City,24,1999,27,26,"2,284",25.4,0,1,1,0,0,0,7,0,0,0.04,0.04,0,0.04,Matches
391,Jason Knight,ie IRL,MF,Bristol City,23,2001,46,46,"4,140",46,3,6,9,3,0,0,6,0,0.07,0.13,0.2,0.07,0.2,Matches
392,Olaf Kobacki,pl POL,"FW,MF",Sheffield Weds,23,2001,12,4,369,4.1,0,0,0,0,0,0,1,0,0,0,0,0,0,Matches
393,Luca Koleosho,it ITA,MF,Burnley,19,2004,28,20,"1,677",18.6,2,0,2,2,0,0,4,0,0.11,0,0.11,0.11,0.11,Matches
394,Rayan Kolli,dz ALG,"FW,MF",Queens Park Rangers,19,2005,20,9,822,9.1,4,2,6,4,0,0,2,0,0.44,0.22,0.66,0.44,0.66,Matches
395,Lewis Koumas,wls WAL,MF,Stoke City,18,2005,43,26,"2,441",27.1,3,2,5,3,0,0,5,0,0.11,0.07,0.18,0.11,0.18,Matches
396,Ronan Kpakio,wls WAL,DF,Cardiff City,17,2007,3,1,108,1.2,0,1,1,0,0,0,0,0,0,0.83,0.83,0,0.83,Matches
397,Tom Krauß,de GER,MF,Luton Town,23,2001,23,20,"1,601",17.8,2,4,6,2,0,0,1,0,0.11,0.22,0.34,0.11,0.34,Matches
398,Paddy Lane,nir NIR,MF,Portsmouth,23,2001,22,13,"1,074",11.9,1,1,2,1,0,0,2,0,0.08,0.08,0.17,0.08,0.17,Matches
399,Callum Lang,eng ENG,MF,Portsmouth,25,1998,32,28,"2,438",27.1,10,2,12,8,2,2,9,0,0.37,0.07,0.44,0.3,0.37,Matches
400,Sondre Langås,no NOR,DF,Derby County,23,2001,14,13,"1,118",12.4,0,0,0,0,0,0,3,0,0,0,0,0,0,Matches
Rk,Player,Nation,Pos,Squad,Age,Born,MP,Starts,Min,90s,Gls,Ast,G+A,G-PK,PK,PKatt,CrdY,CrdR,Gls,Ast,G+A,G-PK,G+A-PK,Matches
401,Macaulay Langstaff,eng ENG,FW,Millwall,27,1997,34,14,"1,388",15.4,1,2,3,1,0,0,0,0,0.06,0.13,0.19,0.06,0.19,Matches
402,Will Lankshear,eng ENG,FW,West Bromwich Albion,19,2005,11,4,350,3.9,0,0,0,0,0,0,2,0,0,0,0,0,0,Matches
403,Yasser Larouci,dz ALG,"MF,DF",Watford,23,2001,39,26,"2,136",23.7,0,3,3,0,0,0,3,0,0,0.13,0.13,0,0.13,Matches
404,Joël Latibeaudière,jm JAM,DF,Coventry City,24,2000,33,29,"2,574",28.6,0,0,0,0,0,0,5,0,0,0,0,0,0,Matches
405,Emmanuel Latte Lath,ci CIV,FW,Middlesbrough,25,1999,29,20,"1,765",19.6,11,3,14,9,2,2,3,0,0.56,0.15,0.71,0.46,0.61,Matches
406,Josh Laurent,eng ENG,MF,Stoke City,29,1995,3,3,270,3,0,0,0,0,0,0,3,0,0,0,0,0,0,Matches
407,Josh Laurent,eng ENG,MF,Burnley,29,1995,42,25,"2,451",27.2,2,2,4,2,0,0,4,0,0.07,0.07,0.15,0.07,0.15,Matches
408,Mohammed Lawal,ie IRL,DF,Stoke City,21,2003,7,1,206,2.3,0,0,0,0,0,0,0,0,0,0,0,0,0,Matches
409,Dylan Lawlor,wls WAL,DF,Cardiff City,18,2006,1,0,58,0.6,0,0,0,0,0,0,0,0,0,0,0,0,0,Matches
410,Enzo Le Fée,fr FRA,MF,Sunderland,24,2000,15,11,"1,001",11.1,1,1,2,1,0,0,2,0,0.09,0.09,0.18,0.09,0.18,Matches
411,Tom Leahy,eng ENG,FW,Millwall,20,2004,1,0,2,0,0,0,0,0,0,0,0,0,0,0,0,0,0,Matches
412,Ryan Ledson,eng ENG,MF,Preston North End,26,1997,26,14,"1,211",13.5,1,1,2,1,0,0,7,0,0.07,0.07,0.15,0.07,0.15,Matches
413,Greg Leigh,jm JAM,"DF,MF",Oxford United,29,1994,34,24,"2,338",26,6,1,7,6,0,0,1,0,0.23,0.04,0.27,0.23,0.27,Matches
414,Harry Leonard,eng ENG,FW,Blackburn Rovers,20,2003,9,0,149,1.7,1,0,1,1,0,0,0,0,0.6,0,0.6,0.6,0.6,Matches
415,Ryan Leonard,eng ENG,DF,Millwall,32,1992,33,29,"2,631",29.2,0,1,1,0,0,0,8,0,0,0.03,0.03,0,0.03,Matches
416,Lincoln,br BRA,MF,Hull City,25,1998,11,4,420,4.7,0,1,1,0,0,0,0,0,0,0.21,0.21,0,0.21,Matches
417,Liam Lindsay,sct SCO,DF,Preston North End,28,1995,35,29,"2,609",29,1,1,2,1,0,0,10,2,0.03,0.03,0.07,0.03,0.07,Matches
418,Alfie Lloyd,eng ENG,"MF,FW",Queens Park Rangers,21,2003,27,4,747,8.3,2,0,2,2,0,0,4,0,0.24,0,0.24,0.24,0.24,Matches
419,Ben Lloyd,wls WAL,FW,Swansea City,19,2005,2,0,8,0.1,0,0,0,0,0,0,0,0,0,0,0,0,0,Matches
420,George Long,eng ENG,GK,Norwich City,30,1993,9,8,765,8.5,0,0,0,0,0,0,0,0,0,0,0,0,0,Matches
421,Sam Long,eng ENG,DF,Oxford United,29,1995,24,18,"1,657",18.4,1,1,2,1,0,0,2,0,0.05,0.05,0.11,0.05,0.11,Matches
422,Ryan Longman,eng ENG,"MF,FW",Hull City,23,2000,9,6,478,5.3,1,0,1,1,0,0,0,0,0.19,0,0.19,0.19,0.19,Matches
423,Imran Louza,ma MAR,MF,Watford,25,1999,33,30,"2,677",29.7,2,5,7,2,0,0,11,0,0.07,0.17,0.24,0.07,0.24,Matches
424,Jamal Lowe,jm JAM,"FW,MF",Sheffield Weds,30,1994,24,12,960,10.7,3,2,5,3,0,0,2,0,0.28,0.19,0.47,0.28,0.47,Matches
425,Max Lowe,eng ENG,DF,Sheffield Weds,27,1997,34,31,"2,684",29.8,0,0,0,0,0,0,2,0,0,0,0,0,0,Matches
Rk,Player,Nation,Pos,Squad,Age,Born,MP,Starts,Min,90s,Gls,Ast,G+A,G-PK,PK,PKatt,CrdY,CrdR,Gls,Ast,G+A,G-PK,G+A-PK,Matches
426,Nathan Lowe,eng ENG,"FW,MF",Stoke City,18,2005,10,5,468,5.2,1,0,1,1,0,0,2,0,0.19,0,0.19,0.19,0.19,Matches
427,Lucas,br BRA,DF,Burnley,23,2001,34,32,"2,794",31,0,2,2,0,0,0,7,0,0,0.06,0.06,0,0.06,Matches
428,Nicolas Madsen,dk DEN,MF,Queens Park Rangers,24,2000,31,20,"1,753",19.5,3,3,6,2,1,1,2,0,0.15,0.15,0.31,0.1,0.26,Matches
429,Lucien Mahovo,eng ENG,DF,Norwich City,19,2005,8,6,524,5.8,0,0,0,0,0,0,0,0,0,0,0,0,0,Matches
430,Josh Maja,ng NGA,FW,West Bromwich Albion,25,1998,26,26,"2,056",22.8,12,2,14,12,0,0,2,0,0.53,0.09,0.61,0.53,0.61,Matches
431,Christ Makosso,cg CGO,DF,Luton Town,20,2004,13,12,956,10.6,0,1,1,0,0,0,0,0,0,0.09,0.09,0,0.09,Matches
432,Million Manhoef,nl NED,"MF,FW",Stoke City,22,2002,34,28,"2,422",26.9,5,5,10,5,0,0,1,0,0.19,0.19,0.37,0.19,0.37,Matches
433,Sivert Mannsverk,no NOR,MF,Cardiff City,22,2002,14,12,"1,004",11.2,0,1,1,0,0,0,4,0,0,0.09,0.09,0,0.09,Matches
434,Benson Manuel,ao ANG,"FW,MF",Burnley,27,1997,3,0,46,0.5,1,0,1,1,0,0,1,0,1.96,0,1.96,1.96,1.96,Matches
435,Emiliano Marcondes,dk DEN,"MF,FW",Norwich City,29,1995,33,25,"2,280",25.3,5,6,11,5,0,0,5,0,0.2,0.24,0.43,0.2,0.43,Matches
436,Ephron Mason-Clark,eng ENG,"MF,FW",Coventry City,24,1999,30,17,"1,630",18.1,5,5,10,5,0,0,2,0,0.28,0.28,0.55,0.28,0.55,Matches
437,Han-Noah Massengo,fr FRA,MF,Burnley,23,2001,8,1,97,1.1,0,1,1,0,0,0,1,0,0,0.93,0.93,0,0.93,Matches
438,Zavier Massiah,eng ENG,FW,Watford,17,2007,4,0,58,0.6,0,0,0,0,0,0,0,0,0,0,0,0,0,Matches
439,Eliot Matazo,be BEL,MF,Hull City,22,2002,6,4,300,3.3,1,0,1,1,0,0,1,0,0.3,0,0.3,0.3,0.3,Matches
440,Alex Matos,eng ENG,"MF,FW",Oxford United,19,2004,20,10,933,10.4,0,0,0,0,0,0,5,0,0,0,0,0,0,Matches
441,Hayden Matthews,au AUS,DF,Portsmouth,20,2004,6,3,318,3.5,0,0,0,0,0,0,0,0,0,0,0,0,0,Matches
442,Eliezer Mayenda,es ESP,"FW,MF",Sunderland,19,2005,37,22,"2,155",23.9,8,5,13,8,0,0,2,0,0.33,0.21,0.54,0.33,0.54,Matches
443,Fally Mayulu,fr FRA,FW,Bristol City,22,2002,15,3,402,4.5,2,0,2,2,0,0,0,0,0.45,0,0.45,0.45,0.45,Matches
444,Sam McCallum,eng ENG,"DF,MF",Sheffield United,23,2000,33,9,"1,057",11.7,2,0,2,2,0,0,1,0,0.17,0,0.17,0.17,0.17,Matches
445,Alistair McCann,nir NIR,MF,Preston North End,24,1999,29,28,"2,418",26.9,1,0,1,1,0,0,9,0,0.04,0,0.04,0.04,0.04,Matches
446,Ruairi Mcconville,nir NIR,DF,Norwich City,19,2005,8,3,205,2.3,0,0,0,0,0,0,0,0,0,0,0,0,0,Matches
447,George McCormick,eng ENG,DF,Middlesbrough,19,2005,1,0,1,0,0,0,0,0,0,0,0,0,0,0,0,0,0,Matches
448,Ross McCrorie,sct SCO,"MF,DF",Bristol City,26,1998,23,18,"1,475",16.4,5,0,5,5,0,0,10,1,0.31,0,0.31,0.31,0.31,Matches
449,Josh McEachran,eng ENG,MF,Oxford United,31,1993,12,6,508,5.6,0,1,1,0,0,0,1,0,0,0.18,0.18,0,0.18,Matches
450,Kyle McFadzean,sct SCO,DF,Blackburn Rovers,37,1987,1,0,1,0,0,0,0,0,0,0,0,0,0,0,0,0,0,Matches
Rk,Player,Nation,Pos,Squad,Age,Born,MP,Starts,Min,90s,Gls,Ast,G+A,G-PK,PK,PKatt,CrdY,CrdR,Gls,Ast,G+A,G-PK,G+A-PK,Matches
451,Riley McGree,au AUS,MF,Middlesbrough,25,1998,17,11,943,10.5,1,5,6,1,0,0,2,0,0.1,0.48,0.57,0.1,0.57,Matches
452,Marcus McGuane,eng ENG,MF,Bristol City,25,1999,21,11,"1,063",11.8,0,0,0,0,0,0,1,0,0,0,0,0,0,Matches
453,Mark McGuinness,ie IRL,DF,Luton Town,23,2001,43,41,"3,753",41.7,3,3,6,3,0,0,4,0,0.07,0.07,0.14,0.07,0.14,Matches
454,Tom McIntyre,sct SCO,DF,Portsmouth,25,1998,12,11,"1,019",11.3,0,0,0,0,0,0,3,0,0,0,0,0,0,Matches
455,Kenny McLean,sct SCO,"MF,DF",Norwich City,32,1992,34,33,"2,994",33.3,0,4,4,0,0,0,6,1,0,0.12,0.12,0,0.12,Matches
456,Sean McLoughlin,ie IRL,DF,Hull City,27,1996,37,37,"3,213",35.7,0,1,1,0,0,0,6,0,0,0.03,0.03,0,0.03,Matches
457,Paddy McNair,nir NIR,DF,West Bromwich Albion,29,1995,2,2,93,1,0,0,0,0,0,0,0,0,0,0,0,0,0,Matches
458,Luke McNally,ie IRL,DF,Bristol City,24,1999,26,26,"2,322",25.8,3,1,4,3,0,0,5,0,0.12,0.04,0.16,0.12,0.16,Matches
459,Luke McNally,ie IRL,DF,Burnley,24,1999,2,0,4,0,0,0,0,0,0,0,0,0,0,0,0,0,0,Matches
460,Dan McNamara,ie IRL,DF,Millwall,25,1998,13,7,683,7.6,0,0,0,0,0,0,1,0,0,0,0,0,0,Matches
461,Charlie McNeill,eng ENG,FW,Sheffield Weds,20,2003,4,0,57,0.6,0,0,0,0,0,0,0,0,0,0,0,0,0,Matches
462,Jayden Meghoma,eng ENG,"MF,DF",Preston North End,18,2006,12,11,768,8.5,0,1,1,0,0,0,1,0,0,0.12,0.12,0,0.12,Matches
463,Marvin Mehlem,de GER,MF,Hull City,26,1997,16,9,902,10,0,3,3,0,0,0,2,0,0,0.3,0.3,0,0.3,Matches
464,Anis Mehmeti,al ALB,"MF,FW",Bristol City,23,2001,42,29,"2,558",28.4,12,1,13,10,2,2,3,0,0.42,0.04,0.46,0.35,0.39,Matches
465,Yakou Méïte,ci CIV,"MF,FW",Cardiff City,28,1996,34,11,"1,201",13.3,3,0,3,3,0,0,1,0,0.22,0,0.22,0.22,0.22,Matches
466,Hannibal Mejbri,tn TUN,MF,Burnley,21,2003,37,23,"1,924",21.4,1,4,5,1,0,0,8,1,0.05,0.19,0.23,0.05,0.23,Matches
467,Nathaniel Mendez-Laing,gt GUA,"MF,FW",Derby County,32,1992,41,26,"2,098",23.3,3,4,7,2,1,1,4,0,0.13,0.17,0.3,0.09,0.26,Matches
468,Teden Mengi,eng ENG,DF,Luton Town,22,2002,20,17,"1,569",17.4,1,1,2,1,0,0,3,0,0.06,0.06,0.11,0.06,0.11,Matches
469,Chris Mepham,wls WAL,DF,Sunderland,26,1997,38,37,"3,273",36.4,1,0,1,1,0,0,10,1,0.03,0,0.03,0.03,0.03,Matches
470,Illan Meslier,fr FRA,GK,Leeds United,24,2000,39,39,"3,510",39,0,0,0,0,0,0,0,0,0,0,0,0,0,Matches
471,Liam Millar,ca CAN,"MF,FW",Hull City,24,1999,11,6,619,6.9,1,2,3,1,0,0,3,0,0.15,0.29,0.44,0.15,0.44,Matches
472,Stanley Mills,eng ENG,MF,Oxford United,20,2003,11,3,355,3.9,1,0,1,1,0,0,2,0,0.25,0,0.25,0.25,0.25,Matches
473,Yang Minhyeok,kr KOR,"MF,FW",Queens Park Rangers,18,2006,14,8,692,7.7,2,1,3,2,0,0,1,0,0.26,0.13,0.39,0.26,0.39,Matches
474,Billy Mitchell,eng ENG,MF,Millwall,24,2000,19,9,891,9.9,0,0,0,0,0,0,1,0,0,0,0,0,0,Matches
475,Idris El Mizouni,tn TUN,MF,Oxford United,23,2000,28,12,"1,244",13.8,1,2,3,1,0,0,2,0,0.07,0.14,0.22,0.07,0.22,Matches
Rk,Player,Nation,Pos,Squad,Age,Born,MP,Starts,Min,90s,Gls,Ast,G+A,G-PK,PK,PKatt,CrdY,CrdR,Gls,Ast,G+A,G-PK,G+A-PK,Matches
476,Ryan Mmaee,ma MAR,FW,Stoke City,26,1997,3,1,111,1.2,0,0,0,0,0,0,0,0,0,0,0,0,0,Matches
477,Jayson Molumby,ie IRL,MF,West Bromwich Albion,24,1999,37,30,"2,702",30,4,1,5,4,0,0,11,1,0.13,0.03,0.17,0.13,0.17,Matches
478,Kristi Montgomery,sct SCO,DF,Blackburn Rovers,20,2004,3,1,137,1.5,0,0,0,0,0,0,2,1,0,0,0,0,0,Matches
479,Elliott Moore,eng ENG,DF,Oxford United,27,1997,26,24,"2,057",22.9,1,2,3,1,0,0,7,0,0.04,0.09,0.13,0.04,0.13,Matches
480,Kieffer Moore,wls WAL,FW,Sheffield United,31,1992,27,18,"1,767",19.6,5,0,5,4,1,3,1,0,0.25,0,0.25,0.2,0.2,Matches
481,Simon Moore,eng ENG,GK,Sunderland,34,1990,4,4,360,4,0,0,0,0,0,0,1,0,0,0,0,0,0,Matches
482,Andrew Moran,ie IRL,MF,Stoke City,20,2003,35,26,"2,357",26.2,4,3,7,4,0,0,9,0,0.15,0.11,0.27,0.15,0.27,Matches
483,Kieran Morgan,eng ENG,MF,Queens Park Rangers,18,2006,30,19,"1,586",17.6,1,2,3,1,0,0,5,0,0.06,0.11,0.17,0.06,0.17,Matches
484,Aidan Morris,us USA,MF,Middlesbrough,22,2001,35,33,"2,915",32.4,0,2,2,0,0,0,4,0,0,0.06,0.06,0,0.06,Matches
485,Carlton Morris,eng ENG,"FW,MF",Luton Town,28,1995,41,37,"3,123",34.7,8,2,10,6,2,2,10,0,0.23,0.06,0.29,0.17,0.23,Matches
486,James Morris,eng ENG,DF,Watford,22,2001,18,13,"1,086",12.1,0,0,0,0,0,0,3,0,0,0,0,0,0,Matches
487,Elijah Morrison,eng ENG,MF,Bristol City,18,2006,3,0,39,0.4,0,0,0,0,0,0,1,0,0,0,0,0,0,Matches
488,Liam Morrison,sct SCO,DF,Queens Park Rangers,21,2003,19,14,"1,302",14.5,0,0,0,0,0,0,3,0,0,0,0,0,0,Matches
489,Victor Moses,ng NGA,MF,Luton Town,33,1990,18,12,"1,135",12.6,1,0,1,1,0,0,0,0,0.08,0,0.08,0.08,0.08,Matches
490,Alex Mowatt,eng ENG,MF,West Bromwich Albion,29,1995,43,39,"3,351",37.2,7,2,9,7,0,0,5,0,0.19,0.05,0.24,0.19,0.24,Matches
491,Owen Moxon,eng ENG,MF,Portsmouth,26,1998,12,2,275,3.1,0,0,0,0,0,0,3,0,0,0,0,0,0,Matches
492,Bali Mumba,eng ENG,"MF,DF",Plymouth Argyle,22,2001,43,37,"3,396",37.7,0,2,2,0,0,0,3,0,0,0.05,0.05,0,0.05,Matches
493,Romaine Mundle,eng ENG,"MF,FW",Sunderland,21,2003,22,17,"1,433",15.9,5,2,7,5,0,0,1,0,0.31,0.13,0.44,0.31,0.44,Matches
494,Josh Murphy,eng ENG,MF,Portsmouth,29,1995,42,40,"3,426",38.1,7,14,21,7,0,0,6,0,0.18,0.37,0.55,0.18,0.55,Matches
495,Anthony Musaba,nl NED,"MF,FW",Sheffield Weds,23,2000,29,12,"1,328",14.8,3,6,9,3,0,0,0,0,0.2,0.41,0.61,0.2,0.61,Matches
496,Elliot Myles,wls WAL,FW,Norwich City,17,2007,3,0,45,0.5,0,0,0,0,0,0,0,0,0,0,0,0,0,Matches
497,Amin Nabizada,eng ENG,FW,Watford,17,2007,1,0,19,0.2,0,0,0,0,0,0,0,0,0,0,0,0,0,Matches
498,Kal Naismith,sct SCO,DF,Bristol City,32,1992,6,2,286,3.2,0,0,0,0,0,0,0,0,0,0,0,0,0,Matches
499,Kal Naismith,sct SCO,"DF,MF",Luton Town,32,1992,10,5,463,5.1,0,0,0,0,0,0,2,1,0,0,0,0,0,Matches
500,Marvelous Nakamba,zw ZIM,MF,Luton Town,30,1994,21,15,"1,295",14.4,0,0,0,0,0,0,2,0,0,0,0,0,0,Matches
Rk,Player,Nation,Pos,Squad,Age,Born,MP,Starts,Min,90s,Gls,Ast,G+A,G-PK,PK,PKatt,CrdY,CrdR,Gls,Ast,G+A,G-PK,G+A-PK,Matches
501,Paul Nardi,fr FRA,GK,Queens Park Rangers,30,1994,45,45,"4,050",45,0,0,0,0,0,0,2,0,0,0,0,0,0,Matches
502,Kyle Naughton,eng ENG,DF,Swansea City,35,1988,23,9,826,9.2,0,0,0,0,0,0,1,0,0,0,0,0,0,Matches
503,Camiel Neghli,nl NED,MF,Millwall,22,2001,4,2,193,2.1,1,0,1,1,0,0,0,0,0.47,0,0.47,0.47,0.47,Matches
504,Dan Neil,eng ENG,MF,Sunderland,22,2001,44,44,"3,877",43.1,2,3,5,2,0,0,4,1,0.05,0.07,0.12,0.05,0.12,Matches
505,Benjamin Nelson,eng ENG,DF,Oxford United,20,2004,17,16,"1,372",15.2,1,0,1,1,0,0,1,0,0.07,0,0.07,0.07,0.07,Matches
506,Curtis Nelson,eng ENG,DF,Derby County,31,1993,27,27,"2,430",27,2,1,3,2,0,0,3,0,0.07,0.04,0.11,0.07,0.11,Matches
507,Zack Nelson,eng ENG,"MF,FW",Luton Town,19,2004,21,7,799,8.9,0,1,1,0,0,0,4,0,0,0.11,0.11,0,0.11,Matches
508,Perry Ng,eng ENG,DF,Cardiff City,28,1996,35,31,"2,793",31,1,1,2,1,0,0,9,0,0.03,0.03,0.06,0.03,0.06,Matches
509,Jeremy Ngakia,,"DF,MF",Watford,23,2000,29,23,"1,883",20.9,1,0,1,1,0,0,5,0,0.05,0,0.05,0.05,0.05,Matches
510,Kevin Nisbet,sct SCO,FW,Millwall,27,1997,1,0,7,0.1,0,0,0,0,0,0,0,0,0,0,0,0,0,Matches
511,Lasse Nordås,no NOR,FW,Luton Town,22,2002,10,2,255,2.8,0,1,1,0,0,0,0,0,0,0.35,0.35,0,0.35,Matches
512,Casper de Norre,be BEL,MF,Millwall,27,1997,46,44,"3,606",40.1,3,4,7,3,0,0,5,0,0.07,0.1,0.17,0.07,0.17,Matches
513,Rhys Norrington-Davies,wls WAL,DF,Sheffield United,25,1999,14,2,251,2.8,0,0,0,0,0,0,1,0,0,0,0,0,0,Matches
514,Will Norris,eng ENG,GK,Portsmouth,30,1993,8,8,720,8,0,0,0,0,0,0,2,0,0,0,0,0,0,Matches
515,Marcelino Núñez,cl CHI,MF,Norwich City,24,2000,32,27,"2,245",24.9,6,4,10,6,0,0,5,0,0.24,0.16,0.4,0.24,0.4,Matches
516,Tanatswa Nyakuhwa,wls WAL,FW,Cardiff City,18,2005,1,0,22,0.2,0,0,0,0,0,0,0,0,0,0,0,0,0,Matches
517,Ryan Nyambe,na NAM,"DF,MF",Derby County,26,1997,17,14,"1,125",12.5,0,0,0,0,0,0,2,0,0,0,0,0,0,Matches
518,Lewis O'Brien,eng ENG,MF,Swansea City,25,1998,16,16,"1,419",15.8,1,0,1,1,0,0,2,0,0.06,0,0.06,0.06,0.06,Matches
519,Gatlin O'Donkor,eng ENG,FW,Oxford United,19,2004,1,0,1,0,0,0,0,0,0,0,0,0,0,0,0,0,0,Matches
520,Callum O'Dowda,ie IRL,"DF,MF",Cardiff City,29,1995,42,41,"3,546",39.4,2,3,5,2,0,0,7,0,0.05,0.08,0.13,0.05,0.13,Matches
521,Callum O'Hare,eng ENG,MF,Sheffield United,26,1998,44,38,"3,139",34.9,2,6,8,2,0,0,2,0,0.06,0.17,0.23,0.06,0.23,Matches
522,Max O'Leary,ie IRL,GK,Bristol City,27,1996,46,46,"4,140",46,0,0,0,0,0,0,3,0,0,0,0,0,0,Matches
523,Mark O'Mahony,ie IRL,FW,Portsmouth,19,2005,13,5,595,6.6,3,0,3,3,0,0,1,0,0.45,0,0.45,0.45,0.45,Matches
524,Luke O'Nien,eng ENG,DF,Sunderland,29,1994,45,44,"3,934",43.7,3,1,4,3,0,1,9,0,0.07,0.02,0.09,0.07,0.09,Matches
525,Dara O'Shea,ie IRL,DF,Burnley,25,1999,2,2,180,2,1,0,1,1,0,0,0,0,0.5,0,0.5,0.5,0.5,Matches
Rk,Player,Nation,Pos,Squad,Age,Born,MP,Starts,Min,90s,Gls,Ast,G+A,G-PK,PK,PKatt,CrdY,CrdR,Gls,Ast,G+A,G-PK,G+A-PK,Matches
526,Michael Obafemi,ie IRL,"FW,MF",Plymouth Argyle,24,2000,29,14,"1,196",13.3,2,0,2,2,0,0,0,0,0.15,0,0.15,0.15,0.15,Matches
527,Wilson Odobert,fr FRA,MF,Burnley,19,2004,1,1,89,1,1,0,1,1,0,0,0,0,1.01,0,1.01,1.01,1.01,Matches
528,Chiedozie Ogbene,ie IRL,MF,Luton Town,27,1997,3,3,246,2.7,0,0,0,0,0,0,0,0,0,0,0,0,0,Matches
529,Nathanael Ogbeta,eng ENG,"MF,DF",Plymouth Argyle,23,2001,17,9,626,7,1,1,2,1,0,0,1,0,0.14,0.14,0.29,0.14,0.29,Matches
530,Angelo Ogbonna,it ITA,DF,Watford,36,1988,6,5,398,4.4,0,0,0,0,0,0,0,0,0,0,0,0,0,Matches
531,Connor Ogilvie,eng ENG,DF,Portsmouth,28,1996,45,45,"4,028",44.8,4,1,5,4,0,0,5,0,0.09,0.02,0.11,0.09,0.11,Matches
532,Yuki Ohashi,jp JPN,"FW,MF",Blackburn Rovers,28,1996,36,26,"2,221",24.7,9,3,12,9,0,0,3,0,0.36,0.12,0.49,0.36,0.49,Matches
533,Jeppe Okkels,dk DEN,MF,Preston North End,25,1999,7,1,125,1.4,0,0,0,0,0,0,0,0,0,0,0,0,0,Matches
534,Abdülkadir Ömür,tr TUR,"MF,FW",Hull City,25,1999,20,12,"1,064",11.8,0,0,0,0,0,0,1,0,0,0,0,0,0,Matches
535,Ryan One,sct SCO,FW,Sheffield United,18,2006,12,2,292,3.2,1,0,1,1,0,0,2,0,0.31,0,0.31,0.31,0.31,Matches
536,Ben Osborn,eng ENG,"MF,DF",Derby County,29,1994,25,18,"1,702",18.9,0,1,1,0,0,0,2,0,0,0.05,0.05,0,0.05,Matches
537,Milutin Osmajić,me MNE,FW,Preston North End,25,1999,34,20,"1,918",21.3,9,3,12,9,0,0,4,0,0.42,0.14,0.56,0.42,0.56,Matches
538,Gabriel Otegbayo,,DF,Sheffield Weds,,,11,4,480,5.3,1,0,1,1,0,0,0,0,0.19,0,0.19,0.19,0.19,Matches
539,David Ozoh,eng ENG,MF,Derby County,19,2005,10,9,699,7.8,1,0,1,1,0,0,0,0,0.13,0,0.13,0.13,0.13,Matches
540,Kenneth Paal,sr SUR,DF,Queens Park Rangers,27,1997,39,34,"2,879",32,1,3,4,1,0,0,4,0,0.03,0.09,0.13,0.03,0.13,Matches
541,Marlon Pack,eng ENG,"DF,MF",Portsmouth,33,1991,41,30,"2,712",30.1,0,2,2,0,0,0,8,1,0,0.07,0.07,0,0.07,Matches
542,Alex Palmer,eng ENG,GK,West Bromwich Albion,27,1996,30,30,"2,700",30,0,0,0,0,0,0,2,0,0,0,0,0,0,Matches
543,Kasey Palmer,jm JAM,MF,Hull City,27,1996,26,11,"1,086",12.1,1,2,3,1,0,1,2,0,0.08,0.17,0.25,0.08,0.25,Matches
544,Kasey Palmer,jm JAM,MF,Coventry City,27,1996,3,0,54,0.6,1,0,1,1,0,0,1,0,1.67,0,1.67,1.67,1.67,Matches
545,Liam Palmer,sct SCO,"DF,MF",Sheffield Weds,32,1991,23,7,876,9.7,0,0,0,0,0,0,3,0,0,0,0,0,0,Matches
546,Victor Pálsson,is ISL,DF,Plymouth Argyle,33,1991,25,19,"1,736",19.3,0,1,1,0,0,0,3,0,0,0.05,0.05,0,0.05,Matches
547,Ivor Pandur,hr CRO,GK,Hull City,24,2000,44,44,"3,960",44,0,0,0,0,0,0,3,0,0,0,0,0,0,Matches
548,Samuel Parker,wls WAL,DF,Swansea City,18,2006,7,0,86,1,0,0,0,0,0,0,0,0,0,0,0,0,0,Matches
549,Callum Paterson,sct SCO,"MF,FW",Sheffield Weds,29,1994,27,14,"1,187",13.2,6,2,8,6,0,0,2,0,0.45,0.15,0.61,0.45,0.61,Matches
550,Jamie Paterson,eng ENG,"FW,MF",Coventry City,32,1991,8,0,79,0.9,1,0,1,1,0,0,1,0,1.14,0,1.14,1.14,1.14,Matches
Rk,Player,Nation,Pos,Squad,Age,Born,MP,Starts,Min,90s,Gls,Ast,G+A,G-PK,PK,PKatt,CrdY,CrdR,Gls,Ast,G+A,G-PK,G+A-PK,Matches
551,Anthony Patterson,eng ENG,GK,Sunderland,24,2000,42,42,"3,780",42,0,0,0,0,0,0,3,0,0,0,0,0,0,Matches
552,Aynsley Pears,eng ENG,GK,Blackburn Rovers,26,1998,40,40,"3,600",40,0,0,0,0,0,0,3,0,0,0,0,0,0,Matches
553,Ben Pearson,eng ENG,MF,Stoke City,29,1995,13,8,570,6.3,0,0,0,0,0,0,5,0,0,0,0,0,0,Matches
554,Myles Peart-Harris,eng ENG,MF,Swansea City,21,2002,29,18,"1,665",18.5,3,4,7,3,0,0,6,0,0.16,0.22,0.38,0.16,0.38,Matches
555,Sydie Peck,eng ENG,MF,Sheffield United,19,2004,42,32,"2,927",32.5,0,2,2,0,0,0,6,0,0,0.06,0.06,0,0.06,Matches
556,João Pedro,it ITA,FW,Hull City,32,1992,35,25,"2,145",23.8,6,2,8,6,0,0,4,1,0.25,0.08,0.34,0.25,0.34,Matches
557,Ashley Phillips,wls WAL,DF,Stoke City,19,2005,35,35,"3,077",34.2,0,0,0,0,0,0,6,0,0,0,0,0,0,Matches
558,Joshua Phillips,eng ENG,MF,Luton Town,18,2005,1,0,3,0,0,0,0,0,0,0,0,0,0,0,0,0,0,Matches
559,Matt Phillips,sct SCO,"MF,DF",Oxford United,33,1991,28,10,955,10.6,0,2,2,0,0,0,2,0,0,0.19,0.19,0,0.19,Matches
560,Nathaniel Phillips,eng ENG,DF,Derby County,27,1997,32,24,"2,236",24.8,1,3,4,1,0,0,5,0,0.04,0.12,0.16,0.04,0.16,Matches
561,Harry Pickering,eng ENG,DF,Blackburn Rovers,25,1998,15,12,"1,039",11.5,0,1,1,0,0,0,2,0,0,0.09,0.09,0,0.09,Matches
562,Erik Pieters,nl NED,"DF,MF",Derby County,35,1988,1,0,1,0,0,0,0,0,0,0,0,0,0,0,0,0,0,Matches
563,Joël Piroe,nl NED,FW,Leeds United,24,1999,46,36,"3,080",34.2,19,7,26,18,1,1,2,0,0.56,0.2,0.76,0.53,0.73,Matches
564,Julio Pleguezuelo,es ESP,DF,Plymouth Argyle,27,1997,24,23,"1,964",21.8,1,0,1,1,0,0,8,0,0.05,0,0.05,0.05,0.05,Matches
565,Matthew Pollock,eng ENG,DF,Watford,22,2001,45,42,"3,815",42.4,2,4,6,2,0,0,7,0,0.05,0.09,0.14,0.05,0.14,Matches
566,Regan Poole,wls WAL,DF,Portsmouth,26,1998,27,23,"2,144",23.8,1,0,1,1,0,0,5,0,0.04,0,0.04,0.04,0.04,Matches
567,Ryan Porteous,sct SCO,DF,Preston North End,25,1999,11,9,823,9.1,1,0,1,1,0,0,2,0,0.11,0,0.11,0.11,0.11,Matches
568,Ryan Porteous,sct SCO,DF,Watford,25,1999,22,18,"1,662",18.5,2,0,2,2,0,0,7,0,0.11,0,0.11,0.11,0.11,Matches
569,Brad Potts,eng ENG,"MF,DF",Preston North End,30,1994,29,22,"2,056",22.8,4,2,6,4,0,0,4,0,0.18,0.09,0.26,0.18,0.26,Matches
570,Freddie Potts,eng ENG,MF,Portsmouth,20,2003,37,35,"3,057",34,1,4,5,1,0,0,7,0,0.03,0.12,0.15,0.03,0.15,Matches
571,Ian Poveda,eng ENG,"FW,MF",Sunderland,24,2000,6,0,86,1,0,0,0,0,0,0,2,0,0,0,0,0,0,Matches
572,Isaac Price,nir NIR,MF,West Bromwich Albion,20,2003,15,13,"1,049",11.7,1,1,2,1,0,0,2,0,0.09,0.09,0.17,0.09,0.17,Matches
573,Cameron Pring,eng ENG,"DF,MF",Bristol City,26,1998,32,27,"2,228",24.8,0,3,3,0,0,0,8,0,0,0.12,0.12,0,0.12,Matches
574,Tymoteusz Puchacz,pl POL,"MF,DF",Plymouth Argyle,25,1999,15,12,"1,123",12.5,0,1,1,0,0,0,1,0,0,0.08,0.08,0,0.08,Matches
575,Gustavo Puerta,co COL,MF,Hull City,21,2003,30,22,"1,889",21,0,0,0,0,0,0,3,1,0,0,0,0,0,Matches
Rk,Player,Nation,Pos,Squad,Age,Born,MP,Starts,Min,90s,Gls,Ast,G+A,G-PK,PK,PKatt,CrdY,CrdR,Gls,Ast,G+A,G-PK,G+A-PK,Matches
576,Przemysław Płacheta,pl POL,MF,Oxford United,26,1998,32,27,"2,073",23,3,3,6,3,0,0,4,0,0.13,0.13,0.26,0.13,0.26,Matches
577,Uroš Račić,rs SRB,MF,West Bromwich Albion,26,1998,21,9,916,10.2,0,2,2,0,0,0,2,0,0,0.2,0.2,0,0.2,Matches
578,Mileta Rajovic,dk DEN,FW,Watford,25,1999,3,0,46,0.5,1,0,1,1,0,0,2,0,1.96,0,1.96,1.96,1.96,Matches
579,Jesurun Rak Sakyi,eng ENG,MF,Sheffield United,21,2002,34,22,"1,725",19.2,7,2,9,7,0,0,1,0,0.37,0.1,0.47,0.37,0.47,Matches
580,Joe Ralls,eng ENG,MF,Cardiff City,30,1993,21,15,"1,148",12.8,0,1,1,0,0,0,6,0,0,0.08,0.08,0,0.08,Matches
581,Largie Ramazani,be BEL,MF,Leeds United,23,2001,29,7,797,8.9,6,2,8,6,0,0,2,0,0.68,0.23,0.9,0.68,0.9,Matches
582,Aaron Ramsey,wls WAL,MF,Cardiff City,33,1990,8,6,557,6.2,0,0,0,0,0,0,1,0,0,0,0,0,0,Matches
583,Aaron Ramsey,eng ENG,MF,Burnley,21,2003,1,0,7,0.1,0,0,0,0,0,0,0,0,0,0,0,0,0,Matches
584,Adam Randell,eng ENG,MF,Plymouth Argyle,23,2000,39,39,"3,378",37.5,1,3,4,1,0,0,7,0,0.03,0.08,0.11,0.03,0.11,Matches
585,Joe Rankin-Costello,eng ENG,"DF,MF",Blackburn Rovers,25,1999,29,13,"1,249",13.9,2,2,4,2,0,0,4,0,0.14,0.14,0.29,0.14,0.29,Matches
586,Nathan Redmond,eng ENG,"FW,MF",Burnley,30,1994,2,0,14,0.2,0,1,1,0,0,0,0,0,0,6.43,6.43,0,6.43,Matches
587,Michael Reindorf,eng ENG,MF,Cardiff City,19,2005,2,0,52,0.6,0,0,0,0,0,0,0,0,0,0,0,0,0,Matches
588,Vicente Reyes,cl CHI,GK,Norwich City,20,2003,4,3,271,3,0,0,0,0,0,0,0,0,0,0,0,0,0,Matches
589,Yuri Ribeiro,pt POR,DF,Blackburn Rovers,27,1997,15,15,"1,350",15,0,1,1,0,0,0,0,0,0,0.07,0.07,0,0.07,Matches
590,Chris Rigg,eng ENG,"MF,FW",Sunderland,17,2007,42,36,"3,055",33.9,4,1,5,4,0,0,8,0,0.12,0.03,0.15,0.12,0.15,Matches
591,Emil Riis Jakobsen,dk DEN,FW,Preston North End,26,1998,45,29,"2,716",30.2,12,2,14,12,0,0,2,0,0.4,0.07,0.46,0.4,0.46,Matches
592,Andy Rinomhota,zw ZIM,"MF,DF",Cardiff City,27,1997,30,24,"2,106",23.4,0,1,1,0,0,0,6,0,0,0.04,0.04,0,0.04,Matches
593,Matt Ritchie,sct SCO,MF,Portsmouth,34,1989,39,28,"2,190",24.3,5,1,6,5,0,0,7,0,0.21,0.04,0.25,0.21,0.25,Matches
594,Caleb Roberts,eng ENG,MF,Plymouth Argyle,19,2004,5,2,192,2.1,0,0,0,0,0,0,1,0,0,0,0,0,0,Matches
595,Connor Roberts,wls WAL,DF,Burnley,28,1995,41,40,"3,636",40.4,2,3,5,2,0,0,4,0,0.05,0.07,0.12,0.05,0.12,Matches
596,Haydon Roberts,eng ENG,"MF,DF",Bristol City,22,2002,30,15,"1,635",18.2,1,1,2,1,0,0,5,0,0.06,0.06,0.11,0.06,0.11,Matches
597,Liam Roberts,eng ENG,GK,Millwall,29,1994,2,1,91,1,0,0,0,0,0,0,0,0,0,0,0,0,0,Matches
598,Patrick Roberts,eng ENG,"MF,FW",Sunderland,27,1997,45,38,"3,280",36.4,2,7,9,1,1,2,8,0,0.05,0.19,0.25,0.03,0.22,Matches
599,Alexander Robertson,au AUS,MF,Cardiff City,21,2003,35,29,"2,409",26.8,3,3,6,3,0,0,7,0,0.11,0.11,0.22,0.11,0.22,Matches
600,Callum Robinson,ie IRL,FW,Cardiff City,29,1995,34,24,"2,023",22.5,12,1,13,12,0,0,1,1,0.53,0.04,0.58,0.53,0.58,Matches
Rk,Player,Nation,Pos,Squad,Age,Born,MP,Starts,Min,90s,Gls,Ast,G+A,G-PK,PK,PKatt,CrdY,CrdR,Gls,Ast,G+A,G-PK,G+A-PK,Matches
601,Jack Robinson,eng ENG,DF,Sheffield United,30,1993,34,31,"2,841",31.6,0,0,0,0,0,0,9,0,0,0,0,0,0,Matches
602,Joe Rodon,wls WAL,DF,Leeds United,26,1997,46,46,"4,135",45.9,1,0,1,1,0,0,5,0,0.02,0,0.02,0.02,0.02,Matches
603,Ruben Rodrigues,pt POR,MF,Oxford United,27,1996,39,28,"2,251",25,4,3,7,4,0,0,3,0,0.16,0.12,0.28,0.16,0.28,Matches
604,Jay Rodriguez,eng ENG,FW,Burnley,35,1989,20,8,747,8.3,2,0,2,1,1,1,1,0,0.24,0,0.24,0.12,0.12,Matches
605,Ole Romeny,id IDN,"FW,MF",Oxford United,24,2000,14,7,591,6.6,1,0,1,1,0,0,2,0,0.15,0,0.15,0.15,0.15,Matches
606,Ronald,br BRA,MF,Swansea City,23,2001,46,43,"3,761",41.8,2,7,9,2,0,0,3,0,0.05,0.17,0.22,0.05,0.22,Matches
607,Kemar Roofe,jm JAM,"FW,MF",Derby County,31,1993,3,0,12,0.1,0,0,0,0,0,0,0,0,0,0,0,0,0,Matches
608,Michael Rose,sct SCO,DF,Stoke City,28,1995,22,13,"1,296",14.4,0,0,0,0,0,0,3,0,0,0,0,0,0,Matches
609,Joe Rothwell,eng ENG,MF,Leeds United,29,1995,36,24,"2,249",25,0,4,4,0,0,0,2,0,0,0.16,0.16,0,0.16,Matches
610,Pelly Ruddock Mpanzu,cd COD,MF,Luton Town,31,1993,10,1,228,2.5,0,1,1,0,0,0,1,0,0,0.39,0.39,0,0.39,Matches
611,Jack Rudoni,eng ENG,MF,Coventry City,24,2000,43,40,"3,502",38.9,9,12,21,9,0,0,3,0,0.23,0.31,0.54,0.23,0.54,Matches
612,Carl Rushworth,eng ENG,GK,Hull City,23,2001,2,2,180,2,0,0,0,0,0,0,0,0,0,0,0,0,0,Matches
613,Nazariy Rusyn,ua UKR,"FW,MF",Sunderland,25,1998,8,0,72,0.8,0,0,0,0,0,0,1,0,0,0,0,0,0,Matches
614,Georginio Rutter,fr FRA,MF,Leeds United,22,2002,1,1,90,1,0,1,1,0,0,0,0,0,0,1,1,0,1,Matches
615,Sai Sachdev,eng ENG,DF,Sheffield United,19,2005,1,0,1,0,0,0,0,0,0,0,0,0,0,0,0,0,0,Matches
616,Borja Sainz,es ESP,"FW,MF",Norwich City,23,2001,41,41,"3,607",40.1,18,4,22,18,0,0,8,0,0.45,0.1,0.55,0.45,0.55,Matches
617,Koki Saito,jp JPN,MF,Queens Park Rangers,22,2001,39,25,"2,295",25.5,3,2,5,3,0,0,0,1,0.12,0.08,0.2,0.12,0.2,Matches
618,Tatsuhiro Sakamoto,jp JPN,"MF,FW",Coventry City,27,1996,42,30,"2,587",28.7,4,6,10,4,0,0,4,0,0.14,0.21,0.35,0.14,0.35,Matches
619,Yousef Salech,dk DEN,FW,Cardiff City,22,2002,20,14,"1,276",14.2,8,1,9,7,1,1,2,0,0.56,0.07,0.63,0.49,0.56,Matches
620,Lars-Jørgen Salvesen,no NOR,FW,Derby County,28,1996,8,6,488,5.4,1,0,1,1,0,0,0,0,0.18,0,0.18,0.18,0.18,Matches
621,Shurandy Sambo,cw CUW,DF,Burnley,22,2001,1,0,19,0.2,0,0,0,0,0,0,0,0,0,0,0,0,0,Matches
622,Dion Sanderson,eng ENG,DF,Blackburn Rovers,24,1999,12,4,567,6.3,0,0,0,0,0,0,1,0,0,0,0,0,0,Matches
623,Hevertton Santos,br BRA,DF,Queens Park Rangers,23,2001,6,4,319,3.5,0,0,0,0,0,0,1,0,0,0,0,0,0,Matches
624,Josh Sargent,us USA,FW,Norwich City,24,2000,32,28,"2,500",27.8,15,5,20,14,1,2,3,0,0.54,0.18,0.72,0.5,0.68,Matches
625,Jeremy Sarmiento,ec ECU,MF,Burnley,22,2002,35,11,"1,166",13,4,0,4,4,0,0,4,0,0.31,0,0.31,0.31,0.31,Matches
Rk,Player,Nation,Pos,Squad,Age,Born,MP,Starts,Min,90s,Gls,Ast,G+A,G-PK,PK,PKatt,CrdY,CrdR,Gls,Ast,G+A,G-PK,G+A-PK,Matches
626,George Saville,nir NIR,MF,Millwall,31,1993,45,36,"3,300",36.7,1,3,4,1,0,0,8,0,0.03,0.08,0.11,0.03,0.11,Matches
627,Christian Saydee,lr LBR,"MF,FW",Portsmouth,22,2002,29,10,"1,152",12.8,3,0,3,3,0,0,5,0,0.23,0,0.23,0.23,0.23,Matches
628,Calum Scanlon,eng ENG,MF,Millwall,19,2005,4,3,167,1.9,1,0,1,1,0,0,0,0,0.54,0,0.54,0.54,0.54,Matches
629,Dane Scarlett,eng ENG,FW,Oxford United,20,2004,20,7,792,8.8,4,0,4,4,0,0,1,0,0.45,0,0.45,0.45,0.45,Matches
630,Nicolas Schmid,at AUT,GK,Portsmouth,27,1997,35,35,"3,090",34.3,0,2,2,0,0,0,1,0,0,0.06,0.06,0,0.06,Matches
631,Isaac Schmidt,ch SUI,"DF,MF",Leeds United,24,1999,12,0,78,0.9,0,0,0,0,0,0,0,0,0,0,0,0,0,Matches
632,Oscar Schwartau,dk DEN,"MF,FW",Norwich City,18,2006,40,17,"1,564",17.4,1,0,1,1,0,0,3,0,0.06,0,0.06,0.06,0.06,Matches
633,Jenson Seelt,nl NED,DF,Sunderland,21,2003,1,0,22,0.2,0,0,0,0,0,0,0,0,0,0,0,0,0,Matches
634,Tatsuki Seko,jp JPN,MF,Stoke City,26,1997,25,18,"1,597",17.7,0,0,0,0,0,0,1,0,0,0,0,0,0,Matches
635,Tyrell Sellars-Fleming,eng ENG,MF,Hull City,19,2005,4,0,8,0.1,0,0,0,0,0,0,0,0,0,0,0,0,0,Matches
636,Egil Selvik,no NOR,GK,Watford,27,1997,16,16,"1,440",16,0,0,0,0,0,0,2,0,0,0,0,0,0,Matches
637,Ken Sema,se SWE,MF,Watford,30,1993,14,4,521,5.8,0,1,1,0,0,0,0,0,0,0.17,0.17,0,0.17,Matches
638,Femi Seriki,eng ENG,DF,Sheffield United,22,2002,25,8,"1,091",12.1,0,1,1,0,0,0,2,0,0,0.08,0.08,0,0.08,Matches
639,Jamie Shackleton,eng ENG,"MF,DF",Sheffield United,24,1999,12,2,291,3.2,0,0,0,0,0,0,0,0,0,0,0,0,0,Matches
640,Conor Shaughnessy,ie IRL,DF,Portsmouth,28,1996,9,7,512,5.7,1,0,1,1,0,0,2,0,0.18,0,0.18,0.18,0.18,Matches
641,James Shea,eng ENG,GK,Luton Town,33,1991,2,1,147,1.6,0,0,0,0,0,0,0,0,0,0,0,0,0,Matches
642,Ben Sheaf,eng ENG,MF,Coventry City,26,1998,29,23,"2,130",23.7,0,2,2,0,0,0,6,0,0,0.08,0.08,0,0.08,Matches
643,Jonjo Shelvey,eng ENG,MF,Burnley,32,1992,2,0,12,0.1,0,0,0,0,0,0,0,0,0,0,0,0,0,Matches
644,Louie Sibley,eng ENG,MF,Oxford United,22,2001,11,1,170,1.9,1,0,1,1,0,0,3,0,0.53,0,0.53,0.53,0.53,Matches
645,Sol Sidibé,eng ENG,MF,Stoke City,17,2007,8,3,306,3.4,0,1,1,0,0,0,0,0,0,0.29,0.29,0,0.29,Matches
646,Francisco Sierralta,cl CHI,DF,Watford,27,1997,33,21,"1,897",21.1,0,0,0,0,0,0,9,0,0,0,0,0,0,Matches
647,Arnór Sigurðsson,is ISL,"FW,MF",Blackburn Rovers,25,1999,5,0,62,0.7,1,0,1,1,0,0,0,0,1.45,0,1.45,1.45,1.45,Matches
648,Sam Silvera,au AUS,MF,Portsmouth,23,2000,11,5,446,5,0,0,0,0,0,0,0,0,0,0,0,0,0,Matches
649,Ellis Simms,eng ENG,FW,Coventry City,23,2001,43,26,"2,286",25.4,6,2,8,6,0,1,1,0,0.24,0.08,0.31,0.24,0.31,Matches
650,Xavier Simons,eng ENG,MF,Hull City,21,2003,20,13,"1,208",13.4,2,0,2,2,0,0,3,0,0.15,0,0.15,0.15,0.15,Matches
Rk,Player,Nation,Pos,Squad,Age,Born,MP,Starts,Min,90s,Gls,Ast,G+A,G-PK,PK,PKatt,CrdY,CrdR,Gls,Ast,G+A,G-PK,G+A-PK,Matches
651,Nathan Simpson,eng ENG,MF,Middlesbrough,20,2004,1,0,1,0,0,0,0,0,0,0,0,0,0,0,0,0,0,Matches
652,Emmanouil Siopis,gr GRE,MF,Cardiff City,30,1994,21,16,"1,444",16,0,0,0,0,0,0,4,0,0,0,0,0,0,Matches
653,Moussa Sissoko,fr FRA,MF,Watford,34,1989,40,33,"2,888",32.1,6,1,7,6,0,0,6,1,0.19,0.03,0.22,0.19,0.22,Matches
654,Regan Slater,eng ENG,MF,Hull City,24,1999,44,36,"2,966",33,1,1,2,1,0,0,6,0,0.03,0.03,0.06,0.03,0.06,Matches
655,Michael Smith,eng ENG,FW,Sheffield Weds,32,1991,41,16,"1,844",20.5,8,4,12,7,1,1,3,0,0.39,0.2,0.59,0.34,0.54,Matches
656,Paul Smyth,nir NIR,"MF,FW",Queens Park Rangers,26,1997,43,30,"2,770",30.8,1,4,5,1,0,0,6,0,0.03,0.13,0.16,0.03,0.16,Matches
657,Manor Solomon,il ISR,MF,Leeds United,25,1999,39,30,"2,589",28.8,10,12,22,10,0,0,3,0,0.35,0.42,0.76,0.35,0.76,Matches
658,Oliver Sonne,pe PER,DF,Burnley,23,2000,2,0,25,0.3,0,0,0,0,0,0,0,0,0,0,0,0,0,Matches
659,Matthew Sorinola,eng ENG,"MF,DF",Plymouth Argyle,23,2001,25,19,"1,674",18.6,0,1,1,0,0,0,9,1,0,0.05,0.05,0,0.05,Matches
660,Harry Souttar,au AUS,DF,Sheffield United,25,1998,21,20,"1,768",19.6,0,0,0,0,0,0,5,1,0,0,0,0,0,Matches
661,Vinicius Souza,br BRA,MF,Sheffield United,25,1999,35,32,"2,787",31,0,1,1,0,0,0,8,0,0,0.03,0.03,0,0.03,Matches
662,Jack Stacey,eng ENG,"DF,MF",Norwich City,28,1996,41,20,"2,143",23.8,2,6,8,2,0,0,5,0,0.08,0.25,0.34,0.08,0.34,Matches
663,Enda Stevens,ie IRL,DF,Stoke City,34,1990,18,13,"1,194",13.3,0,2,2,0,0,0,3,0,0,0.15,0.15,0,0.15,Matches
664,Ben Stevenson,eng ENG,MF,Portsmouth,27,1997,1,0,7,0.1,0,0,0,0,0,0,0,0,0,0,0,0,0,Matches
665,Jordan Storey,eng ENG,DF,Preston North End,26,1997,35,35,"3,062",34,1,1,2,1,0,0,6,0,0.03,0.03,0.06,0.03,0.06,Matches
666,Pascal Struijk,nl NED,DF,Leeds United,24,1999,35,31,"2,824",31.4,5,0,5,3,2,3,3,0,0.16,0,0.16,0.1,0.1,Matches
667,Zak Sturge,eng ENG,DF,Millwall,20,2004,5,3,303,3.4,0,0,0,0,0,0,0,0,0,0,0,0,0,Matches
668,Callum Styles,hu HUN,"DF,MF",West Bromwich Albion,24,2000,34,29,"2,613",29,3,1,4,3,0,0,11,1,0.1,0.03,0.14,0.1,0.14,Matches
669,Emmerson Sutton,eng ENG,FW,Queens Park Rangers,17,2006,2,0,56,0.6,0,0,0,0,0,0,0,0,0,0,0,0,0,Matches
670,Zak Swanson,eng ENG,DF,Portsmouth,23,2000,30,23,"1,972",21.9,1,1,2,1,0,0,5,0,0.05,0.05,0.09,0.05,0.09,Matches
671,John Swift,eng ENG,MF,West Bromwich Albion,29,1995,36,19,"1,741",19.3,3,1,4,3,0,0,4,0,0.16,0.05,0.21,0.16,0.21,Matches
672,Mark Sykes,ie IRL,MF,Bristol City,26,1997,27,21,"1,707",19,3,4,7,3,0,0,5,0,0.16,0.21,0.37,0.16,0.37,Matches
673,Sammie Szmodics,ie IRL,"FW,MF",Blackburn Rovers,28,1995,1,0,26,0.3,1,1,2,1,0,0,0,0,3.46,3.46,6.92,3.46,6.92,Matches
674,Kornél Szűcs,hu HUN,DF,Plymouth Argyle,22,2001,36,31,"2,839",31.5,0,1,1,0,0,0,6,0,0,0.03,0.03,0,0.03,Matches
675,Elias Sørensen,dk DEN,"MF,FW",Portsmouth,24,1999,12,4,322,3.6,1,0,1,1,0,1,0,0,0.28,0,0.28,0.28,0.28,Matches
Rk,Player,Nation,Pos,Squad,Age,Born,MP,Starts,Min,90s,Gls,Ast,G+A,G-PK,PK,PKatt,CrdY,CrdR,Gls,Ast,G+A,G-PK,G+A-PK,Matches
676,Jakob Sørensen,dk DEN,MF,Norwich City,26,1998,27,14,"1,327",14.7,0,0,0,0,0,0,2,0,0,0,0,0,0,Matches
677,Maksym Talovierov,ua UKR,DF,Plymouth Argyle,24,2000,11,10,934,10.4,1,1,2,1,0,0,3,0,0.1,0.1,0.19,0.1,0.19,Matches
678,Ao Tanaka,jp JPN,MF,Leeds United,25,1998,43,37,"3,314",36.8,5,2,7,5,0,0,8,0,0.14,0.05,0.19,0.14,0.19,Matches
679,Japhet Tanganga,eng ENG,DF,Millwall,25,1999,40,40,"3,552",39.5,2,0,2,2,0,0,6,0,0.05,0,0.05,0.05,0.05,Matches
680,George Tanner,eng ENG,"DF,MF",Bristol City,24,1999,32,23,"2,002",22.2,2,0,2,2,0,0,2,0,0.09,0,0.09,0.09,0.09,Matches
681,Ollie Tanner,eng ENG,MF,Cardiff City,22,2002,29,15,"1,387",15.4,2,2,4,2,0,0,1,0,0.13,0.13,0.26,0.13,0.26,Matches
682,Fabio Tavares,eng ENG,FW,Coventry City,23,2001,1,0,1,0,0,0,0,0,0,0,0,0,0,0,0,0,0,Matches
683,Joseph Taylor,wls WAL,FW,Luton Town,21,2002,13,0,157,1.7,0,0,0,0,0,0,0,0,0,0,0,0,0,Matches
684,Junior Tchamadeu,cm CMR,DF,Stoke City,20,2003,41,35,"3,136",34.8,1,2,3,1,0,0,10,0,0.03,0.06,0.09,0.03,0.09,Matches
685,Hidde ter Avest,nl NED,"DF,MF",Oxford United,27,1997,21,10,997,11.1,1,0,1,1,0,0,1,0,0.09,0,0.09,0.09,0.09,Matches
686,Emre Tezgel,eng ENG,FW,Stoke City,18,2005,12,2,298,3.3,0,0,0,0,0,0,1,0,0,0,0,0,0,Matches
687,Bobby Thomas,eng ENG,DF,Coventry City,23,2001,38,37,"3,334",37,5,0,5,5,0,0,4,0,0.13,0,0.13,0.13,0.13,Matches
688,Joshua Thomas,wls WAL,FW,Swansea City,21,2002,1,0,1,0,0,0,0,0,0,0,1,0,0,0,0,0,0,Matches
689,Brandon Thomas-Asante,gh GHA,FW,Coventry City,25,1998,36,14,"1,449",16.1,4,3,7,4,0,0,3,0,0.25,0.19,0.43,0.25,0.43,Matches
690,Jordan Thompson,nir NIR,MF,Stoke City,27,1997,23,13,"1,353",15,0,1,1,0,0,0,7,0,0,0.07,0.07,0,0.07,Matches
691,Liam Thompson,eng ENG,MF,Derby County,22,2002,28,18,"1,610",17.9,0,0,0,0,0,0,6,0,0,0,0,0,0,Matches
692,Jordan Thorniley,eng ENG,DF,Oxford United,27,1996,2,0,81,0.9,0,0,0,0,0,0,0,0,0,0,0,0,0,Matches
693,Muhamed Tijani,ng NGA,FW,Plymouth Argyle,24,2000,13,4,448,5,2,1,3,2,0,0,2,0,0.4,0.2,0.6,0.4,0.6,Matches
694,Nathan Tjoe-A-On,id IDN,DF,Swansea City,22,2001,1,0,3,0,0,0,0,0,0,0,0,0,0,0,0,0,0,Matches
695,Victor Torp,dk DEN,MF,Coventry City,25,1999,36,25,"2,107",23.4,6,4,10,5,1,2,2,0,0.26,0.17,0.43,0.21,0.38,Matches
696,Balázs Tóth,hu HUN,GK,Blackburn Rovers,26,1997,6,6,540,6,0,0,0,0,0,0,1,0,0,0,0,0,0,Matches
697,Ryley Towler,eng ENG,DF,Portsmouth,23,2001,12,10,936,10.4,1,0,1,1,0,0,3,0,0.1,0,0.1,0.1,0.1,Matches
698,Andros Townsend,eng ENG,"FW,MF",Luton Town,33,1991,1,0,11,0.1,0,0,0,0,0,0,0,0,0,0,0,0,0,Matches
699,James Trafford,eng ENG,GK,Burnley,21,2002,45,45,"4,050",45,0,0,0,0,0,0,7,0,0,0,0,0,0,Matches
700,Mark Travers,ie IRL,GK,Middlesbrough,25,1999,17,17,"1,530",17,0,0,0,0,0,0,1,0,0,0,0,0,0,Matches
Rk,Player,Nation,Pos,Squad,Age,Born,MP,Starts,Min,90s,Gls,Ast,G+A,G-PK,PK,PKatt,CrdY,CrdR,Gls,Ast,G+A,G-PK,G+A-PK,Matches
701,Lewis Travis,eng ENG,MF,Blackburn Rovers,26,1997,38,37,"3,216",35.7,2,1,3,2,0,0,11,0,0.06,0.03,0.08,0.06,0.08,Matches
702,Nectarios Triantis,gr GRE,"DF,MF",Sunderland,21,2003,1,0,1,0,0,0,0,0,0,0,0,0,0,0,0,0,0,Matches
703,Sondre Tronstad,no NOR,MF,Blackburn Rovers,28,1995,38,36,"3,130",34.8,2,0,2,2,0,0,5,0,0.06,0,0.06,0.06,0.06,Matches
704,Auston Trusty,us USA,DF,Sheffield United,25,1998,1,1,90,1,0,0,0,0,0,0,0,0,0,0,0,0,0,Matches
705,David Turnbull,sct SCO,MF,Cardiff City,25,1999,19,10,826,9.2,1,0,1,1,0,1,2,0,0.11,0,0.11,0.11,0.11,Matches
706,Scott Twine,eng ENG,"MF,FW",Bristol City,25,1999,35,26,"2,119",23.5,5,3,8,5,0,0,6,0,0.21,0.13,0.34,0.21,0.34,Matches
707,Igor Tyjon,eng ENG,FW,Blackburn Rovers,16,2008,2,0,7,0.1,0,0,0,0,0,0,0,0,0,0,0,0,0,Matches
708,Josh Tymon,eng ENG,DF,Swansea City,25,1999,45,44,"3,940",43.8,2,7,9,2,0,1,7,0,0.05,0.16,0.21,0.05,0.21,Matches
709,Ike Ugbo,ca CAN,FW,Sheffield Weds,25,1998,34,15,"1,278",14.2,0,0,0,0,0,1,1,0,0,0,0,0,0,Matches
710,Pol Valentín,es ESP,"MF,DF",Sheffield Weds,27,1997,34,13,"1,527",17,1,0,1,1,0,0,4,0,0.06,0,0.06,0.06,0.06,Matches
711,Yan Valery,tn TUN,"DF,MF",Sheffield Weds,25,1999,39,38,"3,154",35,3,4,7,3,0,0,7,0,0.09,0.11,0.2,0.09,0.2,Matches
712,Jonathan Varane,mq MTQ,MF,Queens Park Rangers,22,2001,39,29,"2,598",28.9,0,2,2,0,0,0,8,1,0,0.07,0.07,0,0.07,Matches
713,Rocco Vata,ie IRL,"MF,FW",Watford,19,2005,33,15,"1,536",17.1,3,4,7,3,0,0,0,0,0.18,0.23,0.41,0.18,0.41,Matches
714,Harry Vaughan,ie IRL,MF,Hull City,20,2004,3,1,103,1.1,0,0,0,0,0,0,1,0,0,0,0,0,0,Matches
715,Will Vaulks,wls WAL,MF,Oxford United,30,1993,44,38,"3,339",37.1,1,2,3,1,0,0,4,0,0.03,0.05,0.08,0.03,0.08,Matches
716,Josh Vickers,eng ENG,GK,Derby County,28,1995,6,6,540,6,0,0,0,0,0,0,0,0,0,0,0,0,0,Matches
717,André Vidigal,ao ANG,"FW,MF",Stoke City,25,1998,10,0,104,1.2,0,0,0,0,0,0,0,0,0,0,0,0,0,Matches
718,Lawrence Vigouroux,cl CHI,GK,Swansea City,30,1993,46,46,"4,140",46,0,0,0,0,0,0,0,0,0,0,0,0,0,Matches
719,Žan Vipotnik,si SVN,FW,Swansea City,22,2002,42,24,"2,087",23.2,7,0,7,6,1,1,1,0,0.3,0,0.3,0.26,0.26,Matches
720,Vitinho,br BRA,MF,Burnley,25,1999,3,3,235,2.6,1,1,2,1,0,0,0,0,0.38,0.38,0.77,0.38,0.77,Matches
721,Zak Vyner,ke KEN,DF,Bristol City,27,1997,46,46,"4,140",46,1,0,1,1,0,0,3,0,0.02,0,0.02,0.02,0.02,Matches
722,Thomas Waddingham,au AUS,FW,Portsmouth,19,2005,5,1,103,1.1,1,0,1,1,0,0,1,0,0.87,0,0.87,0.87,0.87,Matches
723,Ben Waine,nz NZL,FW,Plymouth Argyle,23,2001,1,0,9,0.1,0,0,0,0,0,0,0,0,0,0,0,0,0,Matches
724,Jed Wallace,eng ENG,"MF,FW",West Bromwich Albion,30,1994,29,6,809,9,1,1,2,1,0,0,2,0,0.11,0.11,0.22,0.11,0.22,Matches
725,Murray Wallace,sct SCO,DF,Millwall,31,1993,11,8,733,8.1,0,0,0,0,0,0,0,0,0,0,0,0,0,Matches
Rk,Player,Nation,Pos,Squad,Age,Born,MP,Starts,Min,90s,Gls,Ast,G+A,G-PK,PK,PKatt,CrdY,CrdR,Gls,Ast,G+A,G-PK,G+A-PK,Matches
726,Joe Walsh,eng ENG,GK,Queens Park Rangers,22,2002,1,1,90,1,0,0,0,0,0,0,0,0,0,0,0,0,0,Matches
727,Liam Walsh,eng ENG,MF,Luton Town,26,1997,26,18,"1,411",15.7,0,1,1,0,0,0,3,3,0,0.06,0.06,0,0.06,Matches
728,Reuell Walters,eng ENG,"DF,MF",Luton Town,19,2004,14,11,979,10.9,0,0,0,0,0,0,2,0,0,0,0,0,0,Matches
729,Joe Ward,eng ENG,DF,Derby County,28,1995,7,2,150,1.7,0,0,0,0,0,0,1,0,0,0,0,0,0,Matches
730,Duncan Watmore,eng ENG,MF,Millwall,30,1994,26,19,"1,578",17.5,5,1,6,5,0,0,0,0,0.29,0.06,0.34,0.29,0.34,Matches
731,Tom Watson,eng ENG,MF,Sunderland,18,2006,20,11,891,9.9,2,0,2,2,0,0,2,0,0.2,0,0.2,0.2,0.2,Matches
732,Wout Weghorst,nl NED,FW,Burnley,31,1992,2,0,25,0.3,0,0,0,0,0,0,0,0,0,0,0,0,0,Matches
733,Andreas Weimann,at AUT,MF,Blackburn Rovers,32,1991,30,15,"1,411",15.7,7,2,9,7,0,0,2,0,0.45,0.13,0.57,0.45,0.57,Matches
734,Nahki Wells,bm BER,FW,Bristol City,34,1990,39,26,"2,052",22.8,10,4,14,9,1,1,3,0,0.44,0.18,0.61,0.39,0.57,Matches
735,Jack Whatmough,eng ENG,DF,Preston North End,27,1996,16,12,"1,118",12.4,0,1,1,0,0,0,4,0,0,0.08,0.08,0,0.08,Matches
736,Lennon Wheeldon,eng ENG,FW,Derby County,17,2006,1,0,2,0,0,0,0,0,0,0,0,0,0,0,0,0,0,Matches
737,Ben Whiteman,eng ENG,MF,Preston North End,28,1996,35,27,"2,495",27.7,0,2,2,0,0,0,12,0,0,0.07,0.07,0,0.07,Matches
738,Morgan Whittaker,eng ENG,MF,Plymouth Argyle,23,2001,20,20,"1,747",19.4,3,1,4,3,0,0,3,0,0.15,0.05,0.21,0.15,0.21,Matches
739,Morgan Whittaker,eng ENG,MF,Middlesbrough,23,2001,16,11,990,11,0,1,1,0,0,0,0,0,0,0.09,0.09,0,0.09,Matches
740,Harry Whitwell,eng ENG,MF,West Bromwich Albion,18,2005,1,0,13,0.1,0,0,0,0,0,0,0,0,0,0,0,0,0,Matches
741,Jacob Widell Zetterström,se SWE,GK,Derby County,26,1998,40,40,"3,600",40,0,0,0,0,0,0,2,0,0,0,0,0,0,Matches
742,Joe Wildsmith,eng ENG,GK,West Bromwich Albion,28,1995,10,10,900,10,0,0,0,0,0,0,1,0,0,0,0,0,0,Matches
743,Caleb Wiley,us USA,"DF,MF",Watford,19,2004,10,8,722,8,0,1,1,0,0,0,0,0,0,0.12,0.12,0,0.12,Matches
744,Joe Williams,eng ENG,MF,Bristol City,27,1996,24,18,"1,417",15.7,0,4,4,0,0,0,6,1,0,0.25,0.25,0,0.25,Matches
745,Jordan Williams,eng ENG,DF,Portsmouth,24,1999,20,15,"1,265",14.1,0,0,0,0,0,0,6,0,0,0,0,0,0,Matches
746,Chris Willock,eng ENG,"MF,FW",Cardiff City,26,1998,32,17,"1,548",17.2,2,2,4,2,0,0,0,0,0.12,0.12,0.23,0.12,0.23,Matches
747,Ben Wilmot,eng ENG,DF,Stoke City,24,1999,39,36,"3,242",36,3,0,3,3,0,0,9,0,0.08,0,0.08,0.08,0.08,Matches
748,Ben Wilson,eng ENG,GK,Coventry City,31,1992,4,4,360,4,0,0,0,0,0,0,1,0,0,0,0,0,0,Matches
749,Kane Wilson,eng ENG,"DF,MF",Derby County,24,2000,33,26,"2,430",27,2,1,3,2,0,0,0,0,0.07,0.04,0.11,0.07,0.11,Matches
750,Josh Wilson-Esbrand,eng ENG,"DF,MF",Stoke City,21,2002,6,4,269,3,0,1,1,0,0,0,0,0,0,0.33,0.33,0,0.33,Matches
Rk,Player,Nation,Pos,Squad,Age,Born,MP,Starts,Min,90s,Gls,Ast,G+A,G-PK,PK,PKatt,CrdY,CrdR,Gls,Ast,G+A,G-PK,G+A-PK,Matches
751,Josh Windass,eng ENG,"MF,FW",Sheffield Weds,30,1994,44,38,"3,222",35.8,13,5,18,12,1,2,8,0,0.36,0.14,0.5,0.34,0.47,Matches
752,Ryan Wintle,eng ENG,MF,Millwall,27,1997,22,3,513,5.7,1,0,1,1,0,0,3,0,0.18,0,0.18,0.18,0.18,Matches
753,Maximilian Wöber,at AUT,DF,Leeds United,26,1998,8,2,335,3.7,1,0,1,1,0,0,1,0,0.27,0,0.27,0.27,0.27,Matches
754,Freddie Woodman,eng ENG,GK,Preston North End,27,1997,37,37,"3,329",37,0,0,0,0,0,0,6,1,0,0,0,0,0,Matches
755,Cauley Woodrow,eng ENG,MF,Blackburn Rovers,29,1994,9,2,222,2.5,0,1,1,0,0,0,0,0,0,0.41,0.41,0,0.41,Matches
756,Cauley Woodrow,eng ENG,FW,Luton Town,29,1994,15,1,270,3,0,0,0,0,0,0,1,0,0,0,0,0,0,Matches
757,Joe Worrall,eng ENG,DF,Burnley,27,1997,9,3,285,3.2,0,1,1,0,0,0,1,0,0,0.32,0.32,0,0.32,Matches
758,Callum Wright,eng ENG,MF,Plymouth Argyle,24,2000,35,14,"1,462",16.2,1,0,1,1,0,0,0,1,0.06,0,0.06,0.06,0.06,Matches
759,Haji Wright,us USA,"MF,FW",Coventry City,26,1998,27,21,"1,947",21.6,12,1,13,11,1,1,1,0,0.55,0.05,0.6,0.51,0.55,Matches
760,Jacob Wright,eng ENG,MF,Norwich City,18,2005,15,10,888,9.9,0,4,4,0,0,0,2,0,0,0.41,0.41,0,0.41,Matches
761,Jerry Yates,eng ENG,FW,Derby County,27,1996,42,40,"3,419",38,10,4,14,9,1,1,1,0,0.26,0.11,0.37,0.24,0.34,Matches
762,Kusini Yengi,au AUS,FW,Portsmouth,25,1999,14,4,538,6,0,0,0,0,0,0,2,0,0,0,0,0,0,Matches
763,Óscar Zambrano,ec ECU,MF,Hull City,20,2004,8,5,390,4.3,1,1,2,1,0,0,0,0,0.23,0.23,0.46,0.23,0.46,Matches
764,Anass Zaroury,ma MAR,"FW,MF",Burnley,23,2000,1,0,25,0.3,0,0,0,0,0,0,0,0,0,0,0,0,0,Matches
765,Stefán Þórðarson,is ISL,MF,Preston North End,25,1998,39,29,"2,503",27.8,3,2,5,3,0,0,6,0,0.11,0.07,0.18,0.11,0.18,Matches
