,,,,,,,Playing Time,,,,Performance,,,,,,,,Per 90 Minutes,,,,,
Rk,Player,Nation,Pos,Squad,Age,Born,MP,Starts,Min,90s,Gls,Ast,G+A,G-PK,PK,PKatt,CrdY,CrdR,Gls,Ast,G+A,G-PK,G+A-PK,Matches
1,George Abbott,eng ENG,MF,Notts County,18,2005,40,37,"3,404",37.8,5,6,11,5,0,0,8,0,0.13,0.16,0.29,0.13,0.29,Matches
2,Ken Aboh,eng ENG,FW,Colchester United,19,2004,2,0,10,0.1,0,0,0,0,0,0,0,0,0,0,0,0,0,Matches
3,Emile Acquah,eng ENG,"FW,MF",Barrow,24,2000,39,19,"1,784",19.8,6,0,6,6,0,0,3,0,0.3,0,0.3,0.3,0.3,Matches
4,Finlay Adair,eng ENG,FW,Fleetwood Town,19,2005,1,0,1,0,0,0,0,0,0,0,0,0,0,0,0,0,0,Matches
5,Joe Adams,eng ENG,MF,Bradford City,20,2004,1,0,17,0.2,0,0,0,0,0,0,0,0,0,0,0,0,0,Matches
6,Tayo Adaramola,ie IRL,MF,Bradford City,20,2003,16,15,"1,255",13.9,0,3,3,0,0,0,3,0,0,0.22,0.22,0,0.22,Matches
7,Val Adedokun,ie IRL,DF,Cheltenham Town,21,2003,15,11,"1,032",11.5,0,2,2,0,0,0,1,0,0,0.17,0.17,0,0.17,Matches
8,Hakeeb Adelakun,eng ENG,"FW,MF",Salford City FC,28,1996,30,23,"2,182",24.2,13,3,16,8,5,5,1,1,0.54,0.12,0.66,0.33,0.45,Matches
9,Albert Adomah,gh GHA,FW,Walsall,36,1987,42,10,"1,330",14.8,5,4,9,5,0,0,5,0,0.34,0.27,0.61,0.34,0.61,Matches
10,Daniel Adu-Adjei,eng ENG,"FW,MF",Carlisle United,19,2005,14,11,"1,028",11.4,2,1,3,2,0,0,2,0,0.18,0.09,0.26,0.18,0.26,Matches
11,Asher Agbinone,eng ENG,"MF,FW",Gillingham,18,2005,6,5,329,3.7,0,0,0,0,0,0,0,0,0,0,0,0,0,Matches
12,Calum Agius,wls WAL,FW,Crewe Alexandra,18,2005,14,1,307,3.4,1,1,2,1,0,0,2,0,0.29,0.29,0.59,0.29,0.59,Matches
13,Callum Ainley,eng ENG,MF,Grimsby Town,26,1997,26,4,713,7.9,0,1,1,0,0,0,1,0,0,0.13,0.13,0,0.13,Matches
14,David Ajiboye,eng ENG,"FW,MF",Newport County,25,1998,21,16,"1,246",13.8,2,1,3,2,0,0,1,0,0.14,0.07,0.22,0.14,0.22,Matches
15,Tim Akinola,eng ENG,MF,Chesterfield,23,2001,2,0,19,0.2,0,0,0,0,0,0,0,0,0,0,0,0,0,Matches
16,Kyle Alex John,eng ENG,"MF,DF",Port Vale,23,2001,28,24,"2,038",22.6,0,2,2,0,0,0,4,0,0,0.09,0.09,0,0.09,Matches
17,Sonny Aljofree,eng ENG,DF,Accrington Stanley,19,2004,25,24,"2,128",23.6,3,0,3,3,0,0,3,0,0.13,0,0.13,0.13,0.13,Matches
18,Taylor Allen,eng ENG,DF,Walsall,24,2000,45,44,"3,952",43.9,10,7,17,8,2,2,5,1,0.23,0.16,0.39,0.18,0.34,Matches
19,George Alston,,FW,Swindon Town,,,1,0,8,0.1,0,0,0,0,0,0,0,0,0,0,0,0,0,Matches
20,Levi Amantchi,eng ENG,FW,Bromley,23,2000,14,2,361,4,0,0,0,0,0,0,0,0,0,0,0,0,0,Matches
21,Levi Amantchi,eng ENG,FW,Walsall,23,2000,18,4,601,6.7,3,0,3,3,0,0,0,0,0.45,0,0.45,0.45,0.45,Matches
22,Botan Ameen,iq IRQ,MF,Swindon Town,17,2007,14,3,485,5.4,1,2,3,1,0,0,0,0,0.19,0.37,0.56,0.19,0.56,Matches
23,Ben Amos,eng ENG,GK,Port Vale,34,1990,23,23,"2,070",23,0,0,0,0,0,0,2,0,0,0,0,0,0,Matches
24,Harry Anderson,eng ENG,MF,Colchester United,27,1997,31,20,"1,724",19.2,3,1,4,3,0,0,0,0,0.16,0.05,0.21,0.16,0.21,Matches
25,Tom Anderson,eng ENG,DF,Doncaster Rovers,30,1993,29,24,"2,171",24.1,1,1,2,1,0,0,3,1,0.04,0.04,0.08,0.04,0.08,Matches
Rk,Player,Nation,Pos,Squad,Age,Born,MP,Starts,Min,90s,Gls,Ast,G+A,G-PK,PK,PKatt,CrdY,CrdR,Gls,Ast,G+A,G-PK,G+A-PK,Matches
26,Josh Andrews,eng ENG,FW,Gillingham,22,2001,12,2,278,3.1,0,0,0,0,0,0,1,0,0,0,0,0,0,Matches
27,Lee Angol,eng ENG,FW,Morecambe,29,1994,26,21,"1,591",17.7,7,0,7,6,1,1,5,1,0.4,0,0.4,0.34,0.34,Matches
28,Cameron Antwi,eng ENG,MF,Newport County,22,2001,40,31,"2,715",30.2,1,2,3,1,0,0,8,0,0.03,0.07,0.1,0.03,0.1,Matches
29,Harvey Araujo,,DF,Chesterfield,,,20,15,"1,189",13.2,0,0,0,0,0,0,6,0,0,0,0,0,0,Matches
30,Ethon Archer,eng ENG,MF,Cheltenham Town,21,2002,46,42,"3,776",42,7,6,13,7,0,0,2,0,0.17,0.14,0.31,0.17,0.31,Matches
31,Luke Armstrong,eng ENG,FW,Carlisle United,28,1996,20,13,"1,236",13.7,3,1,4,3,0,0,0,0,0.22,0.07,0.29,0.22,0.29,Matches
32,Jude Arthurs,eng ENG,MF,Bromley,22,2001,41,37,"3,146",35,4,1,5,4,0,0,6,0,0.11,0.03,0.14,0.11,0.14,Matches
33,Zico Asare,eng ENG,"DF,MF",Harrogate Town FC,23,2001,26,16,"1,456",16.2,1,0,1,1,0,0,4,0,0.06,0,0.06,0.06,0.06,Matches
34,Luca Ashby-Hammond,eng ENG,GK,Gillingham,23,2001,1,0,19,0.2,0,0,0,0,0,0,0,0,0,0,0,0,0,Matches
35,Ossama Ashley,eng ENG,MF,Salford City FC,23,2000,33,31,"2,515",27.9,1,5,6,1,0,0,13,0,0.04,0.18,0.21,0.04,0.21,Matches
36,Nathan Asiimwe,ug UGA,MF,Walsall,19,2004,10,7,613,6.8,0,0,0,0,0,0,2,0,0,0,0,0,0,Matches
37,Joshua Austerfield,eng ENG,"MF,DF",Salford City FC,22,2001,21,12,"1,212",13.5,0,0,0,0,0,0,3,0,0,0,0,0,0,Matches
38,Sam Austin,eng ENG,MF,Notts County,27,1996,23,18,"1,642",18.2,1,1,2,1,0,0,1,0,0.05,0.05,0.11,0.05,0.11,Matches
39,Sebastian Auton,,GK,Grimsby Town,,,1,0,75,0.8,0,0,0,0,0,0,0,0,0,0,0,0,0,Matches
40,Zach Awe,eng ENG,DF,Accrington Stanley,20,2004,21,21,"1,890",21,1,0,1,1,0,0,5,0,0.05,0,0.05,0.05,0.05,Matches
41,Tommy Backwell,eng ENG,"MF,FW",Cheltenham Town,21,2003,13,10,726,8.1,1,0,1,1,0,0,2,0,0.12,0,0.12,0.12,0.12,Matches
42,Owen Bailey,eng ENG,"MF,DF",Doncaster Rovers,25,1999,46,46,"4,123",45.8,5,5,10,5,0,0,9,0,0.11,0.11,0.22,0.11,0.22,Matches
43,Ibrahim Bakare,eng ENG,DF,Cheltenham Town,22,2002,30,18,"1,660",18.4,0,1,1,0,0,0,5,0,0,0.05,0.05,0,0.05,Matches
44,Matthew Baker,wls WAL,DF,Newport County,21,2003,41,41,"3,689",41,4,0,4,4,0,0,4,0,0.1,0,0.1,0.1,0.1,Matches
45,Courtney Baker-Richardson,eng ENG,FW,Newport County,28,1995,36,24,"2,130",23.7,5,1,6,3,2,2,6,1,0.21,0.04,0.25,0.13,0.17,Matches
46,Aden Baldwin,eng ENG,DF,Bradford City,27,1997,32,30,"2,595",28.8,0,1,1,0,0,0,11,1,0,0.03,0.03,0,0.03,Matches
47,Jimmy Ball,eng ENG,"DF,MF",AFC Wimbledon,28,1995,15,11,959,10.7,1,1,2,1,0,0,4,0,0.09,0.09,0.19,0.09,0.19,Matches
48,Ollie Banks,eng ENG,MF,Chesterfield,31,1992,39,25,"2,340",26,2,5,7,2,0,0,5,0,0.08,0.19,0.27,0.08,0.27,Matches
49,Ben Barclay,eng ENG,"DF,MF",Carlisle United,27,1996,22,14,"1,221",13.6,1,1,2,1,0,0,6,0,0.07,0.07,0.15,0.07,0.15,Matches
50,Daniel Barden,wls WAL,GK,Swindon Town,23,2001,12,12,"1,060",11.8,0,0,0,0,0,0,2,0,0,0,0,0,0,Matches
Rk,Player,Nation,Pos,Squad,Age,Born,MP,Starts,Min,90s,Gls,Ast,G+A,G-PK,PK,PKatt,CrdY,CrdR,Gls,Ast,G+A,G-PK,G+A-PK,Matches
51,Lucas Barnes,eng ENG,MF,Harrogate Town FC,17,2007,1,0,13,0.1,0,0,0,0,0,0,0,0,0,0,0,0,0,Matches
52,Sam Barnes,eng ENG,DF,Barrow,23,2001,4,0,44,0.5,0,0,0,0,0,0,1,0,0,0,0,0,0,Matches
53,Connor Barratt,ie IRL,MF,Walsall,20,2004,43,39,"3,396",37.7,0,8,8,0,0,0,10,1,0,0.21,0.21,0,0.21,Matches
54,Luca Barrington,eng ENG,"MF,FW",Grimsby Town,19,2004,38,21,"1,879",20.9,4,3,7,4,0,0,0,0,0.19,0.14,0.34,0.19,0.34,Matches
55,Alex Bass,eng ENG,GK,Notts County,26,1998,39,39,"3,429",38.1,0,1,1,0,0,0,2,0,0,0.03,0.03,0,0.03,Matches
56,Jake Batty,eng ENG,"MF,DF",Accrington Stanley,19,2005,25,21,"1,814",20.2,0,1,1,0,0,0,8,0,0,0.05,0.05,0,0.05,Matches
57,Jacob Bedeau,gd GRN,DF,Notts County,24,1999,44,43,"3,903",43.4,0,3,3,0,0,0,8,0,0,0.07,0.07,0,0.07,Matches
58,James Belshaw,eng ENG,GK,Harrogate Town FC,33,1990,45,45,"4,000",44.4,0,1,1,0,0,0,2,0,0,0.02,0.02,0,0.02,Matches
59,Jay Benn,eng ENG,MF,Bradford City,22,2001,12,11,908,10.1,0,3,3,0,0,0,4,0,0,0.3,0.3,0,0.3,Matches
60,Rhys Bennett,eng ENG,DF,Fleetwood Town,20,2003,35,26,"2,498",27.8,1,0,1,1,0,0,11,0,0.04,0,0.04,0.04,0.04,Matches
61,Scot Bennett,eng ENG,"DF,MF",Cheltenham Town,33,1990,26,25,"1,906",21.2,0,0,0,0,0,0,6,0,0,0,0,0,0,Matches
62,Kevin Berkoe,eng ENG,"MF,DF",Salford City FC,23,2001,15,8,642,7.1,0,0,0,0,0,0,0,0,0,0,0,0,0,Matches
63,James Berry,eng ENG,MF,Chesterfield,23,2000,22,11,"1,062",11.8,7,3,10,7,0,0,1,0,0.59,0.25,0.85,0.59,0.85,Matches
64,Joe Bevan,sct SCO,MF,Carlisle United,19,2005,14,3,367,4.1,0,0,0,0,0,0,2,0,0,0,0,0,0,Matches
65,Harrison Biggins,eng ENG,MF,Carlisle United,28,1996,17,13,"1,220",13.6,0,2,2,0,0,0,2,0,0,0.15,0.15,0,0.15,Matches
66,Huseyin Biler,eng ENG,DF,AFC Wimbledon,22,2002,6,0,74,0.8,0,0,0,0,0,0,0,0,0,0,0,0,0,Matches
67,Lewis Billington,eng ENG,"DF,MF",Crewe Alexandra,20,2004,23,16,"1,513",16.8,0,2,2,0,0,0,4,0,0,0.12,0.12,0,0.12,Matches
68,Bryant Bilongo,eng ENG,DF,Harrogate Town FC,22,2001,16,9,933,10.4,1,0,1,1,0,0,3,0,0.1,0,0.1,0.1,0.1,Matches
69,Teddy Bishop,eng ENG,MF,Colchester United,28,1996,27,22,"1,885",20.9,1,1,2,1,0,0,2,0,0.05,0.05,0.1,0.05,0.1,Matches
70,Benicio Boaitey,eng ENG,MF,Port Vale,20,2004,10,3,359,4,0,2,2,0,0,0,2,0,0,0.5,0.5,0,0.5,Matches
71,Omar Bogle,eng ENG,FW,Crewe Alexandra,31,1993,30,13,"1,411",15.7,5,2,7,5,0,0,1,0,0.32,0.13,0.45,0.32,0.45,Matches
72,James Bolton,eng ENG,DF,Fleetwood Town,29,1994,38,35,"3,209",35.7,4,0,4,4,0,0,7,0,0.11,0,0.11,0.11,0.11,Matches
73,Elliott Bonds,gy GUY,MF,Fleetwood Town,24,2000,33,30,"2,669",29.7,0,5,5,0,0,0,9,0,0,0.17,0.17,0,0.17,Matches
74,Geoffroy Bony,wls WAL,FW,Newport County,19,2004,6,2,191,2.1,0,0,0,0,0,0,0,0,0,0,0,0,0,Matches
75,Ryan Boot,eng ENG,GK,Chesterfield,29,1994,28,28,"2,520",28,0,0,0,0,0,0,0,0,0,0,0,0,0,Matches
Rk,Player,Nation,Pos,Squad,Age,Born,MP,Starts,Min,90s,Gls,Ast,G+A,G-PK,PK,PKatt,CrdY,CrdR,Gls,Ast,G+A,G-PK,G+A-PK,Matches
76,Ryan Bowman,eng ENG,FW,Cheltenham Town,32,1991,18,8,842,9.4,3,1,4,3,0,0,2,0,0.32,0.11,0.43,0.32,0.43,Matches
77,Tom Bradbury,eng ENG,DF,Cheltenham Town,26,1998,39,38,"3,408",37.9,1,3,4,1,0,0,3,1,0.03,0.08,0.11,0.03,0.11,Matches
78,Zak Bradshaw,eng ENG,"MF,DF",Tranmere Rovers,20,2003,27,11,"1,163",12.9,0,1,1,0,0,0,4,0,0,0.08,0.08,0,0.08,Matches
79,Jack Bray,eng ENG,FW,Harrogate Town FC,17,2007,1,0,15,0.2,0,0,0,0,0,0,1,0,0,0,0,0,0,Matches
80,Kian Breckin,eng ENG,MF,Crewe Alexandra,20,2003,13,3,309,3.4,0,0,0,0,0,0,2,0,0,0,0,0,0,Matches
81,Gabriel Breeze,eng ENG,GK,Carlisle United,20,2003,32,32,"2,880",32,0,0,0,0,0,0,5,0,0,0,0,0,0,Matches
82,Ciaran Brennan,ie IRL,"DF,MF",Newport County,24,2000,27,26,"2,277",25.3,0,0,0,0,0,0,3,2,0,0,0,0,0,Matches
83,George Broadbent,eng ENG,MF,Doncaster Rovers,23,2000,38,28,"2,562",28.5,1,4,5,1,0,0,6,0,0.04,0.14,0.18,0.04,0.18,Matches
84,Ryan Broom,wls WAL,"MF,DF",Fleetwood Town,27,1996,27,10,"1,150",12.8,2,0,2,2,0,0,2,0,0.16,0,0.16,0.16,0.16,Matches
85,Charlie Brown,eng ENG,"FW,MF",Morecambe,24,1999,4,0,47,0.5,0,0,0,0,0,0,1,0,0,0,0,0,0,Matches
86,Charlie Brown,eng ENG,MF,Accrington Stanley,24,1999,12,1,226,2.5,0,0,0,0,0,0,0,0,0,0,0,0,0,Matches
87,Henry Brown,,MF,Grimsby Town,,,1,0,1,0,0,0,0,0,0,0,0,0,0,0,0,0,0,Matches
88,Jaxon Brown,,MF,Swindon Town,,,3,2,148,1.6,0,1,1,0,0,0,0,0,0,0.61,0.61,0,0.61,Matches
89,Jevani Brown,jm JAM,MF,Notts County,29,1994,14,4,487,5.4,0,0,0,0,0,0,1,0,0,0,0,0,0,Matches
90,Marcus Browne,eng ENG,"MF,FW",AFC Wimbledon,26,1997,18,10,997,11.1,4,1,5,4,0,0,4,0,0.36,0.09,0.45,0.36,0.45,Matches
91,Omar Bugiel,lb LIB,FW,AFC Wimbledon,30,1994,39,34,"2,852",31.7,4,2,6,4,0,0,9,0,0.13,0.06,0.19,0.13,0.19,Matches
92,Tyler Burey,eng ENG,MF,Carlisle United,22,2001,10,5,450,5,0,0,0,0,0,0,1,0,0,0,0,0,0,Matches
93,Harry Burgoyne,eng ENG,GK,Morecambe,27,1996,28,26,"2,415",26.8,0,1,1,0,0,0,1,0,0,0.04,0.04,0,0.04,Matches
94,Darragh Burns,nir NIR,"MF,FW",Grimsby Town,21,2002,9,2,248,2.8,0,0,0,0,0,0,1,0,0,0,0,0,0,Matches
95,Warren Burrell,eng ENG,"DF,MF",Harrogate Town FC,34,1990,27,19,"1,873",20.8,0,0,0,0,0,0,1,0,0,0,0,0,0,Matches
96,Daniel Butterworth,eng ENG,"FW,MF",Carlisle United,24,1999,3,0,44,0.5,0,1,1,0,0,0,0,0,0,2.05,2.05,0,2.05,Matches
97,Daniel Butterworth,eng ENG,"MF,FW",Swindon Town,24,1999,34,20,"1,897",21.1,5,2,7,5,0,0,3,0,0.24,0.09,0.33,0.24,0.33,Matches
98,Jack Bycroft,eng ENG,GK,Swindon Town,22,2001,21,20,"1,820",20.2,0,0,0,0,0,0,0,0,0,0,0,0,0,Matches
99,George Byers,sct SCO,MF,Port Vale,28,1996,23,14,"1,343",14.9,2,1,3,2,0,0,3,0,0.13,0.07,0.2,0.13,0.2,Matches
100,Neill Byrne,ie IRL,DF,Bradford City,31,1993,27,24,"2,091",23.2,2,0,2,2,0,0,6,0,0.09,0,0.09,0.09,0.09,Matches
Rk,Player,Nation,Pos,Squad,Age,Born,MP,Starts,Min,90s,Gls,Ast,G+A,G-PK,PK,PKatt,CrdY,CrdR,Gls,Ast,G+A,G-PK,G+A-PK,Matches
101,Jake Cain,eng ENG,"DF,MF",Swindon Town,22,2001,19,9,787,8.7,0,0,0,0,0,0,2,0,0,0,0,0,0,Matches
102,Kyle Cameron,sct SCO,DF,Barrow,27,1997,17,16,"1,360",15.1,1,0,1,1,0,0,1,1,0.07,0,0.07,0.07,0.07,Matches
103,Dean Campbell,sct SCO,MF,Barrow,23,2001,33,28,"2,611",29,1,0,1,1,0,0,7,0,0.03,0,0.03,0.03,0.03,Matches
104,Niall Canavan,ie IRL,DF,Barrow,33,1991,36,35,"3,151",35,0,1,1,0,0,0,3,0,0,0.03,0.03,0,0.03,Matches
105,Jacob Carney,eng ENG,GK,Newport County,23,2001,3,3,270,3,0,0,0,0,0,0,0,0,0,0,0,0,0,Matches
106,Tom Carroll,eng ENG,MF,Milton Keynes Dons,32,1992,14,3,485,5.4,0,2,2,0,0,0,0,0,0,0.37,0.37,0,0.37,Matches
107,Matthew Carson,eng ENG,DF,Grimsby Town,21,2002,9,0,142,1.6,0,0,0,0,0,0,3,0,0,0,0,0,0,Matches
108,Lewis Cass,eng ENG,DF,Grimsby Town,24,2000,26,18,"1,657",18.4,1,1,2,1,0,0,3,1,0.05,0.05,0.11,0.05,0.11,Matches
109,Charlie Caton,eng ENG,FW,Accrington Stanley,21,2002,12,4,382,4.2,0,1,1,0,0,0,0,0,0,0.24,0.24,0,0.24,Matches
110,Alfie Chang,eng ENG,MF,Walsall,21,2002,5,3,225,2.5,0,0,0,0,0,0,1,0,0,0,0,0,0,Matches
111,Ashley Charles,gd GRN,MF,Bromley,25,1999,28,25,"1,979",22,0,1,1,0,0,0,5,1,0,0.05,0.05,0,0.05,Matches
112,Taylor Charters,eng ENG,"MF,FW",Carlisle United,22,2001,6,2,199,2.2,0,0,0,0,0,0,1,0,0,0,0,0,0,Matches
113,Michael Cheek,eng ENG,FW,Bromley,36,1988,45,44,"3,786",42.1,25,7,32,16,9,10,8,0,0.59,0.17,0.76,0.38,0.55,Matches
114,Daniel Chesters,eng ENG,"MF,DF",Salford City FC,22,2002,7,5,448,5,0,1,1,0,0,0,2,0,0,0.2,0.2,0,0.2,Matches
115,Adam Chicksen,zw ZIM,MF,Notts County,32,1991,2,2,130,1.4,0,0,0,0,0,0,0,0,0,0,0,0,0,Matches
116,Ethan Chislett,eng ENG,"MF,FW",Port Vale,24,2000,25,16,"1,394",15.5,4,1,5,3,1,1,3,0,0.26,0.06,0.32,0.19,0.26,Matches
117,Madou Cisse,,FW,Notts County,,,2,1,60,0.7,0,0,0,0,0,0,0,0,0,0,0,0,0,Matches
118,Max Clark,eng ENG,"DF,MF",Gillingham,28,1996,40,39,"3,383",37.6,3,5,8,1,2,2,6,0,0.08,0.13,0.21,0.03,0.16,Matches
119,Mitchell Clark,wls WAL,MF,Port Vale,25,1999,20,16,"1,438",16,1,1,2,1,0,0,4,1,0.06,0.06,0.13,0.06,0.13,Matches
120,James Clarke,eng ENG,DF,Newport County,34,1989,24,24,"2,061",22.9,1,1,2,1,0,0,2,0,0.04,0.04,0.09,0.04,0.09,Matches
121,Jayden Clarke,eng ENG,MF,Gillingham,23,2001,33,20,"1,894",21,7,1,8,7,0,0,6,0,0.33,0.05,0.38,0.33,0.38,Matches
122,Ollie Clarke,eng ENG,"MF,DF",Swindon Town,32,1992,30,26,"2,088",23.2,4,3,7,4,0,0,12,0,0.17,0.13,0.3,0.17,0.3,Matches
123,Reyes Cleary,eng ENG,"FW,MF",Walsall,20,2004,3,0,88,1,0,0,0,0,0,0,0,0,0,0,0,0,0,Matches
124,Harry Clifton,wls WAL,MF,Doncaster Rovers,26,1998,41,27,"2,193",24.4,6,1,7,6,0,0,8,1,0.25,0.04,0.29,0.25,0.29,Matches
125,Ben Close,eng ENG,MF,Doncaster Rovers,27,1996,7,3,242,2.7,0,0,0,0,0,0,0,0,0,0,0,0,0,Matches
Rk,Player,Nation,Pos,Squad,Age,Born,MP,Starts,Min,90s,Gls,Ast,G+A,G-PK,PK,PKatt,CrdY,CrdR,Gls,Ast,G+A,G-PK,G+A-PK,Matches
126,Ryan Colclough,eng ENG,"MF,FW",Chesterfield,29,1994,36,13,"1,291",14.3,3,3,6,3,0,0,2,0,0.21,0.21,0.42,0.21,0.42,Matches
127,Ethan Coleman,eng ENG,MF,Gillingham,24,2000,21,16,"1,435",15.9,0,0,0,0,0,0,5,1,0,0,0,0,0,Matches
128,Joel Colwill,wls WAL,MF,Cheltenham Town,19,2004,22,20,"1,649",18.3,6,3,9,6,0,0,2,0,0.33,0.16,0.49,0.33,0.49,Matches
129,Brandon Comley,ms MSR,MF,Walsall,28,1995,18,5,602,6.7,0,0,0,0,0,0,1,0,0,0,0,0,0,Matches
130,Cameron Congreve,wls WAL,MF,Bromley,20,2004,40,32,"2,409",26.8,5,6,11,5,0,0,0,0,0.19,0.22,0.41,0.19,0.41,Matches
131,Séamus Conneely,ie IRL,MF,Accrington Stanley,36,1988,26,20,"1,629",18.1,1,1,2,1,0,0,4,0,0.06,0.06,0.11,0.06,0.11,Matches
132,James Connolly,wls WAL,DF,Crewe Alexandra,22,2001,21,14,"1,204",13.4,0,0,0,0,0,0,3,0,0,0,0,0,0,Matches
133,Max Conway,eng ENG,"MF,DF",Crewe Alexandra,20,2003,46,44,"3,735",41.5,2,1,3,2,0,0,5,0,0.05,0.02,0.07,0.05,0.07,Matches
134,Andy Cook,eng ENG,FW,Bradford City,33,1990,22,22,"1,848",20.5,12,0,12,12,0,0,5,0,0.58,0,0.58,0.58,0.58,Matches
135,Connor Cook,,MF,Chesterfield,,,2,0,4,0,0,0,0,0,0,0,0,0,0,0,0,0,0,Matches
136,Callum Cooke,eng ENG,MF,Morecambe,27,1997,18,11,947,10.5,1,0,1,0,1,1,1,0,0.1,0,0.1,0,0,Matches
137,Ryan Cooney,eng ENG,"MF,DF",Crewe Alexandra,24,2000,38,31,"2,711",30.1,3,5,8,1,2,3,11,1,0.1,0.17,0.27,0.03,0.2,Matches
138,Dean Cornelius,sct SCO,MF,Harrogate Town FC,23,2001,35,30,"2,578",28.6,1,0,1,1,0,0,3,0,0.03,0,0.03,0.03,0.03,Matches
139,Dominic Corness,eng ENG,MF,Gillingham,21,2003,6,4,288,3.2,0,0,0,0,0,0,1,0,0,0,0,0,0,Matches
140,Dara Costelloe,ie IRL,"FW,MF",Accrington Stanley,21,2002,17,14,"1,211",13.5,5,1,6,4,1,1,3,0,0.37,0.07,0.45,0.3,0.37,Matches
141,Joel Cotterill,wls WAL,MF,Swindon Town,19,2004,41,30,"2,629",29.2,3,2,5,3,0,0,4,0,0.1,0.07,0.17,0.1,0.17,Matches
142,Ronan Coughlan,ie IRL,FW,Fleetwood Town,28,1995,23,21,"1,598",17.8,8,2,10,6,2,2,2,0,0.45,0.11,0.56,0.34,0.45,Matches
143,Brandon Cover,jm JAM,"MF,DF",Port Vale,20,2003,19,17,"1,432",15.9,2,0,2,2,0,0,3,0,0.13,0,0.13,0.13,0.13,Matches
144,Brandon Cover,jm JAM,MF,Fleetwood Town,20,2003,8,4,318,3.5,0,0,0,0,0,0,2,0,0,0,0,0,0,Matches
145,George Cox,eng ENG,"MF,DF",Swindon Town,26,1998,26,21,"1,645",18.3,2,4,6,1,1,1,5,0,0.11,0.22,0.33,0.05,0.27,Matches
146,Liam Coyle,eng ENG,MF,Accrington Stanley,24,1999,34,26,"2,363",26.3,0,1,1,0,0,0,10,0,0,0.04,0.04,0,0.04,Matches
147,William Crellin,eng ENG,GK,Accrington Stanley,24,2000,34,34,"3,060",34,0,0,0,0,0,0,1,0,0,0,0,0,0,Matches
148,Charlie Crew,wls WAL,MF,Doncaster Rovers,18,2006,13,11,811,9,0,0,0,0,0,0,2,0,0,0,0,0,0,Matches
149,Romoney Crichlow-Noble,eng ENG,DF,Bradford City,25,1999,10,8,614,6.8,1,0,1,1,0,0,1,0,0.15,0,0.15,0.15,0.15,Matches
150,Ryan Croasdale,eng ENG,MF,Port Vale,29,1994,45,39,"3,539",39.3,4,5,9,4,0,0,9,0,0.1,0.13,0.23,0.1,0.23,Matches
Rk,Player,Nation,Pos,Squad,Age,Born,MP,Starts,Min,90s,Gls,Ast,G+A,G-PK,PK,PKatt,CrdY,CrdR,Gls,Ast,G+A,G-PK,G+A-PK,Matches
151,Daniel Crowley,eng ENG,MF,Notts County,26,1997,18,18,"1,531",17,4,6,10,4,0,0,2,0,0.24,0.35,0.59,0.24,0.59,Matches
152,Daniel Crowley,eng ENG,MF,Milton Keynes Dons,26,1997,18,18,"1,577",17.5,0,3,3,0,0,0,2,0,0,0.17,0.17,0,0.17,Matches
153,Robbie Cundy,eng ENG,"MF,DF",Notts County,27,1997,7,2,157,1.7,0,0,0,0,0,0,1,0,0,0,0,0,0,Matches
154,Jai Curran Nicholls,eng ENG,DF,Salford City FC,20,2004,1,0,29,0.3,0,0,0,0,0,0,0,0,0,0,0,0,0,Matches
155,Tom Cursons,eng ENG,FW,Harrogate Town FC,22,2001,16,6,642,7.1,2,1,3,2,0,0,2,0,0.28,0.14,0.42,0.28,0.42,Matches
156,Ronan Curtis,ie IRL,"FW,MF",Port Vale,28,1996,42,20,"2,011",22.3,5,5,10,5,0,0,4,1,0.22,0.22,0.45,0.22,0.45,Matches
157,Bradley Dack,eng ENG,"MF,FW",Gillingham,30,1993,19,5,672,7.5,1,1,2,1,0,0,3,0,0.13,0.13,0.27,0.13,0.27,Matches
158,Marcus Dackers,wls WAL,FW,Salford City FC,21,2003,3,0,59,0.7,0,0,0,0,0,0,0,0,0,0,0,0,0,Matches
159,Marcus Dackers,wls WAL,FW,Morecambe,21,2003,36,21,"2,162",24,1,3,4,1,0,0,3,0,0.04,0.12,0.17,0.04,0.17,Matches
160,Vontae Daley Campbell,eng ENG,DF,Chesterfield,23,2001,9,6,443,4.9,0,0,0,0,0,0,1,0,0,0,0,0,0,Matches
161,Andrew Dallas,sct SCO,"FW,MF",Morecambe,25,1999,17,14,"1,019",11.3,3,1,4,3,0,0,2,0,0.26,0.09,0.35,0.26,0.35,Matches
162,Andrew Dallas,sct SCO,FW,Barrow,25,1999,18,6,621,6.9,3,0,3,2,1,1,4,0,0.43,0,0.43,0.29,0.29,Matches
163,James Daly,eng ENG,"MF,FW",Harrogate Town FC,24,2000,38,32,"2,713",30.1,3,1,4,3,0,0,4,0,0.1,0.03,0.13,0.1,0.13,Matches
164,Matty Daly,eng ENG,"MF,FW",Harrogate Town FC,23,2001,15,13,"1,217",13.5,1,0,1,1,0,0,3,0,0.07,0,0.07,0.07,0.07,Matches
165,Donervon Daniels,ms MSR,DF,Walsall,30,1993,7,4,369,4.1,0,0,0,0,0,0,1,0,0,0,0,0,0,Matches
166,Geza David Turi,fo FRO,MF,Grimsby Town,22,2001,4,2,158,1.8,0,0,0,0,0,0,2,0,0,0,0,0,0,Matches
167,Archie Davies,eng ENG,"DF,MF",Carlisle United,25,1998,21,21,"1,726",19.2,1,2,3,1,0,0,7,0,0.05,0.1,0.16,0.05,0.16,Matches
168,Jordan Davies,wls WAL,MF,Grimsby Town,25,1998,18,8,731,8.1,4,1,5,3,1,1,2,0,0.49,0.12,0.62,0.37,0.49,Matches
169,Thomas Davies,wls WAL,DF,Newport County,20,2003,4,2,179,2,0,0,0,0,0,0,0,0,0,0,0,0,0,Matches
170,Tom Davies,eng ENG,DF,Tranmere Rovers,32,1992,34,31,"2,817",31.3,1,0,1,1,0,0,10,1,0.03,0,0.03,0.03,0.03,Matches
171,Josh Davison,eng ENG,FW,Tranmere Rovers,24,1999,32,13,"1,257",14,3,1,4,3,0,0,4,0,0.21,0.07,0.29,0.21,0.29,Matches
172,Joe Day,eng ENG,GK,Cheltenham Town,33,1990,35,35,"3,150",35,0,1,1,0,0,0,3,0,0,0.03,0.03,0,0.03,Matches
173,Ja­son Daði Svanþórs­son,is ISL,MF,Grimsby Town,24,1999,43,36,"2,962",32.9,4,4,8,4,0,0,7,0,0.12,0.12,0.24,0.12,0.24,Matches
174,Jesse Debrah,eng ENG,DF,Port Vale,24,2000,35,33,"2,969",33,2,0,2,2,0,0,4,0,0.06,0,0.06,0.06,0.06,Matches
175,Ryan Delaney,ie IRL,DF,Swindon Town,27,1996,21,19,"1,655",18.4,1,1,2,1,0,0,4,0,0.05,0.05,0.11,0.05,0.11,Matches
Rk,Player,Nation,Pos,Squad,Age,Born,MP,Starts,Min,90s,Gls,Ast,G+A,G-PK,PK,PKatt,CrdY,CrdR,Gls,Ast,G+A,G-PK,G+A-PK,Matches
176,Mickey Demetriou,eng ENG,DF,Crewe Alexandra,34,1990,35,35,"3,150",35,2,1,3,2,0,0,7,0,0.06,0.03,0.09,0.06,0.09,Matches
177,Kristian Dennis,eng ENG,FW,Tranmere Rovers,34,1990,37,22,"1,889",21,9,1,10,9,0,0,4,0,0.43,0.05,0.48,0.43,0.48,Matches
178,Louis Dennis,eng ENG,"FW,MF",Bromley,31,1992,17,6,669,7.4,2,0,2,2,0,0,0,0,0.27,0,0.27,0.27,0.27,Matches
179,Matthew Dennis,eng ENG,FW,Carlisle United,22,2002,14,11,966,10.7,6,1,7,6,0,0,5,1,0.56,0.09,0.65,0.56,0.65,Matches
180,Matthew Dennis,eng ENG,FW,Milton Keynes Dons,22,2002,2,0,34,0.4,0,0,0,0,0,0,0,0,0,0,0,0,0,Matches
181,Owen Devonport,eng ENG,FW,Fleetwood Town,19,2004,24,11,"1,090",12.1,1,2,3,1,0,0,1,0,0.08,0.17,0.25,0.08,0.25,Matches
182,Cheick Diabate,eng ENG,DF,Bradford City,22,2002,11,10,887,9.9,0,1,1,0,0,0,4,0,0,0.1,0.1,0,0.1,Matches
183,Timothée Dieng,fr FRA,MF,Gillingham,32,1992,13,8,635,7.1,3,1,4,3,0,0,1,0,0.43,0.14,0.57,0.43,0.57,Matches
184,Timothée Dieng,fr FRA,MF,Cheltenham Town,32,1992,15,9,838,9.3,1,0,1,1,0,0,5,1,0.11,0,0.11,0.11,0.11,Matches
185,Marcus Dinanga,eng ENG,FW,Bromley,27,1997,7,1,268,3,0,0,0,0,0,0,0,0,0,0,0,0,0,Matches
186,Baylee Dipepa,eng ENG,FW,Port Vale,17,2007,3,0,63,0.7,0,0,0,0,0,0,0,0,0,0,0,0,0,Matches
187,Armando Dobra,al ALB,MF,Chesterfield,23,2001,42,36,"3,105",34.5,9,2,11,9,0,0,8,0,0.26,0.06,0.32,0.26,0.32,Matches
188,Lennon Dobson,,MF,Morecambe,,,1,0,1,0,0,0,0,0,0,0,0,0,0,0,0,0,0,Matches
189,Janoi Donacien,lc LCA,DF,Chesterfield,30,1993,7,4,354,3.9,0,0,0,0,0,0,1,0,0,0,0,0,0,Matches
190,Aaron Donnelly,nir NIR,DF,Colchester United,21,2003,17,14,"1,288",14.3,0,0,0,0,0,0,1,0,0,0,0,0,0,Matches
191,Stephen Dooley,nir NIR,MF,Harrogate Town FC,32,1991,23,18,"1,695",18.8,1,0,1,1,0,0,0,0,0.05,0,0.05,0.05,0.05,Matches
192,Aaron Drinan,ie IRL,"FW,MF",Swindon Town,26,1998,28,16,"1,697",18.9,3,1,4,3,0,0,0,0,0.16,0.05,0.21,0.16,0.21,Matches
193,Anthony Driscoll-Glennon,eng ENG,"DF,MF",Newport County,24,1999,39,34,"3,150",35,0,8,8,0,0,0,8,0,0,0.23,0.23,0,0.23,Matches
194,Kane Drummond,eng ENG,FW,Chesterfield,23,2000,14,4,487,5.4,1,1,2,1,0,0,2,0,0.18,0.18,0.37,0.18,0.37,Matches
195,Declan Drysdale,eng ENG,DF,Tranmere Rovers,24,1999,8,7,605,6.7,0,0,0,0,0,0,5,2,0,0,0,0,0,Matches
196,Anton Dudik,ua UKR,FW,Carlisle United,19,2005,1,0,12,0.1,0,0,0,0,0,0,0,0,0,0,0,0,0,Matches
197,Dylan Duffy,ie IRL,"MF,FW",Chesterfield,21,2002,18,8,725,8.1,2,2,4,2,0,0,1,0,0.25,0.25,0.5,0.25,0.5,Matches
198,Stephen Duke-McKenna,gy GUY,MF,Harrogate Town FC,23,2000,18,12,"1,122",12.5,1,1,2,1,0,0,1,0,0.08,0.08,0.16,0.08,0.16,Matches
199,Liam Dulson,,"MF,FW",Cheltenham Town,,,29,8,885,9.8,2,2,4,2,0,0,1,0,0.2,0.2,0.41,0.2,0.41,Matches
200,Paul Dummett,wls WAL,DF,Carlisle United,32,1991,3,1,34,0.4,0,0,0,0,0,0,0,0,0,0,0,0,0,Matches
Rk,Player,Nation,Pos,Squad,Age,Born,MP,Starts,Min,90s,Gls,Ast,G+A,G-PK,PK,PKatt,CrdY,CrdR,Gls,Ast,G+A,G-PK,G+A-PK,Matches
201,Chey Dunkley,eng ENG,DF,Chesterfield,32,1992,9,9,809,9,1,0,1,1,0,0,2,1,0.11,0,0.11,0.11,0.11,Matches
202,Leonard Duru,eng ENG,"MF,DF",Barrow,19,2005,8,7,529,5.9,1,0,1,1,0,0,2,0,0.17,0,0.17,0.17,0.17,Matches
203,Jack Earing,eng ENG,MF,Walsall,25,1999,20,4,686,7.6,2,0,2,2,0,0,0,0,0.26,0,0.26,0.26,0.26,Matches
204,Jake Eastwood,eng ENG,GK,Grimsby Town,27,1996,6,6,465,5.2,0,0,0,0,0,0,0,0,0,0,0,0,0,Matches
205,Neo Eccleston,eng ENG,"DF,MF",Barrow,20,2003,17,7,872,9.7,1,2,3,1,0,0,3,0,0.1,0.21,0.31,0.1,0.31,Matches
206,Curtis Edwards,eng ENG,MF,Notts County,30,1994,16,6,580,6.4,0,1,1,0,0,0,1,0,0,0.16,0.16,0,0.16,Matches
207,Diamond Edwards,,MF,Port Vale,20,2003,1,0,12,0.1,0,0,0,0,0,0,0,0,0,0,0,0,0,Matches
208,Gwion Edwards,wls WAL,MF,Morecambe,31,1993,25,19,"1,590",17.7,3,1,4,3,0,0,3,0,0.17,0.06,0.23,0.17,0.23,Matches
209,Owura Edwards,eng ENG,MF,Colchester United,23,2001,37,30,"2,476",27.5,7,4,11,7,0,0,8,2,0.25,0.15,0.4,0.25,0.4,Matches
210,Tom Edwards,eng ENG,DF,Salford City FC,25,1999,19,10,930,10.3,0,0,0,0,0,0,3,0,0,0,0,0,0,Matches
211,Mandela Egbo,eng ENG,"DF,MF",Colchester United,26,1997,45,38,"3,416",38,1,2,3,1,0,0,9,0,0.03,0.05,0.08,0.03,0.08,Matches
212,Max Ehmer,eng ENG,DF,Gillingham,32,1992,35,33,"2,949",32.8,0,0,0,0,0,0,9,1,0,0,0,0,0,Matches
213,Deji Elerewe,eng ENG,DF,Bromley,20,2003,17,17,"1,465",16.3,1,2,3,1,0,0,3,0,0.06,0.12,0.18,0.06,0.18,Matches
214,Gunner Elliott,mt MLT,FW,Chesterfield,16,2008,1,0,7,0.1,0,0,0,0,0,0,0,0,0,0,0,0,0,Matches
215,Jack Ellis,eng ENG,"DF,MF",Carlisle United,20,2003,21,9,934,10.4,1,3,4,1,0,0,3,0,0.1,0.29,0.39,0.1,0.39,Matches
216,Elliot Embleton,eng ENG,MF,Carlisle United,25,1999,18,11,897,10,0,3,3,0,0,0,3,1,0,0.3,0.3,0,0.3,Matches
217,Josh Emmanuel,eng ENG,"DF,MF",Doncaster Rovers,26,1997,5,3,275,3.1,0,0,0,0,0,0,0,0,0,0,0,0,0,Matches
218,Ethan Ennis,eng ENG,MF,Doncaster Rovers,19,2004,15,3,404,4.5,0,2,2,0,0,0,0,0,0,0.45,0.45,0,0.45,Matches
219,Cameron Evans,wls WAL,DF,Newport County,23,2001,31,26,"2,281",25.3,4,1,5,4,0,0,8,0,0.16,0.04,0.2,0.16,0.2,Matches
220,Corry Evans,nir NIR,MF,Bradford City,34,1990,6,1,109,1.2,0,0,0,0,0,0,0,0,0,0,0,0,0,Matches
221,Kieron Evans,wls WAL,MF,Newport County,22,2001,34,21,"2,054",22.8,2,2,4,2,0,0,5,0,0.09,0.09,0.18,0.09,0.18,Matches
222,Owen Evans,wls WAL,GK,Cheltenham Town,27,1996,11,11,990,11,0,0,0,0,0,0,0,0,0,0,0,0,0,Matches
223,Adam Fairclough,eng ENG,MF,Morecambe,17,2007,5,0,75,0.8,0,0,0,0,0,0,1,0,0,0,0,0,0,Matches
224,Josh Falkingham,eng ENG,MF,Harrogate Town FC,33,1990,8,6,374,4.2,0,0,0,0,0,0,1,0,0,0,0,0,0,Matches
225,Paul Farman,eng ENG,GK,Barrow,34,1989,29,29,"2,561",28.5,0,0,0,0,0,0,3,1,0,0,0,0,0,Matches
Rk,Player,Nation,Pos,Squad,Age,Born,MP,Starts,Min,90s,Gls,Ast,G+A,G-PK,PK,PKatt,CrdY,CrdR,Gls,Ast,G+A,G-PK,G+A-PK,Matches
226,Priestley Farquharson,eng ENG,DF,Walsall,27,1997,3,3,224,2.5,0,0,0,0,0,0,1,0,0,0,0,0,0,Matches
227,Rory Feely,ie IRL,DF,Barrow,27,1997,19,16,"1,285",14.3,1,0,1,1,0,0,3,0,0.07,0,0.07,0.07,0.07,Matches
228,Sonny Finch,eng ENG,FW,Milton Keynes Dons,18,2005,6,0,142,1.6,1,0,1,1,0,0,0,0,0.63,0,0.63,0.63,0.63,Matches
229,Sam Finley,eng ENG,MF,Tranmere Rovers,31,1992,33,29,"2,591",28.8,2,1,3,2,0,0,9,1,0.07,0.03,0.1,0.07,0.1,Matches
230,Charlie Finney,eng ENG,MF,Crewe Alexandra,20,2003,10,0,141,1.6,0,0,0,0,0,0,0,0,0,0,0,0,0,Matches
231,Tom Flanagan,nir NIR,DF,Colchester United,32,1992,41,41,"3,687",41,0,0,0,0,0,0,8,0,0,0,0,0,0,Matches
232,John Fleck,sct SCO,MF,Chesterfield,32,1991,16,7,689,7.7,0,1,1,0,0,0,2,0,0,0.13,0.13,0,0.13,Matches
233,Brandon Fleming,eng ENG,DF,Doncaster Rovers,24,1999,17,12,"1,006",11.2,0,0,0,0,0,0,4,0,0,0,0,0,0,Matches
234,Isaac Fletcher,eng ENG,MF,Barrow,22,2002,11,6,529,5.9,1,2,3,1,0,0,1,0,0.17,0.34,0.51,0.17,0.51,Matches
235,Samuel Folarin,ng NGA,FW,Harrogate Town FC,23,2000,19,6,729,8.1,2,0,2,2,0,0,3,0,0.25,0,0.25,0.25,0.25,Matches
236,Sam Foley,ie IRL,"DF,MF",Barrow,37,1986,34,26,"2,260",25.1,3,0,3,3,0,0,3,0,0.12,0,0.12,0.12,0.12,Matches
237,Tyrese Fornah,sl SLE,MF,Salford City FC,24,1999,40,39,"3,494",38.8,1,4,5,1,0,0,10,2,0.03,0.1,0.13,0.03,0.13,Matches
238,Matty Foulds,eng ENG,DF,Harrogate Town FC,26,1998,15,14,"1,241",13.8,0,1,1,0,0,0,2,0,0,0.07,0.07,0,0.07,Matches
239,Ben Fox,eng ENG,MF,Harrogate Town FC,26,1998,14,13,"1,065",11.8,1,0,1,1,0,0,4,0,0.08,0,0.08,0.08,0.08,Matches
240,Owen Foye,,MF,Swindon Town,,,1,0,1,0,0,0,0,0,0,0,0,0,0,0,0,0,0,Matches
241,Osman Foyo,eng ENG,FW,AFC Wimbledon,19,2004,6,1,137,1.5,0,1,1,0,0,0,1,0,0,0.66,0.66,0,0.66,Matches
242,Miguel Freckleton,eng ENG,DF,Swindon Town,21,2002,28,25,"2,367",26.3,1,1,2,1,0,0,4,0,0.04,0.04,0.08,0.04,0.08,Matches
243,James Furlong,ie IRL,MF,AFC Wimbledon,22,2002,22,10,869,9.7,0,0,0,0,0,0,3,0,0,0,0,0,0,Matches
244,Sean Fusire,zw ZIM,MF,Carlisle United,19,2005,14,8,641,7.1,0,2,2,0,0,0,1,0,0,0.28,0.28,0,0.28,Matches
245,Sam Gale,eng ENG,DF,Gillingham,19,2004,22,22,"1,952",21.7,0,1,1,0,0,0,6,0,0,0.05,0.05,0,0.05,Matches
246,Luke Garbutt,eng ENG,"DF,MF",Salford City FC,31,1993,41,40,"3,555",39.5,3,4,7,3,0,0,9,0,0.08,0.1,0.18,0.08,0.18,Matches
247,Cameron Gardner,sct SCO,"MF,FW",Grimsby Town,18,2005,11,3,371,4.1,0,0,0,0,0,0,0,0,0,0,0,0,0,Matches
248,Gerard Garner,eng ENG,"FW,MF",Morecambe,25,1998,8,3,320,3.6,2,0,2,2,0,0,0,0,0.56,0,0.56,0.56,0.56,Matches
249,Gerard Garner,eng ENG,FW,Barrow,25,1998,16,12,949,10.5,3,0,3,3,0,0,1,0,0.28,0,0.28,0.28,0.28,Matches
250,Jake Garrett,eng ENG,MF,Tranmere Rovers,21,2003,11,6,467,5.2,1,0,1,1,0,0,2,0,0.19,0,0.19,0.19,0.19,Matches
Rk,Player,Nation,Pos,Squad,Age,Born,MP,Starts,Min,90s,Gls,Ast,G+A,G-PK,PK,PKatt,CrdY,CrdR,Gls,Ast,G+A,G-PK,G+A-PK,Matches
251,Ben Garrity,eng ENG,MF,Port Vale,27,1997,29,27,"2,382",26.5,5,3,8,5,0,0,3,0,0.19,0.11,0.3,0.19,0.3,Matches
252,Joseph Gbode,eng ENG,"FW,MF",Gillingham,19,2005,34,18,"1,791",19.9,3,0,3,3,0,0,7,1,0.15,0,0.15,0.15,0.15,Matches
253,Jordan Gibson,eng ENG,MF,Doncaster Rovers,26,1998,42,32,"2,547",28.3,6,7,13,6,0,0,2,1,0.21,0.25,0.46,0.21,0.46,Matches
254,Liam Gibson,eng ENG,DF,Harrogate Town FC,27,1997,9,6,399,4.4,0,0,0,0,0,0,2,0,0,0,0,0,0,Matches
255,Alex Gilbey,eng ENG,"MF,FW",Milton Keynes Dons,29,1994,42,42,"3,755",41.7,11,1,12,11,0,0,9,0,0.26,0.02,0.29,0.26,0.29,Matches
256,Paul Glatzel,eng ENG,"FW,MF",Swindon Town,23,2001,39,20,"1,923",21.4,3,5,8,3,0,1,2,0,0.14,0.23,0.37,0.14,0.37,Matches
257,Ben Goodliffe,eng ENG,DF,Colchester United,25,1999,11,8,649,7.2,3,0,3,3,0,0,1,0,0.42,0,0.42,0.42,0.42,Matches
258,Owen Goodman,ca CAN,GK,AFC Wimbledon,20,2003,46,46,"4,140",46,0,0,0,0,0,0,3,0,0,0,0,0,0,Matches
259,John-Kymani Gordon,eng ENG,MF,Colchester United,21,2003,41,17,"1,737",19.3,3,0,3,3,0,0,3,0,0.16,0,0.16,0.16,0.16,Matches
260,Josh Gordon,eng ENG,FW,Walsall,29,1995,8,6,374,4.2,1,0,1,1,0,0,1,0,0.24,0,0.24,0.24,0.24,Matches
261,Kellan Gordon,eng ENG,MF,Notts County,26,1997,30,18,"1,660",18.4,0,3,3,0,0,0,3,0,0,0.16,0.16,0,0.16,Matches
262,Lewis Gordon,sct SCO,DF,Chesterfield,23,2001,33,29,"2,610",29,0,4,4,0,0,0,2,0,0,0.14,0.14,0,0.14,Matches
263,Liam Gordon,gy GUY,MF,Walsall,25,1999,44,44,"3,872",43,3,1,4,3,0,0,10,0,0.07,0.02,0.09,0.07,0.09,Matches
264,Robbie Gotts,eng ENG,MF,Barrow,24,1999,41,39,"3,426",38.1,3,3,6,3,0,0,8,0,0.08,0.08,0.16,0.08,0.16,Matches
265,Conor Grant,ie IRL,"MF,FW",Notts County,23,2001,32,23,"1,895",21.1,4,3,7,4,0,0,1,0,0.19,0.14,0.33,0.19,0.33,Matches
266,Conor Grant,eng ENG,MF,Port Vale,29,1995,4,4,288,3.2,0,0,0,0,0,0,0,0,0,0,0,0,0,Matches
267,Conor Grant,eng ENG,MF,Accrington Stanley,29,1995,16,6,684,7.6,0,0,0,0,0,0,1,0,0,0,0,0,0,Matches
268,Kamarl Grant,eng ENG,DF,Bromley,21,2003,40,34,"2,962",32.9,2,2,4,2,0,0,10,1,0.06,0.06,0.12,0.06,0.12,Matches
269,Ryan Graydon,ie IRL,FW,Fleetwood Town,25,1999,34,33,"2,747",30.5,9,8,17,8,1,1,5,0,0.29,0.26,0.56,0.26,0.52,Matches
270,Oliver Greaves,eng ENG,"FW,MF",Newport County,22,2001,16,6,608,6.8,2,1,3,2,0,0,0,0,0.3,0.15,0.44,0.3,0.44,Matches
271,Kieran Green,eng ENG,MF,Grimsby Town,27,1997,39,36,"2,936",32.6,7,7,14,7,0,0,10,1,0.21,0.21,0.43,0.21,0.43,Matches
272,Will Grigg,nir NIR,FW,Chesterfield,33,1991,30,21,"1,756",19.5,12,2,14,12,0,0,4,0,0.62,0.1,0.72,0.62,0.72,Matches
273,Jamie Grimes,eng ENG,DF,Chesterfield,33,1990,35,24,"2,446",27.2,3,0,3,3,0,0,4,0,0.11,0,0.11,0.11,0.11,Matches
274,Callum Guy,eng ENG,MF,Carlisle United,27,1996,20,12,"1,016",11.3,0,0,0,0,0,0,1,0,0,0,0,0,0,Matches
275,Antwoine Hackford,eng ENG,"FW,MF",Port Vale,20,2004,24,11,922,10.2,4,1,5,4,0,0,1,0,0.39,0.1,0.49,0.39,0.49,Matches
Rk,Player,Nation,Pos,Squad,Age,Born,MP,Starts,Min,90s,Gls,Ast,G+A,G-PK,PK,PKatt,CrdY,CrdR,Gls,Ast,G+A,G-PK,G+A-PK,Matches
276,Charlie Hall,,MF,Accrington Stanley,,,1,0,2,0,0,0,0,0,0,0,0,0,0,0,0,0,0,Matches
277,Connor Hall,eng ENG,DF,Port Vale,31,1993,44,44,"3,956",44,0,0,0,0,0,0,4,0,0,0,0,0,0,Matches
278,George Hall,eng ENG,"MF,FW",Walsall,20,2004,14,7,653,7.3,2,2,4,2,0,0,0,0,0.28,0.28,0.55,0.28,0.55,Matches
279,Grant Hall,eng ENG,DF,Swindon Town,32,1991,14,11,788,8.8,0,0,0,0,0,0,1,1,0,0,0,0,0,Matches
280,Brad Halliday,eng ENG,"MF,DF",Bradford City,29,1995,43,39,"3,469",38.5,2,3,5,2,0,0,9,0,0.05,0.08,0.13,0.05,0.13,Matches
281,Riley Harbottle,eng ENG,DF,AFC Wimbledon,23,2000,25,23,"1,935",21.5,0,1,1,0,0,0,6,0,0,0.05,0.05,0,0.05,Matches
282,Cameron Harper,sct SCO,"MF,DF",Carlisle United,22,2001,36,30,"2,740",30.4,0,3,3,0,0,0,5,0,0,0.1,0.1,0,0.1,Matches
283,Rekeem Harper,eng ENG,MF,Port Vale,24,2000,18,12,941,10.5,1,0,1,1,0,0,4,1,0.1,0,0.1,0.1,0.1,Matches
284,Kayden Harrack,gd GRN,MF,Morecambe,20,2003,8,4,365,4.1,0,0,0,0,0,0,3,1,0,0,0,0,0,Matches
285,Kian Harratt,eng ENG,FW,Fleetwood Town,22,2002,20,2,613,6.8,1,2,3,1,0,0,1,0,0.15,0.29,0.44,0.15,0.44,Matches
286,David Harrington,wls WAL,GK,Fleetwood Town,24,2000,20,20,"1,783",19.8,0,0,0,0,0,0,2,0,0,0,0,0,0,Matches
287,Kadeem Harris,eng ENG,MF,Carlisle United,31,1993,30,26,"2,328",25.9,3,2,5,3,0,1,2,0,0.12,0.08,0.19,0.12,0.19,Matches
288,Ellis Harrison,wls WAL,FW,Walsall,30,1994,12,9,635,7.1,3,1,4,3,0,0,1,0,0.43,0.14,0.57,0.43,0.57,Matches
289,Ellis Harrison,wls WAL,"FW,MF",Milton Keynes Dons,30,1994,19,3,518,5.8,2,1,3,2,0,0,2,1,0.35,0.17,0.52,0.35,0.52,Matches
290,Sam Hart,eng ENG,"MF,DF",Port Vale,27,1996,22,12,"1,121",12.5,1,0,1,1,0,0,3,0,0.08,0,0.08,0.08,0.08,Matches
291,Sonny Hartman,eng ENG,DF,Swindon Town,18,2006,1,0,1,0,0,0,0,0,0,0,0,0,0,0,0,0,0,Matches
292,Josh Hawkes,eng ENG,"MF,FW",Tranmere Rovers,25,1999,23,11,924,10.3,2,5,7,1,1,2,1,0,0.19,0.49,0.68,0.1,0.58,Matches
293,Oliver Hawkins,eng ENG,"FW,DF",Gillingham,32,1992,25,9,865,9.6,0,0,0,0,0,0,1,0,0,0,0,0,0,Matches
294,Ashley Hay,eng ENG,"FW,MF",Cheltenham Town,21,2003,21,10,996,11.1,3,1,4,3,0,0,0,0,0.27,0.09,0.36,0.27,0.36,Matches
295,Aaron Hayden,eng ENG,DF,Carlisle United,27,1997,24,23,"1,972",21.9,3,1,4,3,0,0,10,0,0.14,0.05,0.18,0.14,0.18,Matches
296,Ryan Haynes,eng ENG,"DF,MF",Cheltenham Town,28,1995,13,11,776,8.6,0,1,1,0,0,1,3,0,0,0.12,0.12,0,0.12,Matches
297,Jaheim Headley,eng ENG,MF,Port Vale,22,2001,8,7,641,7.1,3,2,5,3,0,0,0,0,0.42,0.28,0.7,0.42,0.7,Matches
298,Mark Helm,eng ENG,"MF,FW",Fleetwood Town,22,2001,44,32,"2,731",30.3,7,0,7,7,0,0,5,0,0.23,0,0.23,0.23,0.23,Matches
299,Kane Hemmings,eng ENG,FW,Crewe Alexandra,32,1992,20,14,"1,253",13.9,4,0,4,2,2,2,1,0,0.29,0,0.29,0.14,0.14,Matches
300,Alex Henderson,eng ENG,MF,Accrington Stanley,19,2004,28,10,942,10.5,1,1,2,1,0,0,3,0,0.1,0.1,0.19,0.1,0.19,Matches
Rk,Player,Nation,Pos,Squad,Age,Born,MP,Starts,Min,90s,Gls,Ast,G+A,G-PK,PK,PKatt,CrdY,CrdR,Gls,Ast,G+A,G-PK,G+A-PK,Matches
301,Luke Hendrie,eng ENG,"DF,MF",Morecambe,29,1994,34,34,"2,886",32.1,0,4,4,0,0,0,7,1,0,0.12,0.12,0,0.12,Matches
302,Callum Hendry,sct SCO,"FW,MF",Milton Keynes Dons,26,1997,29,15,"1,411",15.7,3,2,5,3,0,0,7,1,0.19,0.13,0.32,0.19,0.32,Matches
303,Regan Hendry,sct SCO,MF,Tranmere Rovers,26,1998,26,20,"1,801",20,3,4,7,3,0,0,7,1,0.15,0.2,0.35,0.15,0.35,Matches
304,Ben Heneghan,eng ENG,DF,Port Vale,30,1993,25,18,"1,736",19.3,0,0,0,0,0,0,4,0,0,0,0,0,0,Matches
305,Thomas Hill,wls WAL,MF,Harrogate Town FC,21,2002,6,2,254,2.8,0,0,0,0,0,0,2,0,0,0,0,0,0,Matches
306,Jack Hinchy,eng ENG,MF,Notts County,21,2003,25,12,984,10.9,1,1,2,1,0,0,3,0,0.09,0.09,0.18,0.09,0.18,Matches
307,Myles Hippolyte,gd GRN,MF,AFC Wimbledon,29,1994,19,12,"1,153",12.8,2,0,2,2,0,0,2,0,0.16,0,0.16,0.16,0.16,Matches
308,Bailey Hobson,eng ENG,MF,Chesterfield,21,2002,11,4,409,4.5,0,0,0,0,0,0,0,0,0,0,0,0,0,Matches
309,Scott Hogan,ie IRL,FW,Milton Keynes Dons,32,1992,33,25,"2,223",24.7,8,1,9,8,0,0,1,0,0.32,0.04,0.36,0.32,0.36,Matches
310,Harrison Holgate,eng ENG,DF,Fleetwood Town,23,2000,5,5,450,5,0,0,0,0,0,0,1,0,0,0,0,0,0,Matches
311,Matúš Holíček,sk SVK,MF,Crewe Alexandra,19,2005,38,31,"2,643",29.4,1,5,6,1,0,0,7,0,0.03,0.17,0.2,0.03,0.2,Matches
312,Taite Holtam,eng ENG,GK,Gillingham,19,2005,2,2,180,2,0,0,0,0,0,0,0,0,0,0,0,0,0,Matches
313,Hallam Hope,bb BRB,"FW,MF",Morecambe,30,1994,29,14,"1,412",15.7,2,1,3,2,0,0,3,0,0.13,0.06,0.19,0.13,0.19,Matches
314,Tom Hopper,eng ENG,"FW,MF",Colchester United,30,1993,16,9,770,8.6,0,0,0,0,0,0,0,0,0,0,0,0,0,Matches
315,Sam Hornby,eng ENG,GK,Walsall,29,1995,6,6,540,6,0,0,0,0,0,0,0,0,0,0,0,0,0,Matches
316,Branden Horton,eng ENG,DF,Chesterfield,23,2000,7,2,227,2.5,0,0,0,0,0,0,1,0,0,0,0,0,0,Matches
317,Kyle Hudlin,eng ENG,FW,Newport County,24,2000,27,16,"1,444",16,6,1,7,6,0,1,5,0,0.37,0.06,0.44,0.37,0.44,Matches
318,Kayden Hughes,eng ENG,DF,Fleetwood Town,18,2005,8,7,606,6.7,2,0,2,2,0,0,1,0,0.3,0,0.3,0.3,0.3,Matches
319,Joe Hugill,eng ENG,FW,Carlisle United,20,2003,17,9,855,9.5,2,0,2,2,0,0,3,0,0.21,0,0.21,0.21,0.21,Matches
320,Liam Humbles,eng ENG,MF,Salford City FC,20,2003,1,1,90,1,0,0,0,0,0,0,0,0,0,0,0,0,0,Matches
321,Denver Hume,eng ENG,"DF,MF",Grimsby Town,27,1996,45,43,"3,746",41.6,0,12,12,0,0,0,9,0,0,0.29,0.29,0,0.29,Matches
322,Mackenzie Hunt,ae UAE,"MF,DF",Fleetwood Town,22,2001,39,29,"2,496",27.7,1,8,9,1,0,0,3,0,0.04,0.29,0.32,0.04,0.32,Matches
323,Rob Hunt,eng ENG,DF,Colchester United,29,1995,22,16,"1,277",14.2,0,0,0,0,0,0,5,0,0,0,0,0,0,Matches
324,Ashley Hunter,eng ENG,"MF,FW",Accrington Stanley,28,1995,21,9,961,10.7,0,1,1,0,0,0,6,0,0,0.09,0.09,0,0.09,Matches
325,Paul Huntington,eng ENG,DF,Bradford City,36,1987,19,9,907,10.1,0,0,0,0,0,0,2,0,0,0,0,0,0,Matches
Rk,Player,Nation,Pos,Squad,Age,Born,MP,Starts,Min,90s,Gls,Ast,G+A,G-PK,PK,PKatt,CrdY,CrdR,Gls,Ast,G+A,G-PK,G+A-PK,Matches
326,Kyle Hurst,eng ENG,"MF,FW",Doncaster Rovers,22,2002,21,9,899,10,3,2,5,3,0,0,3,0,0.3,0.2,0.5,0.3,0.5,Matches
327,Sam Hutchinson,eng ENG,"DF,MF",AFC Wimbledon,34,1989,18,13,"1,145",12.7,1,0,1,1,0,0,7,0,0.08,0,0.08,0.08,0.08,Matches
328,Remeao Hutton,eng ENG,"DF,MF",Gillingham,25,1998,44,40,"3,664",40.7,1,2,3,1,0,0,10,0,0.02,0.05,0.07,0.02,0.07,Matches
329,Ellis Iandolo,eng ENG,DF,Colchester United,26,1997,44,44,"3,948",43.9,1,3,4,1,0,0,14,1,0.02,0.07,0.09,0.02,0.09,Matches
330,Marcus Ifill,eng ENG,MF,Bromley,20,2003,6,0,104,1.2,0,0,0,0,0,0,0,0,0,0,0,0,0,Matches
331,Bradley Ihionvien,eng ENG,MF,Colchester United,20,2003,2,1,78,0.9,0,0,0,0,0,0,0,0,0,0,0,0,0,Matches
332,Brooklyn Ilunga,eng ENG,MF,Bromley,20,2003,17,4,590,6.6,0,2,2,0,0,0,0,0,0,0.31,0.31,0,0.31,Matches
333,Brooklyn Ilunga,eng ENG,FW,Milton Keynes Dons,20,2003,3,0,68,0.8,0,0,0,0,0,0,0,0,0,0,0,0,0,Matches
334,Danny Imray,eng ENG,MF,Bromley,21,2003,39,37,"3,195",35.5,1,5,6,1,0,0,6,0,0.03,0.14,0.17,0.03,0.17,Matches
335,Joe Ironside,eng ENG,FW,Doncaster Rovers,30,1993,39,17,"1,860",20.7,4,1,5,3,1,1,0,0,0.19,0.05,0.24,0.15,0.19,Matches
336,Ben Jackson,eng ENG,"DF,MF",Barrow,23,2001,45,43,"3,857",42.9,1,10,11,1,0,0,4,0,0.02,0.23,0.26,0.02,0.26,Matches
337,Michael Jacobs,eng ENG,MF,Chesterfield,32,1991,17,2,412,4.6,1,0,1,1,0,0,0,0,0.22,0,0.22,0.22,0.22,Matches
338,Kyle Jameson,eng ENG,DF,Newport County,25,1998,24,15,"1,406",15.6,0,0,0,0,0,0,7,3,0,0,0,0,0,Matches
339,William Jarvis,eng ENG,MF,Notts County,21,2002,21,7,826,9.2,2,0,2,2,0,0,1,0,0.22,0,0.22,0.22,0.22,Matches
340,Alassana Jatta,gm GAM,FW,Notts County,25,1999,39,38,"3,334",37,19,4,23,19,0,0,3,0,0.51,0.11,0.62,0.51,0.62,Matches
341,Jamie Jellis,eng ENG,MF,Walsall,23,2001,43,39,"3,321",36.9,5,2,7,5,0,0,11,0,0.14,0.05,0.19,0.14,0.19,Matches
342,Carl Jenkinson,eng ENG,DF,Bromley,32,1992,11,9,693,7.7,0,0,0,0,0,0,3,1,0,0,0,0,0,Matches
343,Connor Jennings,eng ENG,"MF,FW",Tranmere Rovers,32,1991,44,32,"2,999",33.3,4,3,7,4,0,0,3,0,0.12,0.09,0.21,0.12,0.21,Matches
344,Luke Jephcott,wls WAL,FW,Newport County,24,2000,12,2,367,4.1,0,2,2,0,0,0,1,0,0,0.49,0.49,0,0.49,Matches
345,Liam Jessop,gi GIB,DF,Chesterfield,18,2005,2,1,41,0.5,0,0,0,0,0,0,1,0,0,0,0,0,0,Matches
346,Callum Johnson,eng ENG,"DF,MF",Bradford City,27,1996,11,3,361,4,0,0,0,0,0,0,0,0,0,0,0,0,0,Matches
347,Danny Johnson,eng ENG,FW,Walsall,31,1993,24,1,353,3.9,5,0,5,5,0,1,0,0,1.27,0,1.27,1.27,1.27,Matches
348,Ryan Johnson,nir NIR,DF,AFC Wimbledon,27,1996,40,38,"3,276",36.4,0,1,1,0,0,0,7,0,0,0.03,0.03,0,0.03,Matches
349,Will Johnson,,DF,Fleetwood Town,,,2,1,102,1.1,0,0,0,0,0,0,0,0,0,0,0,0,0,Matches
350,Zac Johnson,eng ENG,DF,Notts County,20,2004,10,5,467,5.2,0,0,0,0,0,0,0,0,0,0,0,0,0,Matches
Rk,Player,Nation,Pos,Squad,Age,Born,MP,Starts,Min,90s,Gls,Ast,G+A,G-PK,PK,PKatt,CrdY,CrdR,Gls,Ast,G+A,G-PK,G+A-PK,Matches
351,Carl Johnston,nir NIR,MF,Fleetwood Town,22,2002,19,19,"1,634",18.2,1,1,2,1,0,0,2,0,0.06,0.06,0.11,0.06,0.11,Matches
352,Max Jolliffe,eng ENG,MF,Colchester United,18,2005,2,0,4,0,0,0,0,0,0,0,0,0,0,0,0,0,0,Matches
353,Callum Jones,wls WAL,MF,Morecambe,23,2001,34,31,"2,689",29.9,1,2,3,0,1,1,2,0,0.03,0.07,0.1,0,0.07,Matches
354,Jamie Jones,eng ENG,GK,Salford City FC,35,1989,26,26,"2,340",26,0,0,0,0,0,0,1,0,0,0,0,0,0,Matches
355,Jodi Jones,mt MLT,MF,Notts County,26,1997,20,13,"1,168",13,5,2,7,2,3,3,2,0,0.39,0.15,0.54,0.15,0.31,Matches
356,Jordan Jones,nir NIR,"MF,FW",Carlisle United,29,1994,21,17,"1,456",16.2,0,0,0,0,0,0,8,1,0,0,0,0,0,Matches
357,Mike Jones,eng ENG,MF,Chesterfield,36,1987,2,0,18,0.2,0,0,0,0,0,0,0,0,0,0,0,0,0,Matches
358,Arkell Jude-Boyd,lc LCA,"DF,MF",Cheltenham Town,21,2003,34,29,"2,621",29.1,3,3,6,3,0,0,8,0,0.1,0.1,0.21,0.1,0.21,Matches
359,Nicke Kabamba,eng ENG,FW,Bromley,31,1993,19,3,444,4.9,2,0,2,2,0,0,1,0,0.41,0,0.41,0.41,0.41,Matches
360,Maldini Kacurri,al ALB,DF,Bromley,18,2005,3,1,124,1.4,0,0,0,0,0,0,0,0,0,0,0,0,0,Matches
361,Saul Kader,eng ENG,FW,Bromley,20,2004,1,0,8,0.1,0,0,0,0,0,0,1,0,0,0,0,0,0,Matches
362,Bobby Kamwa,cm CMR,"FW,MF",Newport County,24,2000,43,41,"3,474",38.6,8,6,14,8,0,0,4,0,0.21,0.16,0.36,0.21,0.36,Matches
363,Hamzad Kargbo,eng ENG,FW,Newport County,22,2002,2,0,21,0.2,0,0,0,0,0,0,0,0,0,0,0,0,0,Matches
364,Calum Kavanagh,ie IRL,"FW,MF",Bradford City,20,2003,38,31,"2,484",27.6,9,5,14,9,0,0,5,0,0.33,0.18,0.51,0.33,0.51,Matches
365,Fiacre Kelleher,ie IRL,DF,Colchester United,28,1996,28,24,"2,102",23.4,2,1,3,2,0,0,2,0,0.09,0.04,0.13,0.09,0.13,Matches
366,Ciaran Kelly,ie IRL,DF,Bradford City,26,1998,21,16,"1,468",16.3,1,0,1,1,0,0,1,0,0.06,0,0.06,0.06,0.06,Matches
367,Georgie Kelly,ie IRL,FW,Carlisle United,27,1996,18,7,748,8.3,5,1,6,5,0,0,3,0,0.6,0.12,0.72,0.6,0.72,Matches
368,Josh Kelly,eng ENG,"MF,FW",AFC Wimbledon,25,1998,40,16,"1,559",17.3,2,4,6,2,0,0,7,0,0.12,0.23,0.35,0.12,0.35,Matches
369,Liam Kelly,ie IRL,MF,Milton Keynes Dons,28,1995,37,31,"2,558",28.4,1,3,4,1,0,0,1,0,0.04,0.11,0.14,0.04,0.14,Matches
370,Michael Kelly,ie IRL,GK,Accrington Stanley,28,1996,12,12,"1,080",12,0,0,0,0,0,0,1,0,0,0,0,0,0,Matches
371,Patrick Kelly,nir NIR,MF,Doncaster Rovers,19,2004,30,15,"1,414",15.7,2,0,2,2,0,0,2,1,0.13,0,0.13,0.13,0.13,Matches
372,Saidou Khan,gm GAM,MF,Tranmere Rovers,28,1995,10,6,601,6.7,0,0,0,0,0,0,3,0,0,0,0,0,0,Matches
373,Brandon Khela,eng ENG,MF,Bradford City,19,2005,15,11,920,10.2,0,2,2,0,0,0,2,0,0,0.2,0.2,0,0.2,Matches
374,Evan Khouri,eng ENG,MF,Grimsby Town,21,2003,46,41,"3,662",40.7,3,3,6,3,0,0,8,0,0.07,0.07,0.15,0.07,0.15,Matches
375,Nelson Khumbeni,eng ENG,MF,Gillingham,21,2002,10,4,341,3.8,0,0,0,0,0,0,1,0,0,0,0,0,0,Matches
Rk,Player,Nation,Pos,Squad,Age,Born,MP,Starts,Min,90s,Gls,Ast,G+A,G-PK,PK,PKatt,CrdY,CrdR,Gls,Ast,G+A,G-PK,G+A-PK,Matches
376,Nelson Khumbeni,eng ENG,MF,Accrington Stanley,21,2002,18,13,"1,304",14.5,1,0,1,1,0,0,4,0,0.07,0,0.07,0.07,0.07,Matches
377,Gavin Kilkenny,ie IRL,MF,Swindon Town,24,2000,42,39,"3,313",36.8,1,1,2,1,0,0,4,0,0.03,0.03,0.05,0.03,0.05,Matches
378,Jeff King,eng ENG,"MF,DF",Swindon Town,28,1995,8,8,621,6.9,0,0,0,0,0,0,2,0,0,0,0,0,0,Matches
379,Tom King,,MF,Cheltenham Town,,,4,0,49,0.5,0,0,0,0,0,0,0,0,0,0,0,0,0,Matches
380,Liam Kinsella,ie IRL,MF,Cheltenham Town,28,1996,37,33,"2,889",32.1,0,1,1,0,0,0,3,0,0,0.03,0.03,0,0.03,Matches
381,Charlie Kirk,eng ENG,MF,Barrow,26,1997,7,3,316,3.5,0,0,0,0,0,0,2,0,0,0,0,0,0,Matches
382,Billy Kirkman,eng ENG,"MF,DF",Swindon Town,20,2004,14,11,934,10.4,0,0,0,0,0,0,0,0,0,0,0,0,0,Matches
383,Jamie Knight-Lebel,ca CAN,DF,Crewe Alexandra,19,2004,33,29,"2,505",27.8,3,0,3,3,0,0,7,1,0.11,0,0.11,0.11,0.11,Matches
384,Jimmy Knowles,eng ENG,"MF,FW",Accrington Stanley,23,2001,16,9,721,8,2,1,3,2,0,0,1,0,0.25,0.12,0.37,0.25,0.37,Matches
385,Kylian Kouassi,eng ENG,FW,Salford City FC,21,2003,27,16,"1,713",19,3,2,5,3,0,0,6,1,0.16,0.11,0.26,0.16,0.26,Matches
386,Katia Kouyate,eng ENG,MF,Barrow,20,2003,21,8,788,8.8,0,3,3,0,0,0,4,0,0,0.34,0.34,0,0.34,Matches
387,Levi Laing,eng ENG,DF,Cheltenham Town,21,2003,6,3,287,3.2,0,0,0,0,0,0,0,0,0,0,0,0,0,Matches
388,Charlie Lakin,eng ENG,MF,Walsall,25,1999,36,30,"2,313",25.7,2,1,3,2,0,0,2,0,0.08,0.04,0.12,0.08,0.12,Matches
389,Mikey Lane,,MF,Fleetwood Town,,,1,0,8,0.1,0,0,0,0,0,0,0,0,0,0,0,0,0,Matches
390,Jack Lankester,eng ENG,"MF,FW",Crewe Alexandra,24,2000,23,16,"1,381",15.3,7,6,13,6,1,1,5,0,0.46,0.39,0.85,0.39,0.78,Matches
391,George Lapslie,eng ENG,MF,Bradford City,26,1997,13,7,571,6.3,4,1,5,4,0,0,2,0,0.63,0.16,0.79,0.63,0.79,Matches
392,George Lapslie,eng ENG,MF,Gillingham,26,1997,15,8,741,8.2,2,0,2,2,0,0,3,0,0.24,0,0.24,0.24,0.24,Matches
393,Sam Lavelle,sct SCO,DF,Carlisle United,27,1996,37,35,"3,137",34.9,4,1,5,4,0,0,7,0,0.11,0.03,0.14,0.11,0.14,Matches
394,Nico Lawrence,eng ENG,DF,Milton Keynes Dons,20,2003,22,22,"1,955",21.7,0,0,0,0,0,0,2,0,0,0,0,0,0,Matches
395,Lewis Leigh,eng ENG,MF,Bromley,20,2003,17,3,539,6,1,2,3,1,0,0,1,1,0.17,0.33,0.5,0.17,0.5,Matches
396,Tommy Leigh,eng ENG,"MF,FW",Bradford City,24,2000,16,6,661,7.3,0,0,0,0,0,0,1,0,0,0,0,0,0,Matches
397,Tommy Leigh,eng ENG,"FW,MF",Milton Keynes Dons,24,2000,12,7,539,6,1,4,5,1,0,0,1,0,0.17,0.67,0.83,0.17,0.83,Matches
398,Jonathan Leko,eng ENG,"MF,FW",Milton Keynes Dons,25,1999,9,2,254,2.8,0,0,0,0,0,0,1,0,0,0,0,0,0,Matches
399,Connor Lemonheigh-Evans,wls WAL,"MF,DF",Milton Keynes Dons,27,1997,34,29,"2,598",28.9,2,0,2,2,0,0,6,0,0.07,0,0.07,0.07,0.07,Matches
400,Dean Lewington,eng ENG,DF,Milton Keynes Dons,40,1984,6,2,210,2.3,0,0,0,0,0,0,1,0,0,0,0,0,0,Matches
Rk,Player,Nation,Pos,Squad,Age,Born,MP,Starts,Min,90s,Gls,Ast,G+A,G-PK,PK,PKatt,CrdY,CrdR,Gls,Ast,G+A,G-PK,G+A-PK,Matches
401,Adam Lewis,eng ENG,"MF,DF",Morecambe,24,1999,44,31,"2,776",30.8,1,6,7,1,0,0,6,0,0.03,0.19,0.23,0.03,0.23,Matches
402,Harry Lewis,eng ENG,GK,Carlisle United,26,1997,14,14,"1,260",14,0,0,0,0,0,0,0,0,0,0,0,0,0,Matches
403,Joe Lewis,wls WAL,DF,AFC Wimbledon,24,1999,36,35,"3,081",34.2,1,1,2,1,0,0,12,0,0.03,0.03,0.06,0.03,0.06,Matches
404,Paul Lewis,eng ENG,MF,Morecambe,29,1994,29,17,"1,581",17.6,0,0,0,0,0,0,7,0,0,0,0,0,0,Matches
405,Kyreece Lisbie,jm JAM,MF,Colchester United,20,2003,4,1,152,1.7,0,0,0,0,0,0,1,0,0,0,0,0,0,Matches
406,Armani Little,eng ENG,MF,Gillingham,27,1997,33,30,"2,713",30.1,2,2,4,2,0,0,11,0,0.07,0.07,0.13,0.07,0.13,Matches
407,Tommy Lonergan,ie IRL,FW,Fleetwood Town,20,2004,6,2,163,1.8,0,0,0,0,0,0,0,0,0,0,0,0,0,Matches
408,Chris Long,eng ENG,"FW,MF",Crewe Alexandra,29,1995,25,8,939,10.4,6,0,6,6,0,0,1,1,0.58,0,0.58,0.58,0.58,Matches
409,Sam Long,eng ENG,GK,Bromley,21,2002,1,1,90,1,0,0,0,0,0,0,0,0,0,0,0,0,0,Matches
410,Rosaire Longelo-Mbule,eng ENG,"DF,MF",Swindon Town,24,1999,16,6,701,7.8,1,0,1,1,0,0,3,0,0.13,0,0.13,0.13,0.13,Matches
411,Rosaire Longelo-Mbule,eng ENG,"MF,FW",Salford City FC,24,1999,16,8,784,8.7,0,0,0,0,0,0,1,0,0,0,0,0,0,Matches
412,Donald Love,sct SCO,"MF,DF",Accrington Stanley,29,1994,41,39,"3,515",39.1,1,5,6,1,0,0,14,0,0.03,0.13,0.15,0.03,0.15,Matches
413,Jason Lowe,eng ENG,MF,Port Vale,32,1991,11,3,252,2.8,0,0,0,0,0,0,1,0,0,0,0,0,0,Matches
414,Nathan Lowe,eng ENG,FW,Walsall,18,2005,22,20,"1,822",20.2,15,5,20,15,0,0,0,0,0.74,0.25,0.99,0.74,0.99,Matches
415,Tom Lowery,eng ENG,MF,Crewe Alexandra,26,1997,17,15,"1,278",14.2,2,1,3,1,1,1,2,1,0.14,0.07,0.21,0.07,0.14,Matches
416,Junior Luamba,eng ENG,MF,Salford City FC,21,2003,10,3,310,3.4,1,0,1,1,0,0,0,0,0.29,0,0.29,0.29,0.29,Matches
417,Jayden Luker,eng ENG,"MF,FW",Grimsby Town,19,2005,22,15,"1,398",15.5,3,2,5,3,0,0,2,0,0.19,0.13,0.32,0.19,0.32,Matches
418,Matty Lund,nir NIR,MF,Salford City FC,33,1990,37,14,"1,585",17.6,4,2,6,4,0,0,9,0,0.23,0.11,0.34,0.23,0.34,Matches
419,Owen Lunt,eng ENG,MF,Crewe Alexandra,19,2004,17,5,567,6.3,0,0,0,0,0,0,0,1,0,0,0,0,0,Matches
420,Jay Lynch,eng ENG,GK,Fleetwood Town,31,1993,27,26,"2,357",26.2,0,1,1,0,0,0,2,0,0,0.04,0.04,0,0.04,Matches
421,Harvey Macadam,eng ENG,MF,Morecambe,23,2001,29,22,"1,960",21.8,1,0,1,1,0,0,2,0,0.05,0,0.05,0.05,0.05,Matches
422,Lewis Macari,eng ENG,DF,Notts County,22,2002,31,26,"2,414",26.8,0,1,1,0,0,0,5,0,0,0.04,0.04,0,0.04,Matches
423,Matt Macey,eng ENG,GK,Colchester United,29,1994,46,46,"4,140",46,0,0,0,0,0,0,3,0,0,0,0,0,0,Matches
424,Craig MacGillivray,sct SCO,GK,Milton Keynes Dons,31,1993,8,8,720,8,0,0,0,0,0,0,0,0,0,0,0,0,0,Matches
425,Paddy Madden,ie IRL,"FW,MF",Chesterfield,34,1990,27,9,977,10.9,5,1,6,4,1,1,2,1,0.46,0.09,0.55,0.37,0.46,Matches
Rk,Player,Nation,Pos,Squad,Age,Born,MP,Starts,Min,90s,Gls,Ast,G+A,G-PK,PK,PKatt,CrdY,CrdR,Gls,Ast,G+A,G-PK,G+A-PK,Matches
426,Laurence Maguire,eng ENG,DF,Milton Keynes Dons,27,1997,30,29,"2,549",28.3,1,2,3,1,0,0,4,0,0.04,0.07,0.11,0.04,0.11,Matches
427,Ronan Maher,ie IRL,MF,Walsall,19,2004,2,0,36,0.4,0,0,0,0,0,0,0,0,0,0,0,0,0,Matches
428,Connor Mahoney,eng ENG,"MF,FW",Barrow,27,1997,29,18,"1,562",17.4,1,2,3,1,0,1,1,0,0.06,0.12,0.17,0.06,0.17,Matches
429,Kyrell Malcolm,,MF,Salford City FC,,,2,0,55,0.6,0,0,0,0,0,0,0,0,0,0,0,0,0,Matches
430,Liam Mandeville,eng ENG,"MF,DF",Chesterfield,27,1997,42,33,"3,037",33.7,4,7,11,4,0,0,5,0,0.12,0.21,0.33,0.12,0.33,Matches
431,Josh March,sct SCO,"FW,MF",Harrogate Town FC,27,1997,34,29,"2,417",26.9,9,3,12,8,1,1,5,1,0.34,0.11,0.45,0.3,0.41,Matches
432,Dilan Markanday,eng ENG,MF,Chesterfield,22,2001,22,22,"1,794",19.9,6,3,9,6,0,0,0,0,0.3,0.15,0.45,0.3,0.45,Matches
433,Filip Marschall,eng ENG,GK,Crewe Alexandra,21,2003,46,46,"4,140",46,0,0,0,0,0,0,4,0,0,0,0,0,0,Matches
434,Louie Marsh,eng ENG,FW,Fleetwood Town,20,2003,16,11,883,9.8,2,0,2,2,0,0,1,0,0.2,0,0.2,0.2,0.2,Matches
435,Dan Martin,eng ENG,MF,Accrington Stanley,22,2002,6,4,302,3.4,0,0,0,0,0,0,0,0,0,0,0,0,0,Matches
436,Josh Martin,eng ENG,MF,Notts County,22,2001,8,4,418,4.6,1,2,3,1,0,0,0,0,0.22,0.43,0.65,0.22,0.65,Matches
437,Josh Martin,eng ENG,MF,Newport County,22,2001,15,6,649,7.2,0,0,0,0,0,0,1,0,0,0,0,0,0,Matches
438,Conor Masterson,ie IRL,DF,Gillingham,25,1998,24,24,"2,067",23,1,2,3,1,0,0,2,0,0.04,0.09,0.13,0.04,0.13,Matches
439,Sam Mather,eng ENG,FW,Tranmere Rovers,19,2004,2,0,5,0.1,0,0,0,0,0,0,0,0,0,0,0,0,0,Matches
440,Jamille Matt,eng ENG,FW,Walsall,34,1989,43,38,"3,001",33.3,12,1,13,12,0,1,8,0,0.36,0.03,0.39,0.36,0.39,Matches
441,Devon Matthews,eng ENG,DF,Accrington Stanley,24,2000,20,19,"1,669",18.5,0,0,0,0,0,0,3,0,0,0,0,0,0,Matches
442,Noah Mawene,eng ENG,MF,Newport County,19,2005,14,4,486,5.4,0,0,0,0,0,0,1,0,0,0,0,0,0,Matches
443,James Maxwell,sct SCO,"DF,MF",Doncaster Rovers,22,2001,24,20,"1,576",17.5,0,1,1,0,0,0,3,0,0,0.06,0.06,0,0.06,Matches
444,Callum Maycock,eng ENG,MF,AFC Wimbledon,26,1997,27,17,"1,550",17.2,3,2,5,3,0,0,1,0,0.17,0.12,0.29,0.17,0.29,Matches
445,Adam Mayor,eng ENG,"DF,MF",Bromley,19,2005,17,15,"1,231",13.7,0,0,0,0,0,0,5,0,0,0,0,0,0,Matches
446,Danny Mayor,eng ENG,MF,Fleetwood Town,33,1990,39,29,"2,460",27.3,2,2,4,2,0,0,6,0,0.07,0.07,0.15,0.07,0.15,Matches
447,Conor McAleny,eng ENG,"MF,FW",Salford City FC,31,1992,27,11,"1,008",11.2,1,2,3,1,0,0,2,0,0.09,0.18,0.27,0.09,0.27,Matches
448,Charlie McArthur,sct SCO,DF,Carlisle United,19,2005,10,8,745,8.3,0,0,0,0,0,0,4,0,0,0,0,0,0,Matches
449,Rod McDonald,eng ENG,DF,Notts County,32,1992,18,14,"1,254",13.9,0,0,0,0,0,0,4,0,0,0,0,0,0,Matches
450,Jamie McDonnell,nir NIR,MF,Colchester United,20,2004,32,29,"2,611",29,1,0,1,1,0,0,10,0,0.03,0,0.03,0.03,0.03,Matches
Rk,Player,Nation,Pos,Squad,Age,Born,MP,Starts,Min,90s,Gls,Ast,G+A,G-PK,PK,PKatt,CrdY,CrdR,Gls,Ast,G+A,G-PK,G+A-PK,Matches
451,George McEachran,eng ENG,MF,Grimsby Town,23,2000,44,40,"3,337",37.1,2,0,2,2,0,0,7,0,0.05,0,0.05,0.05,0.05,Matches
452,Oisin McEntee,ie IRL,"DF,MF",Walsall,23,2001,31,21,"2,004",22.3,0,3,3,0,0,0,9,0,0,0.13,0.13,0,0.13,Matches
453,Kyle McFadzean,sct SCO,DF,Chesterfield,37,1987,8,8,618,6.9,0,0,0,0,0,0,3,0,0,0,0,0,0,Matches
454,Luke McGee,eng ENG,GK,Tranmere Rovers,28,1995,46,46,"4,140",46,0,0,0,0,0,0,5,0,0,0,0,0,0,Matches
455,Dylan McGeouch,sct SCO,MF,Carlisle United,31,1993,6,3,237,2.6,0,1,1,0,0,0,1,0,0,0.38,0.38,0,0.38,Matches
456,Tom McGill,eng ENG,GK,Milton Keynes Dons,24,2000,25,25,"2,250",25,0,0,0,0,0,0,0,0,0,0,0,0,0,Matches
457,David McGoldrick,ie IRL,"FW,MF",Notts County,36,1987,35,28,"2,545",28.3,17,3,20,15,2,3,5,0,0.6,0.11,0.71,0.53,0.64,Matches
458,Jay McGrath,eng ENG,DF,Doncaster Rovers,21,2003,33,30,"2,742",30.5,0,3,3,0,0,0,7,1,0,0.1,0.1,0,0.1,Matches
459,Joel McGregor,,"MF,DF",Swindon Town,,,19,14,"1,178",13.1,1,1,2,1,0,0,4,0,0.08,0.08,0.15,0.08,0.15,Matches
460,Sean McGurk,eng ENG,MF,Swindon Town,21,2003,8,1,142,1.6,0,0,0,0,0,0,0,0,0,0,0,0,0,Matches
461,Cameron McJannett,eng ENG,DF,Grimsby Town,25,1998,41,38,"3,435",38.2,2,0,2,2,0,0,4,0,0.05,0,0.05,0.05,0.05,Matches
462,Robbie McKenzie,eng ENG,"MF,DF",Gillingham,25,1998,39,37,"3,252",36.1,6,1,7,6,0,0,5,0,0.17,0.03,0.19,0.17,0.19,Matches
463,Harry McKirdy,eng ENG,MF,Bromley,27,1997,9,2,291,3.2,2,0,2,2,0,0,1,0,0.62,0,0.62,0.62,0.62,Matches
464,Shane McLoughlin,ie IRL,"MF,DF",Newport County,27,1997,36,34,"2,966",33,3,2,5,1,2,2,2,0,0.09,0.06,0.15,0.03,0.09,Matches
465,Zech Medley,eng ENG,DF,Fleetwood Town,24,2000,7,4,338,3.8,1,0,1,1,0,0,2,0,0.27,0,0.27,0.27,0.27,Matches
466,Jon Mellish,eng ENG,"DF,MF",Carlisle United,26,1997,23,21,"1,877",20.9,2,2,4,2,0,0,6,1,0.1,0.1,0.19,0.1,0.19,Matches
467,Michael Mellon,sct SCO,FW,Bradford City,20,2003,15,5,614,6.8,2,2,4,2,0,0,2,0,0.29,0.29,0.59,0.29,0.59,Matches
468,Christopher Merrie,eng ENG,MF,Tranmere Rovers,25,1998,32,25,"2,238",24.9,0,1,1,0,0,0,1,0,0,0.04,0.04,0,0.04,Matches
469,Jenson Metcalfe,eng ENG,MF,Chesterfield,19,2004,28,20,"1,708",19,1,1,2,1,0,0,5,0,0.05,0.05,0.11,0.05,0.11,Matches
470,Jamie Miley,eng ENG,MF,Newport County,20,2004,6,3,310,3.4,0,0,0,0,0,0,1,0,0,0,0,0,0,Matches
471,Ross Millen,sct SCO,"MF,DF",Morecambe,29,1994,17,5,570,6.3,0,0,0,0,0,0,0,0,0,0,0,0,0,Matches
472,George Miller,eng ENG,FW,Cheltenham Town,25,1998,40,26,"2,056",22.8,9,1,10,9,0,1,1,0,0.39,0.04,0.44,0.39,0.44,Matches
473,Harrison Minturn,eng ENG,DF,Swindon Town,20,2003,8,3,417,4.6,0,1,1,0,0,0,0,0,0,0.22,0.22,0,0.22,Matches
474,Dylan Mitchell,eng ENG,MF,Swindon Town,18,2005,2,0,10,0.1,0,0,0,0,0,0,0,0,0,0,0,0,0,Matches
475,Haji Mnoga,tz TAN,"MF,DF",Salford City FC,22,2002,39,33,"2,877",32,1,4,5,1,0,0,12,0,0.03,0.13,0.16,0.03,0.16,Matches
Rk,Player,Nation,Pos,Squad,Age,Born,MP,Starts,Min,90s,Gls,Ast,G+A,G-PK,PK,PKatt,CrdY,CrdR,Gls,Ast,G+A,G-PK,G+A-PK,Matches
476,Luke Molyneux,eng ENG,MF,Doncaster Rovers,26,1998,45,44,"3,753",41.7,16,13,29,15,1,1,8,1,0.38,0.31,0.7,0.36,0.67,Matches
477,Jasper Moon,eng ENG,DF,Harrogate Town FC,23,2000,40,40,"3,600",40,3,0,3,3,0,0,5,0,0.07,0,0.07,0.07,0.07,Matches
478,Kelsey Mooney,eng ENG,FW,Accrington Stanley,25,1999,30,19,"1,707",19,4,0,4,4,0,0,1,0,0.21,0,0.21,0.21,0.21,Matches
479,Kobei Moore,eng ENG,FW,Fleetwood Town,19,2004,10,2,238,2.6,1,0,1,1,0,0,1,0,0.38,0,0.38,0.38,0.38,Matches
480,Luca Moore,,MF,Crewe Alexandra,,,1,0,1,0,0,0,0,0,0,0,0,0,0,0,0,0,0,Matches
481,Stuart Moore,eng ENG,GK,Morecambe,29,1994,15,15,"1,335",14.8,0,0,0,0,0,0,0,0,0,0,0,0,0,Matches
482,Jimmy Morgan,eng ENG,"MF,FW",Gillingham,18,2006,16,10,762,8.5,2,0,2,2,0,0,2,0,0.24,0,0.24,0.24,0.24,Matches
483,Bryn Morris,eng ENG,MF,Newport County,28,1996,19,19,"1,553",17.3,3,2,5,2,1,2,1,0,0.17,0.12,0.29,0.12,0.23,Matches
484,Bryn Morris,eng ENG,MF,Harrogate Town FC,28,1996,22,21,"1,922",21.4,0,1,1,0,0,0,4,0,0,0.05,0.05,0,0.05,Matches
485,Glenn Morris,eng ENG,GK,Gillingham,40,1983,36,35,"3,176",35.3,0,0,0,0,0,0,2,0,0,0,0,0,0,Matches
486,Kieron Morris,eng ENG,MF,Tranmere Rovers,30,1994,28,20,"1,653",18.4,1,3,4,1,0,0,2,0,0.05,0.16,0.22,0.05,0.22,Matches
487,George Morrison,sct SCO,MF,Fleetwood Town,18,2005,7,1,147,1.6,0,0,0,0,0,0,0,0,0,0,0,0,0,Matches
488,Jack Muldoon,eng ENG,"FW,MF",Harrogate Town FC,35,1989,39,28,"2,630",29.2,2,3,5,2,0,0,4,0,0.07,0.1,0.17,0.07,0.17,Matches
489,Admiral Muskwe,zw ZIM,"FW,MF",Harrogate Town FC,25,1998,1,0,33,0.4,0,0,0,0,0,0,0,0,0,0,0,0,0,Matches
490,Kelly N'Mai,nl NED,"MF,FW",Salford City FC,20,2004,32,28,"2,461",27.3,9,4,13,9,0,0,11,0,0.33,0.15,0.48,0.33,0.48,Matches
491,Tom Naylor,eng ENG,"MF,DF",Chesterfield,33,1991,40,37,"3,374",37.5,4,6,10,4,0,0,8,0,0.11,0.16,0.27,0.11,0.27,Matches
492,Harrison Neal,eng ENG,MF,Carlisle United,23,2001,21,13,"1,347",15,1,0,1,1,0,0,7,0,0.07,0,0.07,0.07,0.07,Matches
493,Harrison Neal,eng ENG,MF,Fleetwood Town,23,2001,21,14,"1,336",14.8,0,0,0,0,0,0,4,0,0,0,0,0,0,Matches
494,Stephan Negru,ie IRL,DF,Salford City FC,22,2002,30,26,"2,363",26.3,0,0,0,0,0,0,1,0,0,0,0,0,0,Matches
495,Aaron Nemane,eng ENG,MF,Milton Keynes Dons,26,1997,40,36,"2,988",33.2,0,9,9,0,0,0,7,0,0,0.27,0.27,0,0.27,Matches
496,Lucas Ness,eng ENG,"DF,MF",Notts County,22,2002,7,6,455,5.1,0,0,0,0,0,0,0,0,0,0,0,0,0,Matches
497,Josh Neufville,eng ENG,MF,AFC Wimbledon,24,2000,46,46,"4,059",45.1,4,5,9,4,0,0,5,0,0.09,0.11,0.2,0.09,0.2,Matches
498,Elliott Nevitt,eng ENG,"FW,MF",Gillingham,28,1996,36,31,"2,711",30.1,4,2,6,4,0,1,8,0,0.13,0.07,0.2,0.13,0.2,Matches
499,Elliot Newby,eng ENG,MF,Barrow,28,1995,44,35,"3,119",34.7,3,8,11,3,0,0,4,0,0.09,0.23,0.32,0.09,0.32,Matches
500,Tom Nichols,eng ENG,MF,Swindon Town,30,1993,20,16,"1,295",14.4,2,2,4,2,0,0,2,0,0.14,0.14,0.28,0.14,0.28,Matches
Rk,Player,Nation,Pos,Squad,Age,Born,MP,Starts,Min,90s,Gls,Ast,G+A,G-PK,PK,PKatt,CrdY,CrdR,Gls,Ast,G+A,G-PK,G+A-PK,Matches
501,Tom Nixon,eng ENG,DF,Doncaster Rovers,21,2002,9,2,241,2.7,0,0,0,0,0,0,0,0,0,0,0,0,0,Matches
502,Jack Nolan,eng ENG,MF,Gillingham,23,2001,31,20,"1,703",18.9,1,3,4,1,0,0,1,0,0.05,0.16,0.21,0.05,0.21,Matches
503,Manni Norkett,eng ENG,"MF,FW",Cheltenham Town,19,2004,5,2,143,1.6,1,0,1,1,0,0,0,0,0.63,0,0.63,0.63,0.63,Matches
504,Cameron Norman,eng ENG,"MF,DF",Tranmere Rovers,28,1995,41,36,"3,068",34.1,3,4,7,3,0,0,6,1,0.09,0.12,0.21,0.09,0.21,Matches
505,Luke Norris,eng ENG,FW,Tranmere Rovers,31,1993,13,8,713,7.9,1,0,1,0,1,1,4,0,0.13,0,0.13,0,0,Matches
506,Eno Nto,eng ENG,FW,Harrogate Town FC,21,2002,2,0,23,0.3,0,0,0,0,0,0,0,0,0,0,0,0,0,Matches
507,Freddie O''Donoghue,,FW,Carlisle United,,,2,0,12,0.1,0,0,0,0,0,0,0,0,0,0,0,0,0,Matches
508,Connor O'Brien,eng ENG,"MF,DF",Accrington Stanley,19,2005,25,18,"1,677",18.6,0,2,2,0,0,0,6,0,0,0.11,0.11,0,0.11,Matches
509,Joe O'Brien-Whitmarsh,ie IRL,MF,Accrington Stanley,19,2005,13,6,633,7,3,0,3,3,0,0,2,0,0.43,0,0.43,0.43,0.43,Matches
510,Anthony O'Connor,ie IRL,DF,Harrogate Town FC,31,1992,45,45,"4,050",45,1,1,2,1,0,0,4,0,0.02,0.02,0.04,0.02,0.04,Matches
511,Lee O'Connor,ie IRL,"DF,MF",Tranmere Rovers,24,2000,42,39,"3,446",38.3,0,1,1,0,0,0,8,0,0,0.03,0.03,0,0.03,Matches
512,Tommi O'Reilly,eng ENG,MF,Milton Keynes Dons,20,2003,16,3,479,5.3,1,0,1,1,0,0,4,0,0.19,0,0.19,0.19,0.19,Matches
513,Connor O'Riordan,ie IRL,DF,Crewe Alexandra,20,2003,20,19,"1,708",19,3,0,3,3,0,0,2,0,0.16,0,0.16,0.16,0.16,Matches
514,John-Joe O'Toole,ie IRL,DF,AFC Wimbledon,35,1988,7,7,584,6.5,1,1,2,1,0,0,4,1,0.15,0.15,0.31,0.15,0.31,Matches
515,Justin Obikwu,tt TRI,FW,Grimsby Town,20,2004,19,12,933,10.4,7,0,7,7,0,0,0,0,0.68,0,0.68,0.68,0.68,Matches
516,Mipo Odubeko,ie IRL,FW,Fleetwood Town,21,2002,5,0,99,1.1,0,0,0,0,0,0,1,0,0,0,0,0,0,Matches
517,Clarke Oduor,ke KEN,MF,Bradford City,25,1999,19,7,813,9,1,0,1,1,0,0,1,0,0.11,0,0.11,0.11,0.11,Matches
518,Idris Odutayo,eng ENG,"MF,DF",Bromley,21,2002,34,32,"2,794",31,1,4,5,1,0,0,3,0,0.03,0.13,0.16,0.03,0.16,Matches
519,Luke Offord,eng ENG,DF,Milton Keynes Dons,24,1999,42,42,"3,680",40.9,3,0,3,3,0,0,10,0,0.07,0,0.07,0.07,0.07,Matches
520,Nnamdi Ofoborh,ng NGA,MF,Swindon Town,24,1999,37,23,"1,966",21.8,2,1,3,2,0,0,4,0,0.09,0.05,0.14,0.09,0.14,Matches
521,Shadrach Ogie,ie IRL,DF,Gillingham,22,2001,34,26,"2,450",27.2,0,0,0,0,0,0,5,0,0,0,0,0,0,Matches
522,Isaac Ogundere,eng ENG,DF,AFC Wimbledon,21,2002,39,24,"2,460",27.3,0,0,0,0,0,0,3,0,0,0,0,0,0,Matches
523,Mazeed Ogungbo,ie IRL,DF,Barrow,21,2002,1,0,3,0,0,0,0,0,0,0,0,0,0,0,0,0,0,Matches
524,Funso Ojo,be BEL,MF,Port Vale,32,1991,1,0,4,0,0,0,0,0,0,0,0,0,0,0,0,0,0,Matches
525,David Okagbue,ie IRL,DF,Walsall,20,2004,44,41,"3,765",41.8,2,5,7,2,0,0,10,0,0.05,0.12,0.17,0.05,0.17,Matches
Rk,Player,Nation,Pos,Squad,Age,Born,MP,Starts,Min,90s,Gls,Ast,G+A,G-PK,PK,PKatt,CrdY,CrdR,Gls,Ast,G+A,G-PK,G+A-PK,Matches
526,Francis Okoronkwo,eng ENG,FW,Salford City FC,19,2004,22,11,998,11.1,3,0,3,3,0,0,1,0,0.27,0,0.27,0.27,0.27,Matches
527,Michael Olakigbe,eng ENG,"MF,FW",Chesterfield,20,2004,17,13,"1,151",12.8,2,2,4,2,0,0,2,0,0.16,0.16,0.31,0.16,0.31,Matches
528,Darren Oldaker,eng ENG,MF,Chesterfield,25,1999,32,26,"2,218",24.6,3,4,7,3,0,0,8,2,0.12,0.16,0.28,0.12,0.28,Matches
529,Vadaine Oliver,eng ENG,FW,Bradford City,32,1991,12,1,170,1.9,0,0,0,0,0,0,1,0,0,0,0,0,0,Matches
530,Olufela Olomola,eng ENG,FW,Bromley,26,1997,16,6,605,6.7,1,1,2,1,0,0,2,0,0.15,0.15,0.3,0.15,0.3,Matches
531,Tosin Olopade,ng NGA,DF,Salford City FC,19,2004,1,1,90,1,0,0,0,0,0,0,1,0,0,0,0,0,0,Matches
532,Joseph Olowu,eng ENG,DF,Doncaster Rovers,24,1999,31,27,"2,489",27.7,3,2,5,3,0,0,1,0,0.11,0.07,0.18,0.11,0.18,Matches
533,Milton Oni,eng ENG,MF,Colchester United,18,2006,1,0,6,0.1,0,0,0,0,0,0,0,0,0,0,0,0,0,Matches
534,Danilo Orsi-Dadamo,eng ENG,FW,Milton Keynes Dons,28,1996,18,10,932,10.4,3,0,3,3,0,0,1,0,0.29,0,0.29,0.29,0.29,Matches
535,Mark Oxley,eng ENG,GK,Harrogate Town FC,33,1990,2,1,140,1.6,0,0,0,0,0,0,0,0,0,0,0,0,0,Matches
536,Ash Palmer,eng ENG,DF,Chesterfield,31,1992,15,15,"1,340",14.9,2,2,4,2,0,0,0,0,0.13,0.13,0.27,0.13,0.27,Matches
537,Matt Palmer,eng ENG,MF,Notts County,29,1995,43,39,"3,561",39.6,0,4,4,0,0,0,8,0,0,0.1,0.1,0,0.1,Matches
538,Josh Passley,eng ENG,MF,Bromley,29,1994,4,1,75,0.8,0,0,0,0,0,0,0,0,0,0,0,0,0,Matches
539,Will Patching,eng ENG,MF,Carlisle United,25,1998,10,6,480,5.3,0,0,0,0,0,0,2,0,0,0,0,0,0,Matches
540,Ruari Paton,sct SCO,FW,Port Vale,23,2000,19,9,745,8.3,1,1,2,1,0,0,2,0,0.12,0.12,0.24,0.12,0.24,Matches
541,Omari Patrick,eng ENG,MF,Tranmere Rovers,28,1996,46,40,"3,382",37.6,11,4,15,10,1,1,4,0,0.29,0.11,0.4,0.27,0.37,Matches
542,Keenan Patten,wls WAL,MF,Newport County,23,2001,6,1,125,1.4,0,0,0,0,0,0,0,0,0,0,0,0,0,Matches
543,Phoenix Patterson,sct SCO,MF,Fleetwood Town,23,2000,39,22,"2,202",24.5,3,8,11,3,0,1,1,0,0.12,0.33,0.45,0.12,0.45,Matches
544,Travis Patterson,eng ENG,"MF,DF",Milton Keynes Dons,18,2005,7,4,387,4.3,0,0,0,0,0,0,3,0,0,0,0,0,0,Matches
545,Alexander Pattison,eng ENG,MF,Bradford City,26,1997,30,24,"1,898",21.1,7,3,10,7,0,0,6,1,0.33,0.14,0.47,0.33,0.47,Matches
546,Nathan Paul-Laval,,MF,Bromley,,,3,0,75,0.8,0,1,1,0,0,0,0,0,0,1.2,1.2,0,1.2,Matches
547,Jack Payne,eng ENG,MF,Colchester United,29,1994,42,39,"3,393",37.7,8,10,18,5,3,3,3,0,0.21,0.27,0.48,0.13,0.4,Matches
548,Lewis Payne,eng ENG,"DF,MF",Cheltenham Town,20,2004,16,12,"1,007",11.2,0,2,2,0,0,0,6,0,0,0.18,0.18,0,0.18,Matches
549,Aribim Pepple,ca CAN,FW,Chesterfield,21,2002,20,14,"1,152",12.8,5,1,6,5,0,0,1,0,0.39,0.08,0.47,0.39,0.47,Matches
550,Tom Pett,eng ENG,MF,Cheltenham Town,32,1991,20,5,607,6.7,0,0,0,0,0,0,1,0,0,0,0,0,0,Matches
Rk,Player,Nation,Pos,Squad,Age,Born,MP,Starts,Min,90s,Gls,Ast,G+A,G-PK,PK,PKatt,CrdY,CrdR,Gls,Ast,G+A,G-PK,G+A-PK,Matches
551,Aaron Pickles,eng ENG,DF,Accrington Stanley,19,2005,1,0,23,0.3,0,0,0,0,0,0,0,0,0,0,0,0,0,Matches
552,Joe Pigott,eng ENG,FW,AFC Wimbledon,30,1993,28,8,946,10.5,2,1,3,2,0,0,1,0,0.19,0.1,0.29,0.19,0.29,Matches
553,James Plant,eng ENG,MF,Port Vale,19,2004,1,0,1,0,0,0,0,0,0,0,0,0,0,0,0,0,0,Matches
554,Matthew Platt,eng ENG,DF,Notts County,26,1997,45,45,"4,050",45,2,0,2,2,0,0,10,0,0.04,0,0.04,0.04,0.04,Matches
555,Bobby Pointon,eng ENG,MF,Bradford City,20,2004,40,27,"2,447",27.2,6,5,11,6,0,0,5,0,0.22,0.18,0.4,0.22,0.4,Matches
556,Anjola Popoola,eng ENG,FW,Accrington Stanley,17,2007,2,0,18,0.2,0,0,0,0,0,0,0,0,0,0,0,0,0,Matches
557,Christopher Popov,wls WAL,MF,Barrow,19,2004,11,3,323,3.6,0,0,0,0,0,0,3,0,0,0,0,0,0,Matches
558,Finley Potter,eng ENG,DF,Fleetwood Town,20,2004,28,19,"1,825",20.3,0,1,1,0,0,0,7,0,0,0.05,0.05,0,0.05,Matches
559,Jack Powell,eng ENG,MF,Crewe Alexandra,30,1994,22,11,"1,020",11.3,0,1,1,0,0,0,2,0,0,0.09,0.09,0,0.09,Matches
560,Darragh Power,ie IRL,"DF,MF",Cheltenham Town,23,2000,12,5,514,5.7,0,0,0,0,0,0,0,0,0,0,0,0,0,Matches
561,Aaron Pressley,sct SCO,FW,Barrow,23,2001,21,15,"1,255",13.9,4,1,5,4,0,1,1,0,0.29,0.07,0.36,0.29,0.36,Matches
562,Joe Pritchard,eng ENG,MF,Milton Keynes Dons,27,1996,4,3,182,2,0,1,1,0,0,0,0,0,0,0.49,0.49,0,0.49,Matches
563,Rekeil Pyke,eng ENG,FW,Grimsby Town,26,1997,7,1,177,2,0,0,0,0,0,0,1,0,0,0,0,0,0,Matches
564,Joe Quigley,ie IRL,"FW,MF",Chesterfield,27,1996,3,0,38,0.4,0,0,0,0,0,0,0,0,0,0,0,0,0,Matches
565,Sebastian Quirk,eng ENG,"DF,MF",Accrington Stanley,22,2001,16,10,977,10.9,0,1,1,0,0,0,2,0,0,0.09,0.09,0,0.09,Matches
566,Kiban Rai,wls WAL,MF,Newport County,19,2005,4,1,108,1.2,0,0,0,0,0,0,0,0,0,0,0,0,0,Matches
567,Farrend Rawson,eng ENG,DF,Accrington Stanley,28,1996,38,38,"3,168",35.2,1,0,1,1,0,0,6,1,0.03,0,0.03,0.03,0.03,Matches
568,George Ray,wls WAL,DF,Morecambe,30,1993,2,1,54,0.6,0,0,0,0,0,0,0,0,0,0,0,0,0,Matches
569,Arthur Read,eng ENG,MF,Colchester United,24,1999,39,23,"2,194",24.4,1,2,3,1,0,1,3,0,0.04,0.08,0.12,0.04,0.12,Matches
570,Jake Reeves,eng ENG,MF,AFC Wimbledon,31,1993,28,28,"2,417",26.9,2,4,6,2,0,0,4,1,0.07,0.15,0.22,0.07,0.22,Matches
571,Callum Reynolds,eng ENG,DF,Bromley,34,1989,20,17,"1,520",16.9,1,1,2,1,0,0,1,0,0.06,0.06,0.12,0.06,0.12,Matches
572,Lewis Richards,ie IRL,"MF,DF",Bradford City,22,2001,22,17,"1,503",16.7,2,1,3,2,0,0,6,0,0.12,0.06,0.18,0.12,0.18,Matches
573,Rico Richards,eng ENG,"MF,FW",Port Vale,20,2003,27,8,923,10.3,3,3,6,3,0,0,1,0,0.29,0.29,0.59,0.29,0.59,Matches
574,Connor Ripley,eng ENG,GK,Swindon Town,31,1993,14,14,"1,260",14,0,0,0,0,0,0,1,0,0,0,0,0,0,Matches
575,Connor Ripley,eng ENG,GK,Port Vale,31,1993,23,23,"2,070",23,0,0,0,0,0,0,1,0,0,0,0,0,0,Matches
Rk,Player,Nation,Pos,Squad,Age,Born,MP,Starts,Min,90s,Gls,Ast,G+A,G-PK,PK,PKatt,CrdY,CrdR,Gls,Ast,G+A,G-PK,G+A-PK,Matches
576,Fin Roberts,,FW,Crewe Alexandra,,,4,0,50,0.6,0,0,0,0,0,0,0,0,0,0,0,0,0,Matches
577,Scott Robertson,sct SCO,MF,Notts County,23,2001,7,5,317,3.5,1,0,1,1,0,0,1,0,0.28,0,0.28,0.28,0.28,Matches
578,Jack Robinson,eng ENG,DF,Carlisle United,23,2001,3,0,85,0.9,0,0,0,0,0,0,1,0,0,0,0,0,0,Matches
579,Ethan Robson,eng ENG,MF,Carlisle United,27,1996,7,1,193,2.1,0,0,0,0,0,0,2,0,0,0,0,0,0,Matches
580,Harvey Rodgers,eng ENG,DF,Grimsby Town,27,1996,44,44,"3,817",42.4,4,0,4,4,0,0,8,1,0.09,0,0.09,0.09,0.09,Matches
581,Shaun Rooney,sct SCO,"MF,DF",Fleetwood Town,28,1996,19,18,"1,608",17.9,2,2,4,2,0,0,8,0,0.11,0.11,0.22,0.11,0.22,Matches
582,Danny Rose,eng ENG,FW,Grimsby Town,30,1993,45,35,"3,295",36.6,14,2,16,8,6,7,5,0,0.38,0.05,0.44,0.22,0.27,Matches
583,Aaron Rowe,eng ENG,"MF,FW",Gillingham,23,2000,16,10,757,8.4,1,3,4,1,0,0,5,0,0.12,0.36,0.48,0.12,0.48,Matches
584,Dominic Sadi,eng ENG,"MF,FW",Carlisle United,20,2003,22,17,"1,552",17.2,2,1,3,2,0,0,4,0,0.12,0.06,0.17,0.12,0.17,Matches
585,Nelson Sanca,pt POR,DF,Newport County,17,2006,1,0,85,0.9,0,0,0,0,0,0,0,0,0,0,0,0,0,Matches
586,Jack Sanders,eng ENG,DF,Milton Keynes Dons,25,1999,13,13,"1,170",13,1,0,1,1,0,0,3,0,0.08,0,0.08,0.08,0.08,Matches
587,Max Sanders,eng ENG,MF,Crewe Alexandra,25,1999,41,31,"2,674",29.7,0,1,1,0,0,0,7,0,0,0.03,0.03,0,0.03,Matches
588,Oliver Sanderson,eng ENG,FW,Bradford City,20,2003,13,6,648,7.2,2,0,2,2,0,0,1,0,0.28,0,0.28,0.28,0.28,Matches
589,Oliver Sanderson,eng ENG,"FW,MF",Harrogate Town FC,20,2003,8,4,333,3.7,0,0,0,0,0,0,0,0,0,0,0,0,0,Matches
590,Thomas Sang,eng ENG,"DF,MF",Port Vale,25,1999,28,19,"1,773",19.7,0,2,2,0,0,0,2,2,0,0.1,0.1,0,0.1,Matches
591,Antoni Sarcevic,eng ENG,MF,Bradford City,32,1992,24,20,"1,684",18.7,7,4,11,6,1,1,7,0,0.37,0.21,0.59,0.32,0.53,Matches
592,Brendan Sarpong-Wiredu,eng ENG,"DF,MF",Fleetwood Town,24,1999,34,34,"2,812",31.2,2,0,2,2,0,0,9,0,0.06,0,0.06,0.06,0.06,Matches
593,Aron Sasu,no NOR,"MF,FW",AFC Wimbledon,19,2005,22,4,575,6.4,0,0,0,0,0,0,1,0,0,0,0,0,0,Matches
594,Harvey Saunders,eng ENG,"FW,MF",Tranmere Rovers,27,1997,37,16,"1,731",19.2,1,2,3,1,0,0,4,0,0.05,0.1,0.16,0.05,0.16,Matches
595,Romaine Sawyers,kn SKN,MF,AFC Wimbledon,32,1991,4,1,155,1.7,1,0,1,1,0,0,0,0,0.58,0,0.58,0.58,0.58,Matches
596,Joe Sbarra,eng ENG,MF,Doncaster Rovers,25,1998,27,7,925,10.3,1,2,3,1,0,0,1,0,0.1,0.19,0.29,0.1,0.29,Matches
597,Ryan Schofield,eng ENG,GK,Morecambe,24,1999,5,5,390,4.3,0,0,0,0,0,0,0,0,0,0,0,0,0,Matches
598,Cedwyn Scott,eng ENG,"MF,FW",Carlisle United,25,1998,11,5,540,6,1,1,2,1,0,0,0,0,0.17,0.17,0.33,0.17,0.33,Matches
599,Cedwyn Scott,eng ENG,"MF,FW",Notts County,25,1998,10,3,336,3.7,0,0,0,0,0,0,0,0,0,0,0,0,0,Matches
600,Anthony Scully,ie IRL,MF,Colchester United,25,1999,15,2,451,5,1,0,1,1,0,0,0,0,0.2,0,0.2,0.2,0.2,Matches
Rk,Player,Nation,Pos,Squad,Age,Born,MP,Starts,Min,90s,Gls,Ast,G+A,G-PK,PK,PKatt,CrdY,CrdR,Gls,Ast,G+A,G-PK,G+A-PK,Matches
601,Jack Senior,eng ENG,DF,Doncaster Rovers,27,1997,21,15,"1,415",15.7,0,1,1,0,0,0,3,1,0,0.06,0.06,0,0.06,Matches
602,Teddy Sharman,eng ENG,GK,Doncaster Rovers,21,2003,46,46,"4,140",46,0,0,0,0,0,0,4,0,0,0,0,0,0,Matches
603,Billy Sharp,eng ENG,FW,Doncaster Rovers,38,1986,43,19,"1,828",20.3,9,1,10,9,0,0,4,1,0.44,0.05,0.49,0.44,0.49,Matches
604,Liam Shaw,eng ENG,"DF,MF",Fleetwood Town,23,2001,11,6,482,5.4,0,0,0,0,0,0,2,0,0,0,0,0,0,Matches
605,Ryheem Sheckleford,eng ENG,DF,Chesterfield,27,1997,17,15,"1,273",14.1,0,0,0,0,0,0,2,0,0,0,0,0,0,Matches
606,Liam Shephard,wls WAL,DF,Salford City FC,29,1994,22,20,"1,601",17.8,1,1,2,1,0,0,2,0,0.06,0.06,0.11,0.06,0.11,Matches
607,Jack Shepherd,eng ENG,DF,Bradford City,23,2001,39,31,"2,939",32.7,2,0,2,2,0,0,11,1,0.06,0,0.06,0.06,0.06,Matches
608,Sam Sherring,eng ENG,DF,Milton Keynes Dons,24,2000,10,9,839,9.3,0,0,0,0,0,0,2,0,0,0,0,0,0,Matches
609,Lewis Shipley,eng ENG,"DF,MF",Cheltenham Town,20,2003,8,5,508,5.6,0,0,0,0,0,0,2,0,0,0,0,0,0,Matches
610,Jack Shorrock,eng ENG,"MF,DF",Port Vale,17,2007,17,12,867,9.6,2,2,4,2,0,0,2,0,0.21,0.21,0.42,0.21,0.42,Matches
611,Harry Sidwell,eng ENG,MF,AFC Wimbledon,17,2006,1,0,1,0,0,0,0,0,0,0,0,0,0,0,0,0,0,Matches
612,Tommy Simkin,eng ENG,GK,Walsall,19,2004,40,40,"3,600",40,0,0,0,0,0,0,3,0,0,0,0,0,0,Matches
613,Tyreece Simpson,kn SKN,FW,Colchester United,22,2002,20,6,704,7.8,1,0,1,1,0,0,5,0,0.13,0,0.13,0.13,0.13,Matches
614,Toby Sims,us USA,DF,Harrogate Town FC,26,1997,40,38,"3,218",35.8,2,3,5,2,0,0,6,0,0.06,0.08,0.14,0.06,0.14,Matches
615,Jordan Slew,eng ENG,"MF,FW",Morecambe,31,1992,31,8,"1,042",11.6,1,1,2,1,0,0,2,0,0.09,0.09,0.17,0.09,0.17,Matches
616,Sam Slocombe,eng ENG,GK,Notts County,36,1988,8,7,711,7.9,0,0,0,0,0,0,0,0,0,0,0,0,0,Matches
617,Richard Smallwood,eng ENG,MF,Bradford City,33,1990,43,43,"3,789",42.1,2,3,5,0,2,3,9,1,0.05,0.07,0.12,0,0.07,Matches
618,Alistair Smith,sct SCO,MF,AFC Wimbledon,30,1994,45,45,"4,006",44.5,6,3,9,6,0,0,8,0,0.13,0.07,0.2,0.13,0.2,Matches
619,Andy Smith,sct SCO,DF,Gillingham,22,2001,12,12,"1,080",12,0,0,0,0,0,0,2,0,0,0,0,0,0,Matches
620,Grant Smith,eng ENG,GK,Bromley,30,1993,45,45,"4,050",45,0,0,0,0,0,0,4,0,0,0,0,0,0,Matches
621,Harry Smith,eng ENG,FW,Swindon Town,29,1995,39,37,"3,206",35.6,15,3,18,15,0,0,11,1,0.42,0.08,0.51,0.42,0.51,Matches
622,Jackson Smith,eng ENG,GK,Grimsby Town,22,2001,6,6,540,6,0,0,0,0,0,0,1,0,0,0,0,0,0,Matches
623,Nathan Smith,eng ENG,DF,Port Vale,28,1996,24,22,"1,878",20.9,0,1,1,0,0,0,2,0,0,0.05,0.05,0,0.05,Matches
624,Pele Smith,,MF,Fleetwood Town,,,1,0,46,0.5,0,0,0,0,0,0,0,0,0,0,0,0,0,Matches
625,Tyler Smith,eng ENG,FW,Bradford City,25,1998,5,1,133,1.5,0,0,0,0,0,0,0,0,0,0,0,0,0,Matches
Rk,Player,Nation,Pos,Squad,Age,Born,MP,Starts,Min,90s,Gls,Ast,G+A,G-PK,PK,PKatt,CrdY,CrdR,Gls,Ast,G+A,G-PK,G+A-PK,Matches
626,Tyler Smith,eng ENG,"FW,MF",Barrow,25,1998,21,11,"1,039",11.5,5,0,5,5,0,0,1,0,0.43,0,0.43,0.43,0.43,Matches
627,Tunmise Sobowale,ie IRL,"DF,MF",Swindon Town,25,1999,37,27,"2,549",28.3,0,2,2,0,0,0,3,0,0,0.07,0.07,0,0.07,Matches
628,Harrison Sohna,eng ENG,"MF,FW",Cheltenham Town,22,2002,8,6,493,5.5,0,2,2,0,0,0,1,0,0,0.37,0.37,0,0.37,Matches
629,Eko Solomon,eng ENG,DF,Harrogate Town FC,18,2006,3,0,16,0.2,0,0,0,0,0,0,0,0,0,0,0,0,0,Matches
630,Sol Solomon,eng ENG,"MF,FW",Tranmere Rovers,23,2001,14,7,644,7.2,2,0,2,2,0,0,1,0,0.28,0,0.28,0.28,0.28,Matches
631,Yann Songo'o,cm CMR,"MF,DF",Morecambe,32,1991,36,26,"2,468",27.4,3,4,7,3,0,0,6,0,0.11,0.15,0.26,0.11,0.26,Matches
632,Omar Sowunmi,eng ENG,DF,Bromley,28,1995,34,29,"2,633",29.3,5,0,5,5,0,0,6,1,0.17,0,0.17,0.17,0.17,Matches
633,Jack Sparkes,eng ENG,DF,Chesterfield,23,2000,10,10,842,9.4,0,3,3,0,0,0,3,0,0,0.32,0.32,0,0.32,Matches
634,Michael Spellman,eng ENG,"FW,MF",Newport County,21,2002,31,12,"1,108",12.3,2,0,2,2,0,0,2,0,0.16,0,0.16,0.16,0.16,Matches
635,Kian Spence,eng ENG,MF,Barrow,23,2001,32,30,"2,604",28.9,5,1,6,5,0,0,4,0,0.17,0.03,0.21,0.17,0.21,Matches
636,Wyll Stanway,eng ENG,GK,Barrow,23,2001,17,17,"1,530",17,0,0,0,0,0,0,2,0,0,0,0,0,0,Matches
637,Jamie Sterry,eng ENG,"DF,MF",Doncaster Rovers,28,1995,41,40,"3,370",37.4,3,5,8,3,0,0,6,0,0.08,0.13,0.21,0.08,0.21,Matches
638,Mathew Stevens,eng ENG,"FW,MF",AFC Wimbledon,26,1998,46,41,"3,340",37.1,17,4,21,14,3,3,2,0,0.46,0.11,0.57,0.38,0.49,Matches
639,Ryan Stirk,wls WAL,MF,Walsall,23,2000,44,43,"3,721",41.3,1,4,5,1,0,0,3,0,0.02,0.1,0.12,0.02,0.12,Matches
640,Jayden Stockley,eng ENG,FW,Port Vale,30,1993,38,29,"2,595",28.8,11,6,17,11,0,0,5,0,0.38,0.21,0.59,0.38,0.59,Matches
641,Cole Stockton,eng ENG,FW,Salford City FC,30,1994,38,32,"2,614",29,15,2,17,15,0,0,3,0,0.52,0.07,0.59,0.52,0.59,Matches
642,Chris Stokes,eng ENG,DF,Barrow,33,1991,13,12,"1,061",11.8,0,0,0,0,0,0,2,0,0,0,0,0,0,Matches
643,Jamie Stott,eng ENG,DF,Morecambe,26,1997,45,43,"3,868",43,3,0,3,3,0,0,2,0,0.07,0,0.07,0.07,0.07,Matches
644,Robert Street,eng ENG,"FW,MF",Doncaster Rovers,22,2001,22,16,"1,393",15.5,11,0,11,11,0,0,4,0,0.71,0,0.71,0.71,0.71,Matches
645,Sam Stubbs,eng ENG,DF,Cheltenham Town,25,1998,41,41,"3,690",41,2,2,4,2,0,0,5,0,0.05,0.05,0.1,0.05,0.1,Matches
646,Levi Sutton,eng ENG,MF,Harrogate Town FC,28,1996,27,19,"1,730",19.2,0,0,0,0,0,0,6,0,0,0,0,0,0,Matches
647,Joel Tabiner,eng ENG,MF,Crewe Alexandra,20,2003,41,36,"2,977",33.1,2,3,5,2,0,0,4,0,0.06,0.09,0.15,0.06,0.15,Matches
648,Devan Tanton,co COL,DF,Chesterfield,20,2004,8,8,641,7.1,0,0,0,0,0,0,2,0,0,0,0,0,0,Matches
649,Ellis Taylor,eng ENG,MF,Harrogate Town FC,21,2003,36,33,"2,977",33.1,7,3,10,7,0,0,5,0,0.21,0.09,0.3,0.21,0.3,Matches
650,Jon Taylor,eng ENG,MF,Salford City FC,32,1992,28,13,"1,200",13.3,1,1,2,1,0,0,4,0,0.07,0.07,0.15,0.07,0.15,Matches
Rk,Player,Nation,Pos,Squad,Age,Born,MP,Starts,Min,90s,Gls,Ast,G+A,G-PK,PK,PKatt,CrdY,CrdR,Gls,Ast,G+A,G-PK,G+A-PK,Matches
651,Lyle Taylor,ms MSR,"FW,MF",Colchester United,34,1990,37,27,"2,425",26.9,10,2,12,9,1,1,7,0,0.37,0.07,0.45,0.33,0.41,Matches
652,Matty Taylor,eng ENG,FW,Cheltenham Town,34,1990,37,10,"1,300",14.4,5,2,7,5,0,0,4,0,0.35,0.14,0.48,0.35,0.48,Matches
653,Max Taylor,eng ENG,DF,Morecambe,23,2000,20,14,"1,241",13.8,1,0,1,1,0,0,4,1,0.07,0,0.07,0.07,0.07,Matches
654,Samuel Taylor,eng ENG,MF,Tranmere Rovers,19,2004,11,2,258,2.9,0,0,0,0,0,0,1,0,0,0,0,0,0,Matches
655,Dom Telford,eng ENG,"FW,MF",Barrow,27,1996,16,3,370,4.1,1,0,1,1,0,0,2,0,0.24,0,0.24,0.24,0.24,Matches
656,Frankie Terry,eng ENG,DF,Colchester United,20,2004,1,1,54,0.6,0,0,0,0,0,0,0,0,0,0,0,0,0,Matches
657,Douglas Tharme,eng ENG,DF,Grimsby Town,24,2000,28,22,"1,987",22.1,1,1,2,1,0,0,1,0,0.05,0.05,0.09,0.05,0.09,Matches
658,Adrien Thibaut,ie IRL,FW,Crewe Alexandra,20,2004,18,6,717,8,1,1,2,1,0,0,4,0,0.13,0.13,0.25,0.13,0.25,Matches
659,Conor Thomas,eng ENG,MF,Crewe Alexandra,30,1993,19,13,"1,039",11.5,0,1,1,0,0,0,3,0,0,0.09,0.09,0,0.09,Matches
660,Joe Thomas,wls WAL,"MF,DF",Newport County,22,2002,23,21,"1,778",19.8,1,1,2,1,0,0,1,0,0.05,0.05,0.1,0.05,0.1,Matches
661,Jordan Thomas,eng ENG,MF,Cheltenham Town,23,2001,40,32,"2,919",32.4,8,2,10,7,1,1,5,0,0.25,0.06,0.31,0.22,0.28,Matches
662,Joshua Thomas,wls WAL,FW,Bromley,21,2002,3,0,24,0.3,0,0,0,0,0,0,0,0,0,0,0,0,0,Matches
663,Terell Thomas,lc LCA,DF,Carlisle United,28,1995,32,29,"2,671",29.7,1,0,1,1,0,0,5,0,0.03,0,0.03,0.03,0.03,Matches
664,Ben Thompson,eng ENG,MF,Bromley,28,1995,42,38,"3,354",37.3,6,1,7,6,0,0,8,0,0.16,0.03,0.19,0.16,0.19,Matches
665,Curtis Thompson,eng ENG,MF,Grimsby Town,30,1993,19,6,656,7.3,0,0,0,0,0,0,4,0,0,0,0,0,0,Matches
666,Max Thompson,eng ENG,GK,Chesterfield,19,2004,18,18,"1,620",18,0,0,0,0,0,0,1,0,0,0,0,0,0,Matches
667,Nathan Thompson,eng ENG,DF,Milton Keynes Dons,33,1990,2,2,114,1.3,0,0,0,0,0,0,1,0,0,0,0,0,0,Matches
668,Kane Thompson-Sommers,eng ENG,MF,Milton Keynes Dons,23,2000,23,11,"1,133",12.6,2,0,2,2,0,0,4,0,0.16,0,0.16,0.16,0.16,Matches
669,George Thomson,sct SCO,MF,Harrogate Town FC,32,1992,1,1,79,0.9,0,0,0,0,0,0,0,0,0,0,0,0,0,Matches
670,Oscar Thorn,eng ENG,MF,Colchester United,20,2004,26,11,"1,052",11.7,0,4,4,0,0,0,3,0,0,0.34,0.34,0,0.34,Matches
671,Junior Tiensia,eng ENG,DF,Barrow,23,2000,8,3,315,3.5,0,0,0,0,0,0,1,0,0,0,0,0,0,Matches
672,James Tilley,eng ENG,MF,AFC Wimbledon,26,1998,41,36,"3,206",35.6,4,7,11,4,0,0,6,0,0.11,0.2,0.31,0.11,0.31,Matches
673,Curtis Tilt,jm JAM,DF,Salford City FC,32,1991,37,32,"2,909",32.3,1,0,1,1,0,0,12,2,0.03,0,0.03,0.03,0.03,Matches
674,Lorent Tolaj,ch SUI,"FW,MF",Port Vale,22,2001,37,30,"2,623",29.1,14,8,22,12,2,3,5,0,0.48,0.27,0.75,0.41,0.69,Matches
675,Ben Tollitt,eng ENG,"MF,FW",Morecambe,29,1994,39,28,"2,454",27.3,6,2,8,6,0,0,3,0,0.22,0.07,0.29,0.22,0.29,Matches
Rk,Player,Nation,Pos,Squad,Age,Born,MP,Starts,Min,90s,Gls,Ast,G+A,G-PK,PK,PKatt,CrdY,CrdR,Gls,Ast,G+A,G-PK,G+A-PK,Matches
676,Joe Tomlinson,eng ENG,"MF,DF",Milton Keynes Dons,24,2000,40,38,"3,276",36.4,5,2,7,4,1,1,3,0,0.14,0.05,0.19,0.11,0.16,Matches
677,Besart Topalloj,eng ENG,MF,Bromley,23,2001,3,2,207,2.3,0,0,0,0,0,0,2,1,0,0,0,0,0,Matches
678,Samson Tovide,eng ENG,FW,Colchester United,20,2004,29,23,"1,915",21.3,7,5,12,7,0,0,4,0,0.33,0.23,0.56,0.33,0.56,Matches
679,Nick Townsend,ag ATG,GK,Newport County,29,1994,43,43,"3,870",43,0,0,0,0,0,0,2,0,0,0,0,0,0,Matches
680,Shilow Tracey,eng ENG,"FW,MF",Crewe Alexandra,26,1998,33,28,"2,428",27,6,0,6,6,0,0,7,0,0.22,0,0.22,0.22,0.22,Matches
681,Mai Traore,gn GUI,"FW,MF",Notts County,24,1999,12,2,319,3.5,0,2,2,0,0,0,0,0,0,0.56,0.56,0,0.56,Matches
682,Lewis Trickett,nir NIR,MF,Accrington Stanley,19,2005,1,0,10,0.1,0,0,0,0,0,0,0,0,0,0,0,0,0,Matches
683,Callum Tripp,eng ENG,"DF,MF",Milton Keynes Dons,17,2006,7,5,424,4.7,0,0,0,0,0,0,1,0,0,0,0,0,0,Matches
684,Connal Trueman,eng ENG,GK,Milton Keynes Dons,28,1996,13,13,"1,170",13,0,0,0,0,0,0,1,0,0,0,0,0,0,Matches
685,Nicholas Tsaroulla,cy CYP,MF,Notts County,25,1999,38,28,"2,392",26.6,2,2,4,2,0,0,5,0,0.08,0.08,0.15,0.08,0.15,Matches
686,Kabongo Tshimanga,eng ENG,"FW,MF",Swindon Town,26,1997,39,25,"2,281",25.3,11,3,14,5,6,7,3,0,0.43,0.12,0.55,0.2,0.32,Matches
687,Jack Tucker,eng ENG,"MF,DF",Colchester United,24,1999,10,3,339,3.8,0,0,0,0,0,0,1,0,0,0,0,0,0,Matches
688,Jack Tucker,eng ENG,DF,Milton Keynes Dons,24,1999,9,7,693,7.7,0,0,0,0,0,0,1,0,0,0,0,0,0,Matches
689,Jordan Turnbull,eng ENG,DF,Tranmere Rovers,29,1994,44,44,"3,920",43.6,1,1,2,1,0,0,9,0,0.02,0.02,0.05,0.02,0.05,Matches
690,Jake Turner,eng ENG,GK,Gillingham,25,1999,9,9,765,8.5,0,0,0,0,0,0,1,0,0,0,0,0,0,Matches
691,Harry Tustin,,MF,Cheltenham Town,,,1,0,31,0.3,0,0,0,0,0,0,0,0,0,0,0,0,0,Matches
692,David Tutonda,eng ENG,DF,Morecambe,28,1995,42,34,"2,918",32.4,0,1,1,0,0,0,14,1,0,0.03,0.03,0,0.03,Matches
693,Jemiah Umolu,eng ENG,FW,Port Vale,18,2005,9,0,140,1.6,0,1,1,0,0,0,0,0,0,0.64,0.64,0,0.64,Matches
694,Theo Vassell,eng ENG,DF,Barrow,27,1997,32,30,"2,685",29.8,5,0,5,5,0,0,5,0,0.17,0,0.17,0.17,0.17,Matches
695,Josh Vela,eng ENG,"MF,FW",Carlisle United,30,1993,29,17,"1,455",16.2,0,0,0,0,0,0,8,0,0,0,0,0,0,Matches
696,Charles Vernam,eng ENG,"MF,FW",Grimsby Town,27,1996,17,10,817,9.1,2,1,3,2,0,0,2,0,0.22,0.11,0.33,0.22,0.33,Matches
697,Kane Vincent-Young,gd GRN,"DF,MF",Colchester United,28,1996,10,0,156,1.7,0,0,0,0,0,0,0,0,0,0,0,0,0,Matches
698,Matty Virtue,eng ENG,MF,Fleetwood Town,27,1997,41,33,"2,841",31.6,9,0,9,9,0,0,6,0,0.29,0,0.29,0.29,0.29,Matches
699,Jacob Wakeling,eng ENG,FW,Gillingham,22,2001,16,5,507,5.6,1,1,2,1,0,0,1,0,0.18,0.18,0.36,0.18,0.36,Matches
700,Brad Walker,eng ENG,DF,Tranmere Rovers,28,1996,8,6,543,6,0,1,1,0,0,0,1,0,0,0.17,0.17,0,0.17,Matches
Rk,Player,Nation,Pos,Squad,Age,Born,MP,Starts,Min,90s,Gls,Ast,G+A,G-PK,PK,PKatt,CrdY,CrdR,Gls,Ast,G+A,G-PK,G+A-PK,Matches
701,Jamie Walker,sct SCO,MF,Bradford City,31,1993,35,16,"1,665",18.5,1,6,7,1,0,0,5,0,0.05,0.32,0.38,0.05,0.38,Matches
702,Moses Walker,eng ENG,FW,Newport County,17,2007,1,0,28,0.3,0,0,0,0,0,0,0,0,0,0,0,0,0,Matches
703,Sam Walker,eng ENG,GK,Bradford City,32,1991,46,46,"4,140",46,0,0,0,0,0,0,3,0,0,0,0,0,0,Matches
704,Charlie Waller,eng ENG,DF,Milton Keynes Dons,19,2005,8,4,452,5,0,0,0,0,0,0,1,0,0,0,0,0,0,Matches
705,Rhys Walters,,MF,Port Vale,,,13,11,852,9.5,0,0,0,0,0,0,0,0,0,0,0,0,0,Matches
706,Tyler Walton,eng ENG,"FW,MF",Accrington Stanley,25,1998,41,30,"2,560",28.4,7,8,15,7,0,0,13,0,0.25,0.28,0.53,0.25,0.53,Matches
707,Benn Ward,,DF,Accrington Stanley,,,21,21,"1,862",20.7,1,0,1,1,0,0,5,0,0.05,0,0.05,0.05,0.05,Matches
708,Jaden Warner,eng ENG,DF,Newport County,21,2002,5,3,262,2.9,0,0,0,0,0,0,1,0,0,0,0,0,0,Matches
709,Tyrell Warren,eng ENG,DF,Grimsby Town,25,1998,32,19,"1,858",20.6,0,0,0,0,0,0,6,0,0,0,0,0,0,Matches
710,Lewis Warrington,eng ENG,MF,Salford City FC,21,2002,16,8,834,9.3,1,0,1,1,0,0,4,0,0.11,0,0.11,0.11,0.11,Matches
711,Ryan Watson,eng ENG,MF,Salford City FC,31,1993,18,8,598,6.6,0,0,0,0,0,0,1,0,0,0,0,0,0,Matches
712,Stephen Wearne,eng ENG,"MF,FW",Carlisle United,23,2000,18,13,"1,098",12.2,2,2,4,2,0,0,1,0,0.16,0.16,0.33,0.16,0.33,Matches
713,Stephen Wearne,eng ENG,"MF,FW",Milton Keynes Dons,23,2000,11,9,679,7.5,0,0,0,0,0,0,2,0,0,0,0,0,0,Matches
714,Byron Webster,eng ENG,DF,Bromley,37,1987,28,27,"2,407",26.7,1,0,1,1,0,0,4,0,0.04,0,0.04,0.04,0.04,Matches
715,Harry Webster,,DF,Gillingham,,,2,2,147,1.6,0,0,0,0,0,0,0,0,0,0,0,0,0,Matches
716,Evan Weir,ie IRL,DF,Walsall,22,2002,14,7,623,6.9,0,4,4,0,0,0,2,0,0,0.58,0.58,0,0.58,Matches
717,Zain Westbrooke,eng ENG,MF,Doncaster Rovers,27,1996,7,2,211,2.3,0,0,0,0,0,0,0,0,0,0,0,0,0,Matches
718,Joe Westley,eng ENG,"MF,FW",Swindon Town,19,2004,17,3,503,5.6,3,0,3,3,0,0,0,0,0.54,0,0.54,0.54,0.54,Matches
719,Charlie Weston,eng ENG,MF,Barrow,20,2004,1,0,18,0.2,0,0,0,0,0,0,0,0,0,0,0,0,0,Matches
720,Billy Whaite,,FW,Morecambe,,,1,0,8,0.1,0,0,0,0,0,0,0,0,0,0,0,0,0,Matches
721,Shaun Whalley,eng ENG,"MF,FW",Accrington Stanley,36,1987,33,32,"2,752",30.6,9,3,12,7,2,2,7,0,0.29,0.1,0.39,0.23,0.33,Matches
722,Ethan Wheatley,eng ENG,FW,Walsall,18,2006,4,2,168,1.9,0,0,0,0,0,0,0,0,0,0,0,0,0,Matches
723,Callum Whelan,eng ENG,MF,Carlisle United,25,1998,23,22,"1,891",21,2,1,3,2,0,0,3,0,0.1,0.05,0.14,0.1,0.14,Matches
724,Charlie Whitaker,eng ENG,"MF,FW",Notts County,20,2003,20,13,"1,111",12.3,4,0,4,4,0,0,3,0,0.32,0,0.32,0.32,0.32,Matches
725,Joe White,eng ENG,MF,Milton Keynes Dons,21,2002,34,23,"1,955",21.7,6,2,8,6,0,0,5,0,0.28,0.09,0.37,0.28,0.37,Matches
Rk,Player,Nation,Pos,Squad,Age,Born,MP,Starts,Min,90s,Gls,Ast,G+A,G-PK,PK,PKatt,CrdY,CrdR,Gls,Ast,G+A,G-PK,G+A-PK,Matches
726,Tom White,eng ENG,MF,Morecambe,27,1997,34,27,"2,378",26.4,0,1,1,0,0,0,6,0,0,0.04,0.04,0,0.04,Matches
727,Ben Whitfield,eng ENG,"MF,FW",Barrow,28,1996,17,13,"1,105",12.3,2,5,7,1,1,1,1,0,0.16,0.41,0.57,0.08,0.49,Matches
728,Corey Whitley,eng ENG,"MF,FW",Bromley,33,1991,44,36,"3,203",35.6,2,5,7,2,0,0,3,0,0.06,0.14,0.2,0.06,0.2,Matches
729,Kai Whitmore,eng ENG,MF,Newport County,23,2001,28,14,"1,356",15.1,2,0,2,2,0,0,5,1,0.13,0,0.13,0.13,0.13,Matches
730,Aaron Wildig,wls WAL,MF,Newport County,32,1992,15,15,"1,158",12.9,4,0,4,4,0,0,4,0,0.31,0,0.31,0.31,0.31,Matches
731,Freddie Willcox,,MF,Cheltenham Town,,,2,0,45,0.5,0,0,0,0,0,0,1,0,0,0,0,0,0,Matches
732,Ben Williams,wls WAL,"DF,MF",Carlisle United,25,1999,8,8,535,5.9,0,0,0,0,0,0,0,0,0,0,0,0,0,Matches
733,Ethan Williams,eng ENG,MF,Cheltenham Town,18,2005,17,8,782,8.7,2,2,4,2,0,0,1,0,0.23,0.23,0.46,0.23,0.46,Matches
734,Euan Williams,nir NIR,MF,Gillingham,21,2003,10,5,405,4.5,0,1,1,0,0,0,2,0,0,0.22,0.22,0,0.22,Matches
735,Harry Williams,eng ENG,DF,Walsall,21,2002,30,29,"2,627",29.2,3,0,3,3,0,0,5,0,0.1,0,0.1,0.1,0.1,Matches
736,Jay Williams,kn SKN,MF,Milton Keynes Dons,23,2000,10,9,705,7.8,0,1,1,0,0,0,4,0,0,0.13,0.13,0,0.13,Matches
737,Jonny Williams,wls WAL,MF,Gillingham,30,1993,26,8,981,10.9,1,1,2,1,0,0,3,1,0.09,0.09,0.18,0.09,0.18,Matches
738,Jordan Williams,wls WAL,"MF,DF",Barrow,28,1995,18,16,"1,500",16.7,0,0,0,0,0,0,4,0,0,0,0,0,0,Matches
739,Jordan Williams,wls WAL,"MF,DF",Milton Keynes Dons,28,1995,13,4,396,4.4,1,0,1,1,0,0,1,0,0.23,0,0.23,0.23,0.23,Matches
740,Josh Williams,eng ENG,"MF,DF",Carlisle United,21,2002,6,6,488,5.4,0,1,1,0,0,0,1,0,0,0.18,0.18,0,0.18,Matches
741,Josh Williams,wls WAL,MF,Tranmere Rovers,20,2004,2,0,16,0.2,0,0,0,0,0,0,0,0,0,0,0,0,0,Matches
742,Rhys Williams,eng ENG,DF,Morecambe,23,2001,33,32,"2,755",30.6,1,0,1,1,0,0,6,1,0.03,0,0.03,0.03,0.03,Matches
743,Tyrone Williams,eng ENG,DF,Chesterfield,29,1994,10,9,700,7.8,0,0,0,0,0,0,1,0,0,0,0,0,0,Matches
744,Zac Williams,wls WAL,"DF,MF",Crewe Alexandra,20,2004,41,41,"3,595",39.9,1,2,3,1,0,0,12,1,0.03,0.05,0.08,0.03,0.08,Matches
745,Donovan Wilson,eng ENG,FW,Grimsby Town,27,1997,12,4,431,4.8,1,0,1,1,0,0,2,0,0.21,0,0.21,0.21,0.21,Matches
746,Connor Wood,eng ENG,DF,Tranmere Rovers,28,1996,34,29,"2,541",28.2,0,1,1,0,0,0,6,1,0,0.04,0.04,0,0.04,Matches
747,Nathan Wood,wls WAL,FW,Newport County,27,1997,1,0,27,0.3,0,0,0,0,0,0,0,0,0,0,0,0,0,Matches
748,Richard Wood,eng ENG,DF,Doncaster Rovers,39,1985,8,7,514,5.7,0,0,0,0,0,0,1,0,0,0,0,0,0,Matches
749,Ben Woodburn,wls WAL,"MF,FW",Salford City FC,24,1999,33,27,"2,058",22.9,3,6,9,3,0,0,7,0,0.13,0.26,0.39,0.13,0.39,Matches
750,Ben Woods,eng ENG,MF,Accrington Stanley,21,2002,36,31,"2,765",30.7,8,7,15,8,0,0,10,0,0.26,0.23,0.49,0.26,0.49,Matches
Rk,Player,Nation,Pos,Squad,Age,Born,MP,Starts,Min,90s,Gls,Ast,G+A,G-PK,PK,PKatt,CrdY,CrdR,Gls,Ast,G+A,G-PK,G+A-PK,Matches
751,Josh Woods,eng ENG,"FW,MF",Accrington Stanley,24,2000,31,15,"1,504",16.7,5,2,7,5,0,0,6,0,0.3,0.12,0.42,0.3,0.42,Matches
752,Alex Woodyard,eng ENG,MF,Colchester United,31,1993,14,11,884,9.8,0,0,0,0,0,0,3,0,0,0,0,0,0,Matches
753,David Worrall,eng ENG,"FW,MF",Barrow,34,1990,5,0,44,0.5,0,0,0,0,0,0,0,0,0,0,0,0,0,Matches
754,Jordan Wright,eng ENG,GK,Grimsby Town,26,1997,34,34,"3,060",34,0,0,0,0,0,0,1,0,0,0,0,0,0,Matches
755,Tyreik Wright,ie IRL,MF,Bradford City,22,2001,28,19,"1,701",18.9,0,2,2,0,0,1,3,0,0,0.11,0.11,0,0.11,Matches
756,Will Wright,eng ENG,DF,Swindon Town,27,1997,46,45,"4,057",45.1,7,3,10,6,1,2,6,0,0.16,0.07,0.22,0.13,0.2,Matches
757,Will Wright,,FW,Salford City FC,,,2,0,69,0.8,0,0,0,0,0,0,1,0,0,0,0,0,0,Matches
758,Charlie Wyke,eng ENG,FW,Carlisle United,31,1992,13,10,862,9.6,2,0,2,1,1,1,2,0,0.21,0,0.21,0.1,0.1,Matches
759,Marcus Wyllie,eng ENG,"FW,MF",Gillingham,25,1999,12,7,585,6.5,0,1,1,0,0,0,0,0,0,0.15,0.15,0,0.15,Matches
760,Ephraim Yeboah,gh GHA,MF,Doncaster Rovers,18,2006,11,1,253,2.8,0,0,0,0,0,0,3,0,0,0,0,0,0,Matches
761,Luke Young,eng ENG,MF,Cheltenham Town,31,1993,34,33,"2,905",32.3,4,2,6,4,0,0,2,0,0.12,0.06,0.19,0.12,0.19,Matches
762,Matt Young,eng ENG,GK,Salford City FC,17,2006,20,20,"1,800",20,0,0,0,0,0,0,1,0,0,0,0,0,0,Matches