,,,,,,,Playing Time,,,,Performance,,,,,,,,Per 90 Minutes,,,,,
Rk,Player,Nation,Pos,Squad,Age,Born,MP,Starts,Min,90s,Gls,Ast,G+A,G-PK,PK,PKatt,CrdY,CrdR,Gls,Ast,G+A,G-PK,G+A-PK,Matches
1,Tristan Abrahams,eng ENG,"FW,MF",Maidenhead United,25,1998,41,32,"2,844",31.6,11,8,19,10,1,1,9,1,0.35,0.25,0.6,0.32,0.57,Matches
2,Ben Acquaye,eng ENG,MF,Tamworth,24,1999,12,9,843,9.4,1,0,1,1,0,0,7,0,0.11,0,0.11,0.11,0.11,Matches
3,Jacob Adams,,GK,Wealdstone FC,,,4,2,319,3.5,0,0,0,0,0,0,0,0,0,0,0,0,0,Matches
4,Tobi Adebayo-Rowling,eng ENG,"MF,DF",Rochdale,27,1996,39,36,"3,201",35.6,1,9,10,1,0,0,4,0,0.03,0.25,0.28,0.03,0.28,Matches
5,Oluwalopemiwa Aderoju,eng ENG,FW,Boston United,,,22,8,846,9.4,1,2,3,1,0,0,1,0,0.11,0.21,0.32,0.11,0.32,Matches
6,Jason Adigun,eng ENG,MF,Dagenham & Redbridge,20,2003,1,0,4,0,0,0,0,0,0,0,0,0,0,0,0,0,0,Matches
7,Kain Adom,,"MF,FW",Gateshead,,,22,7,787,8.7,1,0,1,1,0,0,1,0,0.11,0,0.11,0.11,0.11,Matches
8,Kain Adom,,"FW,MF",Fylde,,,6,0,134,1.5,0,0,0,0,0,0,0,0,0,0,0,0,0,Matches
9,Kain Adom,,"MF,FW",Sutton United,,,7,6,385,4.3,0,0,0,0,0,0,0,0,0,0,0,0,0,Matches
10,Daniel Adshead,eng ENG,"MF,FW",Boston United,22,2001,3,2,111,1.2,0,0,0,0,0,0,0,0,0,0,0,0,0,Matches
11,Michael Adu-Poku,eng ENG,"MF,DF",Rochdale,18,2005,7,4,372,4.1,0,0,0,0,0,0,0,0,0,0,0,0,0,Matches
12,Michael Adu-Poku,eng ENG,"MF,FW",Solihull Moors,18,2005,11,11,898,10,1,1,2,1,0,0,1,0,0.1,0.1,0.2,0.1,0.2,Matches
13,Edwin Agbaje,ie IRL,DF,Sutton United,20,2004,1,1,44,0.5,0,0,0,0,0,0,0,0,0,0,0,0,0,Matches
14,Ricky Aguiar,eng ENG,"MF,DF",York City,23,2001,30,18,"1,425",15.8,2,1,3,2,0,0,3,0,0.13,0.06,0.19,0.13,0.19,Matches
15,David Ajiboye,eng ENG,MF,York City,25,1998,7,5,436,4.8,1,0,1,1,0,0,0,0,0.21,0,0.21,0.21,0.21,Matches
16,Joseph Ajose,eng ENG,MF,Maidenhead United,23,2001,16,4,401,4.5,1,1,2,1,0,0,0,0,0.22,0.22,0.45,0.22,0.45,Matches
17,John Akinde,eng ENG,"FW,MF",Braintree Town,35,1989,40,28,"2,559",28.4,10,4,14,6,4,4,12,1,0.35,0.14,0.49,0.21,0.35,Matches
18,Olatunji Akinola,eng ENG,"MF,DF",Woking,25,1998,40,37,"3,202",35.6,2,0,2,2,0,0,8,0,0.06,0,0.06,0.06,0.06,Matches
19,Tim Akinola,eng ENG,MF,Gateshead,23,2001,6,6,464,5.2,1,0,1,1,0,0,0,0,0.19,0,0.19,0.19,0.19,Matches
20,Tim Akinola,eng ENG,"MF,DF",Dagenham & Redbridge,23,2001,5,2,237,2.6,0,0,0,0,0,0,0,0,0,0,0,0,0,Matches
21,Tim Akinola,eng ENG,MF,Solihull Moors,23,2001,2,2,142,1.6,0,0,0,0,0,0,1,0,0,0,0,0,0,Matches
22,Dipo Akinyemi,eng ENG,"MF,FW",York City,27,1997,25,11,"1,242",13.8,4,5,9,4,0,0,3,0,0.29,0.36,0.65,0.29,0.65,Matches
23,Ashley Akpan,eng ENG,"MF,DF",Aldershot Town,20,2004,17,16,"1,450",16.1,1,3,4,1,0,0,1,0,0.06,0.19,0.25,0.06,0.25,Matches
24,Ody Alfa,ng NGA,FW,Rochdale,25,1999,3,0,31,0.3,0,0,0,0,0,0,0,0,0,0,0,0,0,Matches
25,Adam Alimi-Adetoro,ie IRL,"DF,MF",FC Halifax Town,22,2002,36,29,"2,642",29.4,2,1,3,2,0,0,12,0,0.07,0.03,0.1,0.07,0.1,Matches
Rk,Player,Nation,Pos,Squad,Age,Born,MP,Starts,Min,90s,Gls,Ast,G+A,G-PK,PK,PKatt,CrdY,CrdR,Gls,Ast,G+A,G-PK,G+A-PK,Matches
26,Thomas Allan,eng ENG,"FW,MF",Gateshead,24,1999,12,6,524,5.8,0,0,0,0,0,0,1,1,0,0,0,0,0,Matches
27,Tarryn Allarakhia,tz TAN,"MF,FW",Rochdale,26,1997,42,34,"2,852",31.7,4,5,9,4,0,0,5,0,0.13,0.16,0.28,0.13,0.28,Matches
28,Luca Alonzi,eng ENG,FW,Boston United,16,2008,1,0,36,0.4,0,0,0,0,0,0,1,0,0,0,0,0,0,Matches
29,Justin Amaluzor,eng ENG,"MF,FW",Altrincham,27,1996,29,25,"2,040",22.7,4,2,6,4,0,0,4,1,0.18,0.09,0.26,0.18,0.26,Matches
30,Francis Amartey,eng ENG,FW,Braintree Town,25,1999,1,0,8,0.1,0,0,0,0,0,0,0,0,0,0,0,0,0,Matches
31,Collin Andeng-Ndi,cm CMR,GK,Southend United,20,2003,24,23,"2,060",22.9,0,0,0,0,0,0,2,0,0,0,0,0,0,Matches
32,Jermaine Anderson,eng ENG,MF,Woking,28,1996,26,13,"1,073",11.9,1,0,1,1,0,0,7,0,0.08,0,0.08,0.08,0.08,Matches
33,Keane Anderson,eng ENG,MF,Aldershot Town,20,2003,9,7,584,6.5,0,0,0,0,0,0,1,0,0,0,0,0,0,Matches
34,Jamie Andrews,eng ENG,MF,Woking,21,2002,43,37,"3,370",37.4,1,2,3,1,0,0,6,0,0.03,0.05,0.08,0.03,0.08,Matches
35,Louie Annesley,gi GIB,"DF,MF",Braintree Town,24,2000,42,42,"3,635",40.4,2,1,3,2,0,0,8,0,0.05,0.02,0.07,0.05,0.07,Matches
36,Caleb Ansen,eng ENG,GK,Altrincham,18,2005,12,11,999,11.1,0,0,0,0,0,0,1,0,0,0,0,0,0,Matches
37,Elijah Anthony,eng ENG,DF,Ebbsfleet United,20,2004,1,0,40,0.4,0,0,0,0,0,0,1,0,0,0,0,0,0,Matches
38,Alex Aoraha,iq IRQ,"MF,FW",Ebbsfleet United,21,2003,16,11,922,10.2,0,2,2,0,0,0,2,0,0,0.2,0.2,0,0.2,Matches
39,Keenan Appiah-Forson,eng ENG,"MF,DF",Southend United,22,2001,36,15,"1,611",17.9,2,1,3,2,0,0,3,0,0.11,0.06,0.17,0.11,0.17,Matches
40,Raphael Araoye,eng ENG,DF,Yeovil Town,20,2004,5,2,200,2.2,0,1,1,0,0,0,0,0,0,0.45,0.45,0,0.45,Matches
41,Will Armitage,eng ENG,DF,Aldershot Town,19,2005,20,20,"1,771",19.7,0,1,1,0,0,0,3,0,0,0.05,0.05,0,0.05,Matches
42,Finlay Armstrong,eng ENG,"MF,DF",Rochdale,21,2003,12,2,278,3.1,0,0,0,0,0,0,0,0,0,0,0,0,0,Matches
43,Marvin Armstrong,eng ENG,"MF,FW",York City,25,1999,39,30,"2,431",27,4,1,5,4,0,0,4,0,0.15,0.04,0.19,0.15,0.19,Matches
44,Steve Arnold,eng ENG,GK,Sutton United,34,1989,14,14,"1,260",14,0,0,0,0,0,0,1,0,0,0,0,0,0,Matches
45,Festus Arthur,de GER,DF,FC Halifax Town,23,2001,9,7,558,6.2,0,1,1,0,0,0,1,0,0,0.16,0.16,0,0.16,Matches
46,Sam Ashford,eng ENG,"FW,MF",Wealdstone FC,28,1995,28,20,"1,764",19.6,7,1,8,6,1,1,2,0,0.36,0.05,0.41,0.31,0.36,Matches
47,Sam Ashford,eng ENG,FW,Woking,28,1995,8,7,556,6.2,0,1,1,0,0,0,0,0,0,0.16,0.16,0,0.16,Matches
48,Nathan Asiimwe,ug UGA,"MF,DF",Hartlepool United,19,2004,5,4,288,3.2,0,0,0,0,0,0,0,0,0,0,0,0,0,Matches
49,Leon Ayinde,ie IRL,"FW,MF",Rochdale,19,2004,27,11,974,10.8,2,1,3,2,0,0,0,0,0.18,0.09,0.28,0.18,0.28,Matches
50,Lewis Baines,eng ENG,DF,Altrincham,25,1998,37,36,"3,194",35.5,1,0,1,1,0,0,1,0,0.03,0,0.03,0.03,0.03,Matches
Rk,Player,Nation,Pos,Squad,Age,Born,MP,Starts,Min,90s,Gls,Ast,G+A,G-PK,PK,PKatt,CrdY,CrdR,Gls,Ast,G+A,G-PK,G+A-PK,Matches
51,Hazeem Bakre,eng ENG,MF,Dagenham & Redbridge,18,2005,3,0,78,0.9,0,0,0,0,0,0,0,0,0,0,0,0,0,Matches
52,Lanre Balogun,eng ENG,FW,Braintree Town,23,2000,3,0,52,0.6,0,0,0,0,0,0,0,0,0,0,0,0,0,Matches
53,Lewis Banks,eng ENG,DF,Altrincham,27,1997,44,41,"3,702",41.1,2,2,4,2,0,0,8,0,0.05,0.05,0.1,0.05,0.1,Matches
54,Dante Baptiste,eng ENG,GK,Wealdstone FC,22,2002,7,7,630,7,0,0,0,0,0,0,1,0,0,0,0,0,0,Matches
55,Finley Barbrook,eng ENG,MF,Sutton United,19,2004,35,34,"2,930",32.6,2,1,3,2,0,0,12,0,0.06,0.03,0.09,0.06,0.09,Matches
56,Max Bardell,eng ENG,DF,Fylde,21,2002,26,22,"1,918",21.3,0,0,0,0,0,0,4,0,0,0,0,0,0,Matches
57,Jack Barham,eng ENG,FW,Aldershot Town,28,1996,44,30,"2,821",31.3,10,4,14,10,0,0,4,0,0.32,0.13,0.45,0.32,0.45,Matches
58,Aidan Barlow,eng ENG,"FW,MF",Rochdale,24,2000,26,18,"1,591",17.7,2,5,7,2,0,0,2,0,0.11,0.28,0.4,0.11,0.4,Matches
59,Sam Barratt,eng ENG,MF,Maidenhead United,28,1995,32,13,"1,179",13.1,4,2,6,1,3,3,3,0,0.31,0.15,0.46,0.08,0.23,Matches
60,Josh Barrett,ie IRL,FW,Aldershot Town,26,1998,38,33,"2,538",28.2,16,2,18,16,0,1,7,0,0.57,0.07,0.64,0.57,0.64,Matches
61,Killian Barrett,ie IRL,GK,Rochdale,20,2004,9,9,810,9,0,0,0,0,0,0,0,0,0,0,0,0,0,Matches
62,Killian Barrett,ie IRL,GK,Solihull Moors,20,2004,9,9,810,9,0,0,0,0,0,0,0,0,0,0,0,0,0,Matches
63,Mason Barrett,eng ENG,"DF,MF",Wealdstone FC,24,1999,9,9,699,7.8,0,0,0,0,0,0,1,0,0,0,0,0,0,Matches
64,Ryan Bartley,eng ENG,DF,Gateshead,20,2003,9,6,539,6,0,0,0,0,0,0,1,1,0,0,0,0,0,Matches
65,Daniel Batty,eng ENG,"MF,DF",York City,26,1997,41,32,"2,814",31.3,0,5,5,0,0,0,5,0,0,0.16,0.16,0,0.16,Matches
66,Harry Beautyman,eng ENG,"MF,FW",Woking,32,1992,35,29,"2,620",29.1,10,3,13,5,5,5,8,0,0.34,0.1,0.45,0.17,0.27,Matches
67,Mark Beck,sct SCO,"FW,MF",Gateshead,30,1994,14,3,393,4.4,0,0,0,0,0,0,0,0,0,0,0,0,0,Matches
68,Sam Beckwith,eng ENG,DF,Rochdale,23,2001,45,43,"3,716",41.3,2,0,2,2,0,0,9,1,0.05,0,0.05,0.05,0.05,Matches
69,Jean Belehoua,fr FRA,DF,Gateshead,23,2000,25,16,"1,717",19.1,0,1,1,0,0,0,1,0,0,0.05,0.05,0,0.05,Matches
70,Zac Bell,wls WAL,DF,Maidenhead United,21,2003,5,2,223,2.5,0,0,0,0,0,0,1,0,0,0,0,0,0,Matches
71,Giosue Bellagambi,ug UGA,GK,Barnet,22,2001,1,1,90,1,0,0,0,0,0,0,0,0,0,0,0,0,0,Matches
72,Dominic Bernard,ie IRL,DF,Yeovil Town,27,1997,31,24,"2,196",24.4,2,1,3,2,0,0,8,1,0.08,0.04,0.12,0.08,0.12,Matches
73,Dylan Berry,nir NIR,GK,Ebbsfleet United,21,2003,1,1,90,1,0,0,0,0,0,0,0,0,0,0,0,0,0,Matches
74,Jake Bickerstaff,wls WAL,"FW,MF",Altrincham,22,2001,25,12,"1,052",11.7,2,2,4,2,0,0,1,0,0.17,0.17,0.34,0.17,0.34,Matches
75,Rakish Bingham,eng ENG,"FW,MF",Ebbsfleet United,30,1993,23,11,"1,052",11.7,2,0,2,1,1,1,3,0,0.17,0,0.17,0.09,0.09,Matches
Rk,Player,Nation,Pos,Squad,Age,Born,MP,Starts,Min,90s,Gls,Ast,G+A,G-PK,PK,PKatt,CrdY,CrdR,Gls,Ast,G+A,G-PK,G+A-PK,Matches
76,Jay Bird,eng ENG,FW,Rochdale,23,2001,9,6,458,5.1,4,0,4,4,0,0,0,0,0.79,0,0.79,0.79,0.79,Matches
77,Tom Blackwell,eng ENG,"MF,FW",Braintree Town,23,2000,42,24,"2,128",23.6,2,2,4,2,0,0,2,0,0.08,0.08,0.17,0.08,0.17,Matches
78,Sonny Blu Lo-Everton,sct SCO,MF,Yeovil Town,21,2002,29,19,"1,661",18.5,4,1,5,4,0,0,2,0,0.22,0.05,0.27,0.22,0.27,Matches
79,Nana Boateng,eng ENG,"MF,FW",Sutton United,21,2002,27,11,"1,037",11.5,0,0,0,0,0,0,2,0,0,0,0,0,0,Matches
80,Ashley Boatswain,ms MSR,FW,Fylde,19,2005,18,7,659,7.3,1,0,1,1,0,0,0,0,0.14,0,0.14,0.14,0.14,Matches
81,Enzio Boldewijn,nl NED,"MF,DF",Wealdstone FC,31,1992,45,41,"3,639",40.4,2,1,3,2,0,0,3,0,0.05,0.02,0.07,0.05,0.07,Matches
82,Aaron Bolger,ie IRL,MF,Ebbsfleet United,24,2000,16,16,"1,395",15.5,0,0,0,0,0,0,3,0,0,0,0,0,0,Matches
83,Harrison Bond,eng ENG,GK,Gateshead,20,2003,2,1,139,1.5,0,0,0,0,0,0,0,0,0,0,0,0,0,Matches
84,Matthew Bondswell,eng ENG,DF,Hartlepool United,22,2002,1,0,9,0.1,0,0,0,0,0,0,0,0,0,0,0,0,0,Matches
85,Macauley Bonne,zw ZIM,FW,Southend United,28,1995,40,20,"2,129",23.7,5,4,9,5,0,0,3,0,0.21,0.17,0.38,0.21,0.38,Matches
86,Regan Booty,eng ENG,MF,Gateshead,26,1998,43,43,"3,861",42.9,2,8,10,2,0,0,10,0,0.05,0.19,0.23,0.05,0.23,Matches
87,Pedro Borges,pt POR,"MF,DF",Yeovil Town,19,2005,8,6,436,4.8,0,0,0,0,0,0,0,0,0,0,0,0,0,Matches
88,John Bostock,tt TRI,MF,Solihull Moors,32,1992,40,28,"2,428",27,0,3,3,0,0,0,4,0,0,0.11,0.11,0,0.11,Matches
89,Michael Bostwick,eng ENG,"DF,MF",Boston United,36,1988,17,17,"1,410",15.7,0,0,0,0,0,0,5,0,0,0,0,0,0,Matches
90,Noa Boutin,fr FRA,"MF,DF",Eastleigh,20,2003,34,26,"2,295",25.5,1,0,1,1,0,0,5,0,0.04,0,0.04,0.04,0.04,Matches
91,Sam Bowen,wls WAL,MF,Solihull Moors,23,2001,32,29,"2,412",26.8,4,1,5,4,0,0,3,0,0.15,0.04,0.19,0.15,0.19,Matches
92,Jamie Bramwell,eng ENG,"DF,MF",Gateshead,20,2004,5,3,287,3.2,1,0,1,1,0,0,1,0,0.31,0,0.31,0.31,0.31,Matches
93,Oliver Bray,eng ENG,FW,Aldershot Town,21,2003,6,1,107,1.2,0,1,1,0,0,0,0,0,0,0.84,0.84,0,0.84,Matches
94,Owen Bray,eng ENG,MF,FC Halifax Town,21,2003,36,12,"1,150",12.8,2,3,5,2,0,0,4,0,0.16,0.23,0.39,0.16,0.39,Matches
95,Luke Brennan,eng ENG,MF,Fylde,22,2001,5,1,101,1.1,0,0,0,0,0,0,0,0,0,0,0,0,0,Matches
96,Jack Bridge,eng ENG,"MF,DF",Southend United,28,1995,42,31,"2,889",32.1,1,4,5,0,1,1,1,0,0.03,0.12,0.16,0,0.12,Matches
97,Richard Brindley,eng ENG,"DF,MF",Eastleigh,31,1993,37,33,"2,803",31.1,3,1,4,3,0,0,9,1,0.1,0.03,0.13,0.1,0.13,Matches
98,Tiernan Brooks,ie IRL,GK,Gateshead,22,2002,24,24,"2,160",24,0,0,0,0,0,0,1,0,0,0,0,0,0,Matches
99,Michael Brothers,eng ENG,MF,Braintree Town,39,1985,1,0,1,0,0,0,0,0,0,0,0,0,0,0,0,0,0,Matches
100,Jedidiah Brown,eng ENG,FW,Wealdstone FC,25,1998,1,0,2,0,0,0,0,0,0,0,0,0,0,0,0,0,0,Matches
Rk,Player,Nation,Pos,Squad,Age,Born,MP,Starts,Min,90s,Gls,Ast,G+A,G-PK,PK,PKatt,CrdY,CrdR,Gls,Ast,G+A,G-PK,G+A-PK,Matches
101,Rhys Browne,ag ATG,"FW,MF",Barnet,28,1995,29,16,"1,431",15.9,7,2,9,7,0,0,3,0,0.44,0.13,0.57,0.44,0.57,Matches
102,Rico Browne,kn SKN,DF,Tamworth,20,2003,4,4,316,3.5,0,0,0,0,0,0,0,0,0,0,0,0,0,Matches
103,Tyler Bruck,,FW,Solihull Moors,,,3,0,12,0.1,0,0,0,0,0,0,0,0,0,0,0,0,0,Matches
104,Zak Brunt,eng ENG,"MF,FW",Barnet,22,2001,44,31,"2,572",28.6,6,6,12,5,1,1,5,0,0.21,0.21,0.42,0.17,0.38,Matches
105,Harvey Bunker,eng ENG,"MF,DF",Forest Green Rovers,21,2003,35,16,"1,760",19.6,5,1,6,5,0,0,4,0,0.26,0.05,0.31,0.26,0.31,Matches
106,Jake Burger,eng ENG,"FW,MF",Rochdale,19,2005,25,13,"1,259",14,1,1,2,1,0,0,2,0,0.07,0.07,0.14,0.07,0.14,Matches
107,Jacob Butterfield,eng ENG,"MF,FW",Gateshead,34,1990,19,18,"1,295",14.4,4,0,4,4,0,0,1,0,0.28,0,0.28,0.28,0.28,Matches
108,Jili Buyabu,eng ENG,MF,Rochdale,22,2001,22,16,"1,336",14.8,0,0,0,0,0,0,2,0,0,0,0,0,0,Matches
109,Lachlan Byrd,au AUS,DF,Aldershot Town,22,2002,17,15,"1,372",15.2,0,0,0,0,0,0,2,0,0,0,0,0,0,Matches
110,Adam Campbell,eng ENG,"MF,FW",Hartlepool United,29,1995,38,26,"2,164",24,2,0,2,2,0,0,3,0,0.08,0,0.08,0.08,0.08,Matches
111,Tahvon Campbell,eng ENG,"FW,MF",Solihull Moors,27,1997,9,6,512,5.7,2,0,2,1,1,1,2,0,0.35,0,0.35,0.18,0.18,Matches
112,Ted Cann,eng ENG,GK,Forest Green Rovers,23,2000,6,6,540,6,0,0,0,0,0,0,1,0,0,0,0,0,0,Matches
113,Angelo Cappello,bz BLZ,"MF,FW",FC Halifax Town,22,2002,38,30,"2,487",27.6,3,2,5,3,0,0,5,0,0.11,0.07,0.18,0.11,0.18,Matches
114,Jake Caprice,eng ENG,"MF,DF",Oldham Athletic,31,1992,40,32,"2,746",30.5,2,3,5,2,0,0,6,0,0.07,0.1,0.16,0.07,0.16,Matches
115,Mustapha Carayol,gm GAM,"DF,MF",Wealdstone FC,35,1988,12,5,572,6.4,1,1,2,1,0,0,1,0,0.16,0.16,0.31,0.16,0.31,Matches
116,Harry Cardwell,sct SCO,FW,Southend United,27,1996,5,5,449,5,1,1,2,1,0,0,0,0,0.2,0.2,0.4,0.2,0.4,Matches
117,Harry Cardwell,sct SCO,FW,Forest Green Rovers,27,1996,37,15,"1,449",16.1,4,1,5,4,0,0,1,0,0.25,0.06,0.31,0.25,0.31,Matches
118,Ryan Carr,sct SCO,MF,Gateshead,19,2004,1,0,3,0,0,0,0,0,0,0,0,0,0,0,0,0,0,Matches
119,Ryan Carr,sct SCO,MF,Ebbsfleet United,19,2004,10,6,579,6.4,1,0,1,1,0,0,1,0,0.16,0,0.16,0.16,0.16,Matches
120,Ruben Carvalho,eng ENG,MF,Maidenhead United,23,2001,13,1,209,2.3,0,0,0,0,0,0,0,0,0,0,0,0,0,Matches
121,Kallum Cesay,sl SLE,MF,Wealdstone FC,21,2002,37,33,"2,917",32.4,6,0,6,6,0,0,7,0,0.19,0,0.19,0.19,0.19,Matches
122,Billy Chadwick,eng ENG,FW,Boston United,24,2000,3,2,192,2.1,0,1,1,0,0,0,1,0,0,0.47,0.47,0,0.47,Matches
123,Billy Chadwick,eng ENG,MF,York City,24,2000,20,8,704,7.8,1,1,2,1,0,0,0,0,0.13,0.13,0.26,0.13,0.26,Matches
124,Leon Chambers-Parillon,eng ENG,MF,Southend United,22,2001,18,11,927,10.3,0,5,5,0,0,0,0,0,0,0.49,0.49,0,0.49,Matches
125,Ben Chapman,eng ENG,"MF,DF",Ebbsfleet United,25,1998,38,31,"2,788",31,1,2,3,1,0,0,8,0,0.03,0.06,0.1,0.03,0.1,Matches
Rk,Player,Nation,Pos,Squad,Age,Born,MP,Starts,Min,90s,Gls,Ast,G+A,G-PK,PK,PKatt,CrdY,CrdR,Gls,Ast,G+A,G-PK,G+A-PK,Matches
126,Harry Chapman,eng ENG,"MF,FW",Barnet,26,1997,22,9,945,10.5,4,2,6,3,1,1,2,0,0.38,0.19,0.57,0.29,0.48,Matches
127,Luke Charman,eng ENG,"MF,FW",Hartlepool United,26,1997,40,26,"2,267",25.2,4,5,9,4,0,0,6,0,0.16,0.2,0.36,0.16,0.36,Matches
128,Harry Charsley,ie IRL,"MF,FW",Oldham Athletic,27,1996,11,7,606,6.7,2,0,2,2,0,0,0,0,0.3,0,0.3,0.3,0.3,Matches
129,Adam Chicksen,zw ZIM,DF,Woking,32,1991,26,25,"2,183",24.3,0,2,2,0,0,0,4,0,0,0.08,0.08,0,0.08,Matches
130,Ryan Clampin,eng ENG,DF,Braintree Town,25,1999,35,33,"2,802",31.1,0,4,4,0,0,0,6,1,0,0.13,0.13,0,0.13,Matches
131,Taylor Clark,eng ENG,DF,Wealdstone FC,19,2005,2,1,56,0.6,0,0,0,0,0,0,0,0,0,0,0,0,0,Matches
132,Jahmari Clarke,jm JAM,FW,Wealdstone FC,20,2003,2,0,33,0.4,0,0,0,0,0,0,0,0,0,0,0,0,0,Matches
133,Jahmari Clarke,jm JAM,FW,Yeovil Town,20,2003,1,0,45,0.5,0,0,0,0,0,0,1,0,0,0,0,0,0,Matches
134,James Clarke,ie IRL,"DF,MF",Solihull Moors,24,2000,41,40,"3,432",38.1,1,2,3,1,0,0,7,2,0.03,0.05,0.08,0.03,0.08,Matches
135,Regan Clayton,eng ENG,DF,Dagenham & Redbridge,19,2004,11,7,622,6.9,0,0,0,0,0,0,2,0,0,0,0,0,0,Matches
136,Reyes Cleary,eng ENG,"MF,FW",Hartlepool United,20,2004,20,18,"1,540",17.1,6,3,9,6,0,0,3,0,0.35,0.18,0.53,0.35,0.53,Matches
137,Remy Clerima,fr FRA,DF,Maidenhead United,33,1990,13,11,967,10.7,0,1,1,0,0,0,0,0,0,0.09,0.09,0,0.09,Matches
138,Billy Clifford,eng ENG,"MF,FW",Barnet,31,1992,21,6,637,7.1,0,0,0,0,0,0,3,0,0,0,0,0,0,Matches
139,Ben Close,eng ENG,MF,Eastleigh,27,1996,16,16,"1,293",14.4,0,1,1,0,0,0,1,0,0,0.07,0.07,0,0.07,Matches
140,Sam Clucas,eng ENG,MF,Oldham Athletic,33,1990,7,6,574,6.4,0,2,2,0,0,0,4,0,0,0.31,0.31,0,0.31,Matches
141,Kieran Coates,eng ENG,DF,Boston United,22,2001,12,3,390,4.3,0,1,1,0,0,0,1,0,0,0.23,0.23,0,0.23,Matches
142,Owen Cochrane,,"DF,MF",Maidenhead United,,,33,22,"2,027",22.5,0,2,2,0,0,0,0,0,0,0.09,0.09,0,0.09,Matches
143,Callum Cockerill-Mollett,eng ENG,DF,Tamworth,25,1999,20,20,"1,649",18.3,0,3,3,0,0,0,0,0,0,0.16,0.16,0,0.16,Matches
144,Ben Coker,eng ENG,"DF,MF",Barnet,35,1989,31,20,"1,718",19.1,2,6,8,2,0,0,5,0,0.1,0.31,0.42,0.1,0.42,Matches
145,Oliver Coker,,"MF,FW",Southend United,,,32,24,"1,906",21.2,5,3,8,5,0,0,3,0,0.24,0.14,0.38,0.24,0.38,Matches
146,Josh Coley,eng ENG,MF,Sutton United,26,1998,33,22,"2,072",23,5,4,9,5,0,0,6,0,0.22,0.17,0.39,0.22,0.39,Matches
147,Charlie Colkett,eng ENG,"MF,FW",Gateshead,27,1996,18,5,572,6.4,0,0,0,0,0,0,0,0,0,0,0,0,0,Matches
148,Danny Collinge,eng ENG,DF,Barnet,26,1998,29,26,"2,294",25.5,4,4,8,4,0,0,3,1,0.16,0.16,0.31,0.16,0.31,Matches
149,Tom Conlon,eng ENG,MF,Oldham Athletic,28,1996,30,29,"2,354",26.2,0,3,3,0,0,0,6,0,0,0.11,0.11,0,0.11,Matches
150,Raheem Conte,eng ENG,"MF,DF",Woking,21,2002,8,6,559,6.2,0,1,1,0,0,0,0,0,0,0.16,0.16,0,0.16,Matches
Rk,Player,Nation,Pos,Squad,Age,Born,MP,Starts,Min,90s,Gls,Ast,G+A,G-PK,PK,PKatt,CrdY,CrdR,Gls,Ast,G+A,G-PK,G+A-PK,Matches
151,Jack Cook,eng ENG,DF,Wealdstone FC,30,1993,36,35,"3,119",34.7,2,1,3,2,0,0,12,0,0.06,0.03,0.09,0.06,0.09,Matches
152,Jamie Cooke,eng ENG,"MF,FW",FC Halifax Town,22,2002,44,33,"3,089",34.3,7,3,10,6,1,1,9,1,0.2,0.09,0.29,0.17,0.26,Matches
153,Charlie Cooper,eng ENG,MF,Yeovil Town,27,1997,41,36,"3,239",36,2,3,5,2,0,0,10,0,0.06,0.08,0.14,0.06,0.14,Matches
154,Chay Cooper,eng ENG,MF,Braintree Town,22,2001,43,26,"2,302",25.6,4,6,10,4,0,0,6,1,0.16,0.23,0.39,0.16,0.39,Matches
155,Kai Corbett,eng ENG,"FW,MF",Aldershot Town,21,2002,34,11,"1,041",11.6,1,2,3,1,0,0,1,0,0.09,0.17,0.26,0.09,0.26,Matches
156,Tyler Cordner,eng ENG,DF,Ebbsfleet United,25,1998,16,15,"1,245",13.8,1,0,1,1,0,0,4,0,0.07,0,0.07,0.07,0.07,Matches
157,Aaron Cosgrave,eng ENG,"FW,MF",FC Halifax Town,25,1999,5,0,85,0.9,0,0,0,0,0,0,0,0,0,0,0,0,0,Matches
158,Aaron Cosgrave,eng ENG,FW,Ebbsfleet United,25,1999,32,27,"2,291",25.5,8,2,10,8,0,1,2,0,0.31,0.08,0.39,0.31,0.39,Matches
159,Finn Cousin-Dawson,nir NIR,"DF,MF",Yeovil Town,21,2002,37,28,"2,566",28.5,2,0,2,2,0,0,10,1,0.07,0,0.07,0.07,0.07,Matches
160,Mark Cousins,eng ENG,GK,Ebbsfleet United,37,1987,43,43,"3,870",43,0,0,0,0,0,0,1,0,0,0,0,0,0,Matches
161,Aidan Coyne,au AUS,DF,Maidenhead United,20,2004,2,0,5,0.1,0,0,0,0,0,0,0,0,0,0,0,0,0,Matches
162,Oliver Crankshaw,eng ENG,MF,Altrincham,25,1998,6,2,154,1.7,0,0,0,0,0,0,2,0,0,0,0,0,0,Matches
163,Ellis Craven,eng ENG,GK,Boston United,19,2004,1,0,35,0.4,0,0,0,0,0,0,0,0,0,0,0,0,0,Matches
164,Tom Crawford,eng ENG,MF,Altrincham,25,1999,42,40,"3,534",39.3,4,5,9,3,1,1,12,2,0.1,0.13,0.23,0.08,0.2,Matches
165,Daniel Creaney,eng ENG,FW,Tamworth,30,1994,42,31,"2,832",31.5,19,5,24,18,1,1,12,0,0.6,0.16,0.76,0.57,0.73,Matches
166,Romoney Crichlow-Noble,eng ENG,DF,Dagenham & Redbridge,25,1999,10,10,853,9.5,1,0,1,1,0,0,6,1,0.11,0,0.11,0.11,0.11,Matches
167,Ben Crompton,eng ENG,DF,Tamworth,20,2003,25,22,"1,887",21,1,2,3,1,0,0,6,0,0.05,0.1,0.14,0.05,0.14,Matches
168,Adam Crookes,eng ENG,DF,York City,26,1997,13,7,764,8.5,1,2,3,1,0,0,0,0,0.12,0.24,0.35,0.12,0.35,Matches
169,Jordan Cropper,eng ENG,DF,Barnet,24,2000,29,1,402,4.5,0,2,2,0,0,0,0,0,0,0.45,0.45,0,0.45,Matches
170,Adam Crowther,eng ENG,DF,Southend United,23,2001,20,20,"1,748",19.4,1,1,2,1,0,0,1,0,0.05,0.05,0.1,0.05,0.1,Matches
171,Jordan Cullinane-Liburd,eng ENG,DF,Tamworth,29,1995,26,22,"2,022",22.5,2,1,3,2,0,0,11,2,0.09,0.04,0.13,0.09,0.13,Matches
172,Jo Cummings,eng ENG,DF,FC Halifax Town,25,1998,13,12,"1,025",11.4,0,0,0,0,0,0,1,0,0,0,0,0,0,Matches
173,Greg Cundle,eng ENG,FW,Ebbsfleet United,27,1997,10,3,429,4.8,0,1,1,0,0,0,0,0,0,0.21,0.21,0,0.21,Matches
174,Robbie Cundy,eng ENG,DF,Solihull Moors,27,1997,8,8,617,6.9,0,0,0,0,0,0,1,0,0,0,0,0,0,Matches
175,Matt Curley,eng ENG,DF,Tamworth,29,1995,16,9,843,9.4,0,0,0,0,0,0,2,0,0,0,0,0,0,Matches
Rk,Player,Nation,Pos,Squad,Age,Born,MP,Starts,Min,90s,Gls,Ast,G+A,G-PK,PK,PKatt,CrdY,CrdR,Gls,Ast,G+A,G-PK,G+A-PK,Matches
176,Tom Dallison,eng ENG,DF,Ebbsfleet United,28,1996,30,28,"2,604",28.9,0,0,0,0,0,0,9,0,0,0,0,0,0,Matches
177,Campbell Darcy,eng ENG,MF,Hartlepool United,18,2006,1,0,9,0.1,0,0,0,0,0,0,0,0,0,0,0,0,0,Matches
178,Jezreel Davies,eng ENG,"MF,FW",Ebbsfleet United,20,2004,6,4,368,4.1,0,1,1,0,0,0,1,1,0,0.24,0.24,0,0.24,Matches
179,Will Davies,eng ENG,FW,Sutton United,25,1999,44,40,"3,682",40.9,18,4,22,16,2,3,8,0,0.44,0.1,0.54,0.39,0.49,Matches
180,Harry Davis,eng ENG,DF,Fylde,32,1991,26,25,"2,138",23.8,2,0,2,2,0,0,8,1,0.08,0,0.08,0.08,0.08,Matches
181,Dillon De Silva,lk SRI,"MF,FW",Sutton United,22,2002,21,11,931,10.3,1,1,2,1,0,0,1,0,0.1,0.1,0.19,0.1,0.19,Matches
182,Jake Dennis,wls WAL,GK,Oldham Athletic,19,2004,1,1,90,1,0,0,0,0,0,0,0,0,0,0,0,0,0,Matches
183,Matthew Dennis,eng ENG,FW,Rochdale,22,2002,4,1,87,1,0,0,0,0,0,0,0,0,0,0,0,0,0,Matches
184,Marcus Dewhurst,eng ENG,GK,Aldershot Town,23,2001,43,43,"3,870",43,0,0,0,0,0,0,3,0,0,0,0,0,0,Matches
185,Emmanuel Dieseruvwe,eng ENG,"FW,MF",Hartlepool United,29,1995,46,41,"3,794",42.2,17,2,19,16,1,2,6,0,0.4,0.05,0.45,0.38,0.43,Matches
186,Kennedy Digie,eng ENG,DF,Tamworth,27,1996,29,27,"2,456",27.3,2,0,2,2,0,0,2,0,0.07,0,0.07,0.07,0.07,Matches
187,Joel Dixon,eng ENG,GK,Hartlepool United,30,1993,6,6,482,5.4,0,1,1,0,0,0,0,0,0,0.19,0.19,0,0.19,Matches
188,Daniel Dodds,eng ENG,"DF,MF",Hartlepool United,23,2001,23,17,"1,458",16.2,0,0,0,0,0,0,2,1,0,0,0,0,0,Matches
189,Joe Dodoo,eng ENG,"FW,MF",Solihull Moors,29,1995,7,6,497,5.5,1,0,1,0,1,1,1,0,0.18,0,0.18,0,0,Matches
190,Christian Doidge,wls WAL,FW,Forest Green Rovers,31,1992,41,21,"1,881",20.9,12,4,16,12,0,0,0,0,0.57,0.19,0.77,0.57,0.77,Matches
191,Brad Dolaghan,eng ENG,FW,Aldershot Town,19,2004,3,0,63,0.7,0,0,0,0,0,0,0,0,0,0,0,0,0,Matches
192,Callum Dolan,eng ENG,"MF,FW",Oldham Athletic,23,2000,6,3,249,2.8,0,0,0,0,0,0,1,0,0,0,0,0,0,Matches
193,Callum Dolan,eng ENG,MF,Altrincham,23,2000,6,4,336,3.7,0,0,0,0,0,0,0,0,0,0,0,0,0,Matches
194,Franklin Domi,al ALB,"MF,DF",Ebbsfleet United,23,2000,36,24,"2,259",25.1,3,2,5,3,0,0,7,1,0.12,0.08,0.2,0.12,0.2,Matches
195,Tom Donaghy,eng ENG,GK,Oldham Athletic,21,2003,10,10,900,10,0,0,0,0,0,0,0,0,0,0,0,0,0,Matches
196,Tom Donaghy,eng ENG,GK,Boston United,21,2003,2,2,180,2,0,0,0,0,0,0,0,0,0,0,0,0,0,Matches
197,Luke Dreher,eng ENG,MF,Wealdstone FC,25,1998,3,2,131,1.5,0,0,0,0,0,0,0,0,0,0,0,0,0,Matches
198,Kane Drummond,eng ENG,FW,Oldham Athletic,23,2000,7,4,312,3.5,0,0,0,0,0,0,0,0,0,0,0,0,0,Matches
199,Immanuelson Duku,nl NED,FW,Solihull Moors,31,1992,9,6,614,6.8,4,0,4,4,0,0,0,0,0.59,0,0.59,0.59,0.59,Matches
200,Tyrese Dyce,eng ENG,DF,Maidenhead United,23,2001,11,6,641,7.1,0,0,0,0,0,0,1,0,0,0,0,0,0,Matches
Rk,Player,Nation,Pos,Squad,Age,Born,MP,Starts,Min,90s,Gls,Ast,G+A,G-PK,PK,PKatt,CrdY,CrdR,Gls,Ast,G+A,G-PK,G+A-PK,Matches
201,Max Dyche,eng ENG,DF,Woking,21,2003,21,21,"1,868",20.8,2,1,3,2,0,0,7,0,0.1,0.05,0.14,0.1,0.14,Matches
202,Alex Dyer,ms MSR,MF,Wealdstone FC,34,1990,32,21,"2,028",22.5,0,0,0,0,0,0,9,0,0,0,0,0,0,Matches
203,Ryan East,eng ENG,MF,Rochdale,26,1998,37,36,"3,183",35.4,2,3,5,2,0,0,2,0,0.06,0.08,0.14,0.06,0.14,Matches
204,Tom Eastman,eng ENG,DF,Dagenham & Redbridge,32,1991,26,25,"2,203",24.5,0,2,2,0,0,0,3,0,0,0.08,0.08,0,0.08,Matches
205,Craig Eastmond,eng ENG,MF,Wealdstone FC,33,1990,12,8,649,7.2,0,1,1,0,0,0,7,2,0,0.14,0.14,0,0.14,Matches
206,Ethan Ebanks-Landell,eng ENG,DF,Rochdale,31,1992,16,11,972,10.8,0,1,1,0,0,0,2,0,0,0.09,0.09,0,0.09,Matches
207,Junior Eccleston,eng ENG,DF,Sutton United,17,2007,1,1,45,0.5,0,0,0,0,0,0,1,0,0,0,0,0,0,Matches
208,Charlie Edge,,,Tamworth,,,1,0,1,0,0,0,0,0,0,0,0,0,0,0,0,0,0,Matches
209,Toby Edser,eng ENG,MF,Ebbsfleet United,25,1999,37,33,"2,910",32.3,1,0,1,1,0,0,11,1,0.03,0,0.03,0.03,0.03,Matches
210,Corey Edwards,,MF,Rochdale,,,6,5,412,4.6,0,0,0,0,0,0,0,0,0,0,0,0,0,Matches
211,Inih Effiong,eng ENG,"FW,MF",Braintree Town,33,1991,21,15,"1,383",15.4,2,0,2,1,1,1,4,0,0.13,0,0.13,0.07,0.07,Matches
212,Inih Effiong,eng ENG,FW,Woking,33,1991,23,18,"1,660",18.4,5,2,7,4,1,1,2,0,0.27,0.11,0.38,0.22,0.33,Matches
213,Dan Ellison,eng ENG,DF,Aldershot Town,19,2005,22,18,"1,560",17.3,0,0,0,0,0,0,7,1,0,0,0,0,0,Matches
214,Josh Emmanuel,eng ENG,DF,FC Halifax Town,26,1997,12,10,929,10.3,0,0,0,0,0,0,0,0,0,0,0,0,0,Matches
215,Zac Emmerson,eng ENG,"FW,MF",FC Halifax Town,19,2004,33,12,"1,246",13.8,4,1,5,4,0,0,1,0,0.29,0.07,0.36,0.29,0.36,Matches
216,Beck-Ray Enoru,cm CMR,MF,Tamworth,21,2002,37,18,"1,622",18,3,4,7,3,0,0,2,0,0.17,0.22,0.39,0.17,0.39,Matches
217,Corry Evans,nir NIR,MF,Oldham Athletic,34,1990,6,2,161,1.8,0,0,0,0,0,0,0,0,0,0,0,0,0,Matches
218,George Evans,eng ENG,GK,Sutton United,19,2005,1,1,90,1,0,0,0,0,0,0,0,0,0,0,0,0,0,Matches
219,Jack Evans,eng ENG,"MF,DF",FC Halifax Town,23,2000,36,33,"3,043",33.8,0,3,3,0,0,0,4,0,0,0.09,0.09,0,0.09,Matches
220,Owen Evans,wls WAL,GK,Barnet,27,1996,18,18,"1,620",18,0,0,0,0,0,0,3,0,0,0,0,0,0,Matches
221,Owen Evans,eng ENG,"DF,MF",Fylde,23,2000,32,28,"2,380",26.4,0,0,0,0,0,0,2,0,0,0,0,0,0,Matches
222,Dubem Eze,eng ENG,MF,FC Halifax Town,19,2005,6,1,108,1.2,0,0,0,0,0,0,0,0,0,0,0,0,0,Matches
223,Mo Fadera,gm GAM,FW,York City,19,2004,5,0,43,0.5,0,0,0,0,0,0,0,0,0,0,0,0,0,Matches
224,Malachi Fagan-Walcott,eng ENG,"DF,MF",York City,22,2002,38,38,"3,292",36.6,6,4,10,6,0,0,6,0,0.16,0.11,0.27,0.16,0.27,Matches
225,Luke Fairlamb,eng ENG,DF,Tamworth,30,1993,27,25,"2,329",25.9,0,1,1,0,0,0,3,0,0,0.04,0.04,0,0.04,Matches
Rk,Player,Nation,Pos,Squad,Age,Born,MP,Starts,Min,90s,Gls,Ast,G+A,G-PK,PK,PKatt,CrdY,CrdR,Gls,Ast,G+A,G-PK,G+A-PK,Matches
226,Louie Fallon,eng ENG,GK,Altrincham,17,2006,1,0,21,0.2,0,0,0,0,0,0,0,0,0,0,0,0,0,Matches
227,Ryan Fallowfield,eng ENG,DF,York City,28,1996,27,19,"1,767",19.6,1,0,1,1,0,0,3,0,0.05,0,0.05,0.05,0.05,Matches
228,Nicky Featherstone,eng ENG,MF,Hartlepool United,35,1988,44,29,"2,790",31,2,3,5,2,0,0,4,0,0.06,0.1,0.16,0.06,0.16,Matches
229,Joe Felix,eng ENG,"DF,MF",York City,24,1999,46,45,"4,011",44.6,2,7,9,2,0,0,6,0,0.04,0.16,0.2,0.04,0.2,Matches
230,James Fennelow,,FW,Sutton United,,,1,0,10,0.1,0,0,0,0,0,0,0,0,0,0,0,0,0,Matches
231,Kane Ferdinand,ie IRL,MF,Maidenhead United,31,1992,18,16,"1,433",15.9,0,1,1,0,0,0,1,0,0,0.06,0.06,0,0.06,Matches
232,David Ferguson,eng ENG,DF,Hartlepool United,30,1994,45,42,"3,885",43.2,3,4,7,3,0,0,5,1,0.07,0.09,0.16,0.07,0.16,Matches
233,Kyle Ferguson,sct SCO,DF,Rochdale,24,1999,15,6,654,7.3,0,0,0,0,0,0,1,0,0,0,0,0,0,Matches
234,Kyle Ferguson,sct SCO,"DF,MF",Yeovil Town,24,1999,4,4,360,4,0,0,0,0,0,0,3,0,0,0,0,0,0,Matches
235,Nathan Ferguson,gy GUY,MF,Maidenhead United,28,1995,36,35,"2,954",32.8,0,9,9,0,0,0,5,0,0,0.27,0.27,0,0.27,Matches
236,Luis Fernandez,eng ENG,DF,Eastleigh,22,2001,33,23,"1,924",21.4,0,2,2,0,0,0,7,0,0,0.09,0.09,0,0.09,Matches
237,Kyle Finn,eng ENG,MF,Tamworth,25,1998,29,13,"1,190",13.2,2,2,4,2,0,0,4,0,0.15,0.15,0.3,0.15,0.3,Matches
238,Sonny Fish,eng ENG,FW,Solihull Moors,20,2004,1,0,45,0.5,0,0,0,0,0,0,0,0,0,0,0,0,0,Matches
239,Brandon Fleming,eng ENG,MF,Forest Green Rovers,24,1999,10,3,255,2.8,0,0,0,0,0,0,2,0,0,0,0,0,0,Matches
240,Alex Fletcher,eng ENG,"MF,DF",Tamworth,27,1996,27,12,"1,267",14.1,1,0,1,1,0,0,1,0,0.07,0,0.07,0.07,0.07,Matches
241,Louis Flower,eng ENG,"FW,MF",Gateshead,19,2004,4,3,246,2.7,0,0,0,0,0,0,1,0,0,0,0,0,0,Matches
242,Samuel Folarin,ng NGA,"MF,FW",Hartlepool United,23,2000,16,2,407,4.5,1,1,2,1,0,0,1,0,0.22,0.22,0.44,0.22,0.44,Matches
243,Mike Fondop-Talom,cm CMR,FW,Oldham Athletic,30,1993,45,32,"3,187",35.4,17,5,22,16,1,2,7,0,0.48,0.14,0.62,0.45,0.59,Matches
244,Wesley Fonguck,eng ENG,"MF,FW",Ebbsfleet United,27,1997,16,9,745,8.3,1,1,2,1,0,0,0,0,0.12,0.12,0.24,0.12,0.24,Matches
245,Taylor Foran,eng ENG,DF,Southend United,20,2003,2,1,93,1,0,0,0,0,0,0,0,0,0,0,0,0,0,Matches
246,Nathaniel Ford,eng ENG,GK,FC Halifax Town,20,2004,1,0,57,0.6,0,0,0,0,0,0,0,0,0,0,0,0,0,Matches
247,Kian Foreman,,FW,Hartlepool United,,,1,0,6,0.1,0,0,0,0,0,0,0,0,0,0,0,0,0,Matches
248,Ludwig Francillette,gp GLP,DF,Eastleigh,25,1999,43,43,"3,835",42.6,8,1,9,8,0,0,9,1,0.19,0.02,0.21,0.19,0.21,Matches
249,Aidan Francis,eng ENG,"DF,FW",Braintree Town,20,2004,20,18,"1,665",18.5,1,3,4,1,0,0,3,0,0.05,0.16,0.22,0.05,0.22,Matches
250,Chris Francis,eng ENG,"DF,MF",Dagenham & Redbridge,21,2002,12,10,769,8.5,0,0,0,0,0,0,2,1,0,0,0,0,0,Matches
Rk,Player,Nation,Pos,Squad,Age,Born,MP,Starts,Min,90s,Gls,Ast,G+A,G-PK,PK,PKatt,CrdY,CrdR,Gls,Ast,G+A,G-PK,G+A-PK,Matches
251,Jermaine Francis,gd GRN,MF,Barnet,22,2002,5,0,20,0.2,0,0,0,0,0,0,0,0,0,0,0,0,0,Matches
252,Jermaine Francis,gd GRN,"MF,FW",Braintree Town,22,2002,29,26,"2,398",26.6,8,0,8,8,0,0,8,0,0.3,0,0.3,0.3,0.3,Matches
253,Kieron Freeman,wls WAL,DF,Hartlepool United,32,1992,7,5,353,3.9,0,1,1,0,0,0,0,0,0,0.25,0.25,0,0.25,Matches
254,Tyler French,eng ENG,DF,Sutton United,25,1999,41,39,"3,492",38.8,0,0,0,0,0,0,10,1,0,0,0,0,0,Matches
255,Tyler Frost,eng ENG,MF,Aldershot Town,25,1999,37,29,"2,598",28.9,6,3,9,5,1,1,2,0,0.21,0.1,0.31,0.17,0.28,Matches
256,Jamal Fyfield,eng ENG,DF,Braintree Town,35,1989,24,13,"1,332",14.8,0,1,1,0,0,0,2,0,0,0.07,0.07,0,0.07,Matches
257,James Gale,eng ENG,"MF,FW",Boston United,22,2001,20,3,621,6.9,3,1,4,3,0,0,3,0,0.43,0.14,0.58,0.43,0.58,Matches
258,James Gale,eng ENG,"FW,MF",Solihull Moors,22,2001,15,6,651,7.2,3,1,4,3,0,0,4,0,0.41,0.14,0.55,0.41,0.55,Matches
259,Oisin Gallagher,nir NIR,"MF,DF",Boston United,19,2004,4,4,311,3.5,0,0,0,0,0,0,1,0,0,0,0,0,0,Matches
260,Ryan Galvin,eng ENG,"DF,MF",FC Halifax Town,23,2001,37,28,"2,682",29.8,2,1,3,2,0,0,3,0,0.07,0.03,0.1,0.07,0.1,Matches
261,Patrick Gamble,eng ENG,DF,Fylde,20,2003,10,6,563,6.3,0,0,0,0,0,0,2,0,0,0,0,0,0,Matches
262,Dominic Gape,eng ENG,MF,Eastleigh,29,1994,10,7,636,7.1,0,2,2,0,0,0,2,0,0,0.28,0.28,0,0.28,Matches
263,Dan Gardner,eng ENG,"MF,FW",Oldham Athletic,34,1990,21,10,943,10.5,0,4,4,0,0,0,5,0,0,0.38,0.38,0,0.38,Matches
264,Joe Garner,eng ENG,"FW,MF",Oldham Athletic,36,1988,14,5,460,5.1,2,0,2,1,1,1,2,0,0.39,0,0.39,0.2,0.2,Matches
265,Jordan Garrick,eng ENG,MF,Forest Green Rovers,26,1998,21,12,"1,021",11.3,4,2,6,4,0,0,3,0,0.35,0.18,0.53,0.35,0.53,Matches
266,Anthony Georgiou,cy CYP,"DF,MF",Wealdstone FC,27,1997,34,26,"2,310",25.7,1,3,4,1,0,0,4,0,0.04,0.12,0.16,0.04,0.16,Matches
267,Hady Ghandour,lb LIB,FW,Aldershot Town,24,2000,20,15,"1,360",15.1,3,1,4,3,0,0,1,0,0.2,0.07,0.26,0.2,0.26,Matches
268,Harvey Gilmour,eng ENG,MF,Rochdale,25,1998,37,34,"2,991",33.2,2,2,4,2,0,0,4,0,0.06,0.06,0.12,0.06,0.12,Matches
269,Ryan Glover,eng ENG,"MF,DF",Barnet,23,2000,42,41,"3,460",38.4,8,9,17,8,0,0,9,0,0.21,0.23,0.44,0.21,0.44,Matches
270,Felix Goddard,eng ENG,GK,Ebbsfleet United,20,2004,1,1,90,1,0,0,0,0,0,0,0,0,0,0,0,0,0,Matches
271,Tylor Golden,eng ENG,DF,Altrincham,24,1999,41,38,"3,400",37.8,2,3,5,2,0,0,10,0,0.05,0.08,0.13,0.05,0.13,Matches
272,James Golding,ie IRL,"DF,MF",Southend United,19,2004,14,13,"1,172",13,3,0,3,3,0,0,1,0,0.23,0,0.23,0.23,0.23,Matches
273,James Golding,ie IRL,"MF,DF",Maidenhead United,19,2004,7,7,612,6.8,2,0,2,2,0,0,1,0,0.29,0,0.29,0.29,0.29,Matches
274,Anthony Gomez Mancini,fr FRA,"MF,FW",Hartlepool United,23,2001,25,7,927,10.3,2,2,4,2,0,0,3,0,0.19,0.19,0.39,0.19,0.39,Matches
275,Ben Goodliffe,eng ENG,DF,Southend United,25,1999,19,14,"1,284",14.3,2,1,3,2,0,0,2,0,0.14,0.07,0.21,0.14,0.21,Matches
Rk,Player,Nation,Pos,Squad,Age,Born,MP,Starts,Min,90s,Gls,Ast,G+A,G-PK,PK,PKatt,CrdY,CrdR,Gls,Ast,G+A,G-PK,G+A-PK,Matches
276,Kyron Gordon,eng ENG,DF,Rochdale,22,2002,38,38,"3,381",37.6,2,2,4,2,0,0,3,0,0.05,0.05,0.11,0.05,0.11,Matches
277,Dale Gorman,nir NIR,MF,Woking,28,1996,36,32,"2,831",31.5,2,8,10,2,0,0,18,1,0.06,0.25,0.32,0.06,0.32,Matches
278,Joshua Grant,eng ENG,"DF,MF",Wealdstone FC,25,1998,23,17,"1,465",16.3,3,0,3,3,0,0,2,0,0.18,0,0.18,0.18,0.18,Matches
279,Henry Gray,nz NZL,GK,Braintree Town,19,2005,20,20,"1,800",20,0,0,0,0,0,0,3,0,0,0,0,0,0,Matches
280,Joe Grayson,eng ENG,DF,Gateshead,25,1999,13,11,975,10.8,1,1,2,1,0,0,3,0,0.09,0.09,0.18,0.09,0.18,Matches
281,Cameron Green,eng ENG,"DF,MF",Boston United,25,1999,43,42,"3,722",41.4,2,5,7,2,0,0,8,0,0.05,0.12,0.17,0.05,0.17,Matches
282,Oliver Green,eng ENG,MF,Boston United,21,2003,6,1,71,0.8,0,0,0,0,0,0,0,0,0,0,0,0,0,Matches
283,Harvey Greenslade,eng ENG,"FW,MF",Yeovil Town,20,2004,27,7,895,9.9,3,1,4,3,0,0,2,0,0.3,0.1,0.4,0.3,0.4,Matches
284,Reece Grego-Cox,ie IRL,FW,Dagenham & Redbridge,27,1996,17,6,662,7.4,1,1,2,0,1,1,2,0,0.14,0.14,0.27,0,0.14,Matches
285,Cameron Gregory,eng ENG,GK,Boston United,24,2000,31,31,"2,749",30.5,0,0,0,0,0,0,1,1,0,0,0,0,0,Matches
286,Joe Grey,eng ENG,"FW,MF",Hartlepool United,21,2003,39,33,"2,788",31,6,3,9,6,0,0,4,0,0.19,0.1,0.29,0.19,0.29,Matches
287,Regan Griffiths,eng ENG,MF,Altrincham,24,2000,2,0,48,0.5,0,0,0,0,0,0,1,0,0,0,0,0,0,Matches
288,Joe Grimwood,eng ENG,DF,Barnet,22,2001,18,7,648,7.2,0,0,0,0,0,0,1,1,0,0,0,0,0,Matches
289,Joe Grimwood,eng ENG,"DF,FW",Braintree Town,22,2001,7,7,630,7,0,0,0,0,0,0,0,0,0,0,0,0,0,Matches
290,George Grumley,,MF,York City,,,1,0,1,0,0,0,0,0,0,0,0,0,0,0,0,0,0,Matches
291,Joe Gubbins,eng ENG,DF,Southend United,22,2001,24,14,"1,151",12.8,0,0,0,0,0,0,4,0,0,0,0,0,0,Matches
292,Luca Gunter,eng ENG,GK,Wealdstone FC,19,2005,14,14,"1,260",14,0,0,0,0,0,0,1,0,0,0,0,0,0,Matches
293,Reece Hall-Johnson,eng ENG,MF,Barnet,29,1995,5,3,262,2.9,0,0,0,0,0,0,0,0,0,0,0,0,0,Matches
294,Reece Hall-Johnson,eng ENG,DF,Solihull Moors,29,1995,7,6,495,5.5,0,0,0,0,0,0,3,0,0,0,0,0,0,Matches
295,Oliver Hammond,wls WAL,"MF,FW",Oldham Athletic,21,2002,8,6,483,5.4,0,0,0,0,0,0,0,0,0,0,0,0,0,Matches
296,Luke Hannant,eng ENG,"MF,DF",Gateshead,30,1993,44,44,"3,931",43.7,15,10,25,4,11,12,10,0,0.34,0.23,0.57,0.09,0.32,Matches
297,Ollie Harfield,eng ENG,DF,Aldershot Town,26,1998,6,6,468,5.2,0,0,0,0,0,0,0,0,0,0,0,0,0,Matches
298,Cameron Hargreaves,eng ENG,MF,Aldershot Town,25,1998,43,39,"3,413",37.9,5,3,8,5,0,0,7,1,0.13,0.08,0.21,0.13,0.21,Matches
299,Nathan Harness,eng ENG,GK,Southend United,24,2000,3,2,252,2.8,0,0,0,0,0,0,1,0,0,0,0,0,0,Matches
300,Kayden Harrack,gd GRN,"DF,MF",Dagenham & Redbridge,20,2003,12,9,657,7.3,0,0,0,0,0,0,2,0,0,0,0,0,0,Matches
Rk,Player,Nation,Pos,Squad,Age,Born,MP,Starts,Min,90s,Gls,Ast,G+A,G-PK,PK,PKatt,CrdY,CrdR,Gls,Ast,G+A,G-PK,G+A-PK,Matches
301,Kian Harratt,eng ENG,FW,Oldham Athletic,22,2002,9,6,574,6.4,2,0,2,2,0,0,0,0,0.31,0,0.31,0.31,0.31,Matches
302,Cian Harries,wls WAL,DF,Woking,27,1997,24,24,"2,105",23.4,1,1,2,0,1,2,5,0,0.04,0.04,0.09,0,0.04,Matches
303,Cian Harries,wls WAL,DF,Forest Green Rovers,27,1997,14,13,"1,102",12.2,0,0,0,0,0,0,2,0,0,0,0,0,0,Matches
304,Callum Harriott,gy GUY,"MF,FW",Ebbsfleet United,30,1994,10,4,373,4.1,0,1,1,0,0,0,2,0,0,0.24,0.24,0,0.24,Matches
305,Callum Harriott,gy GUY,MF,York City,30,1994,6,2,155,1.7,1,0,1,1,0,0,1,0,0.58,0,0.58,0.58,0.58,Matches
306,Jayden Harris,eng ENG,"MF,FW",Sutton United,24,1999,16,14,"1,292",14.4,3,2,5,3,0,0,5,0,0.21,0.14,0.35,0.21,0.35,Matches
307,Anthony Hartigan,eng ENG,"MF,DF",Barnet,24,2000,46,46,"4,123",45.8,2,10,12,2,0,0,4,0,0.04,0.22,0.26,0.04,0.26,Matches
308,Nathan Harvey,eng ENG,GK,Dagenham & Redbridge,22,2002,5,4,366,4.1,0,0,0,0,0,0,0,0,0,0,0,0,0,Matches
309,Nick Haughton,eng ENG,"MF,FW",Fylde,29,1994,45,42,"3,642",40.5,19,7,26,15,4,4,3,0,0.47,0.17,0.64,0.37,0.54,Matches
310,Brandon Haunstrup,eng ENG,"DF,MF",Gateshead,27,1996,9,7,535,5.9,1,1,2,1,0,0,0,0,0.17,0.17,0.34,0.17,0.34,Matches
311,Will de Havilland,eng ENG,DF,Maidenhead United,29,1994,38,38,"3,307",36.7,2,0,2,2,0,0,8,0,0.05,0,0.05,0.05,0.05,Matches
312,Nicholas Hayes,eng ENG,GK,Southend United,25,1999,18,18,"1,620",18,0,0,0,0,0,0,1,0,0,0,0,0,0,Matches
313,Nicholas Hayes,eng ENG,GK,Barnet,25,1999,25,25,"2,250",25,0,0,0,0,0,0,1,0,0,0,0,0,0,Matches
314,Maxwell Haygarth,eng ENG,MF,Altrincham,22,2002,6,4,246,2.7,0,0,0,0,0,0,2,0,0,0,0,0,0,Matches
315,Jacob Hazel,kn SKN,"FW,MF",Boston United,30,1994,45,37,"3,147",35,13,6,19,13,0,0,7,0,0.37,0.17,0.54,0.37,0.54,Matches
316,Michael Hector,jm JAM,DF,Dagenham & Redbridge,32,1992,2,2,179,2,0,0,0,0,0,0,0,0,0,0,0,0,0,Matches
317,Ian Henderson,eng ENG,"FW,MF",Rochdale,39,1985,41,9,"1,230",13.7,9,4,13,9,0,0,0,0,0.66,0.29,0.95,0.66,0.95,Matches
318,Aaron Henry,eng ENG,MF,Rochdale,20,2003,14,8,650,7.2,1,2,3,1,0,0,1,0,0.14,0.28,0.42,0.14,0.42,Matches
319,James Henry,eng ENG,"FW,MF",Aldershot Town,35,1989,40,25,"2,150",23.9,13,7,20,13,0,0,6,0,0.54,0.29,0.84,0.54,0.84,Matches
320,Jake Hessenthaler,eng ENG,MF,Dagenham & Redbridge,30,1994,34,32,"2,786",31,1,0,1,1,0,0,7,1,0.03,0,0.03,0.03,0.03,Matches
321,Scott High,sct SCO,MF,FC Halifax Town,23,2001,21,20,"1,807",20.1,2,1,3,2,0,0,3,0,0.1,0.05,0.15,0.1,0.15,Matches
322,Dylan Hill,eng ENG,MF,Boston United,20,2004,45,40,"3,535",39.3,0,2,2,0,0,0,8,0,0,0.05,0.05,0,0.05,Matches
323,Ryan Hill,eng ENG,MF,Dagenham & Redbridge,26,1998,39,32,"2,933",32.6,4,7,11,3,1,2,9,0,0.12,0.21,0.34,0.09,0.31,Matches
324,Tariq Hinds,eng ENG,MF,Braintree Town,24,2000,3,1,85,0.9,0,0,0,0,0,0,0,0,0,0,0,0,0,Matches
325,Tariq Hinds,eng ENG,"DF,MF",Woking,24,2000,15,13,"1,180",13.1,2,0,2,2,0,0,4,1,0.15,0,0.15,0.15,0.15,Matches
Rk,Player,Nation,Pos,Squad,Age,Born,MP,Starts,Min,90s,Gls,Ast,G+A,G-PK,PK,PKatt,CrdY,CrdR,Gls,Ast,G+A,G-PK,G+A-PK,Matches
326,Jack Hitchman,eng ENG,GK,Tamworth,20,2004,1,0,62,0.7,0,0,0,0,0,0,0,0,0,0,0,0,0,Matches
327,Bailey Hobson,eng ENG,"MF,FW",Barnet,21,2002,13,10,875,9.7,2,1,3,2,0,0,1,0,0.21,0.1,0.31,0.21,0.31,Matches
328,Shaun Hobson,eng ENG,DF,Oldham Athletic,26,1998,21,19,"1,726",19.2,0,0,0,0,0,0,2,0,0,0,0,0,0,Matches
329,Lee Hodson,nir NIR,"MF,DF",Eastleigh,32,1991,30,12,"1,360",15.1,0,1,1,0,0,0,2,0,0,0.07,0.07,0,0.07,Matches
330,Liam Hogan,eng ENG,DF,Rochdale,35,1989,29,26,"2,340",26,0,0,0,0,0,0,3,0,0,0,0,0,0,Matches
331,Haydn Hollis,eng ENG,DF,Tamworth,31,1992,46,46,"4,140",46,3,2,5,3,0,0,3,0,0.07,0.04,0.11,0.07,0.11,Matches
332,Fletcher Holman,eng ENG,"FW,MF",Solihull Moors,19,2004,20,9,"1,033",11.5,3,0,3,3,0,0,1,0,0.26,0,0.26,0.26,0.26,Matches
333,Finley Holmes,eng ENG,MF,Solihull Moors,18,2006,2,0,14,0.2,0,0,0,0,0,0,0,0,0,0,0,0,0,Matches
334,Josh Home,eng ENG,MF,Gateshead,19,2005,2,0,22,0.2,0,0,0,0,0,0,0,0,0,0,0,0,0,Matches
335,Tom Hopper,eng ENG,FW,Southend United,30,1993,19,15,"1,320",14.7,2,1,3,2,0,0,2,0,0.14,0.07,0.2,0.14,0.2,Matches
336,Branden Horton,eng ENG,"MF,DF",Gateshead,23,2000,17,15,"1,420",15.8,0,1,1,0,0,0,5,0,0,0.06,0.06,0,0.06,Matches
337,Bryce Hosannah,eng ENG,"DF,MF",Fylde,25,1999,25,18,"1,643",18.3,0,2,2,0,0,0,3,0,0,0.11,0.11,0,0.11,Matches
338,Florent Hoti,xk KVX,"MF,FW",FC Halifax Town,23,2000,37,31,"2,707",30.1,5,5,10,4,1,2,7,0,0.17,0.17,0.33,0.13,0.3,Matches
339,Callum Howe,eng ENG,DF,York City,30,1994,46,46,"4,139",46,3,3,6,3,0,0,3,0,0.07,0.07,0.13,0.07,0.13,Matches
340,Finn Howell,,DF,Solihull Moors,,,2,0,15,0.2,0,0,0,0,0,0,0,0,0,0,0,0,0,Matches
341,Samuel Howes,eng ENG,GK,Wealdstone FC,26,1997,8,8,650,7.2,0,0,0,0,0,0,0,0,0,0,0,0,0,Matches
342,Samuel Howes,eng ENG,GK,Maidenhead United,26,1997,6,6,540,6,0,0,0,0,0,0,0,0,0,0,0,0,0,Matches
343,Mathew Hudson,eng ENG,GK,Oldham Athletic,26,1998,35,35,"3,150",35,0,0,0,0,0,0,3,0,0,0,0,0,0,Matches
344,Will Hugill,eng ENG,MF,Fylde,20,2004,26,20,"1,764",19.6,2,0,2,2,0,0,4,0,0.1,0,0.1,0.1,0.1,Matches
345,Liam Humbles,eng ENG,MF,Gateshead,20,2003,21,15,"1,360",15.1,1,2,3,1,0,0,0,0,0.07,0.13,0.2,0.07,0.2,Matches
346,Liam Humbles,eng ENG,"MF,FW",Altrincham,20,2003,8,6,481,5.3,0,3,3,0,0,0,0,0,0,0.56,0.56,0,0.56,Matches
347,Lloyd Humphries,wls WAL,"DF,MF",Eastleigh,26,1997,37,26,"2,288",25.4,1,4,5,1,0,0,4,0,0.04,0.16,0.2,0.04,0.2,Matches
348,Alex Hunt,eng ENG,MF,York City,24,2000,45,42,"3,622",40.2,4,7,11,3,1,1,10,0,0.1,0.17,0.27,0.07,0.25,Matches
349,Jack Hunter,eng ENG,"MF,DF",Hartlepool United,26,1997,30,21,"1,960",21.8,1,0,1,1,0,0,8,1,0.05,0,0.05,0.05,0.05,Matches
350,Noor Husin,af AFG,MF,Southend United,27,1997,43,36,"3,212",35.7,1,1,2,1,0,0,6,0,0.03,0.03,0.06,0.03,0.06,Matches
Rk,Player,Nation,Pos,Squad,Age,Born,MP,Starts,Min,90s,Gls,Ast,G+A,G-PK,PK,PKatt,CrdY,CrdR,Gls,Ast,G+A,G-PK,G+A-PK,Matches
351,Dominic Hutchinson,eng ENG,"MF,DF",Wealdstone FC,22,2001,29,15,"1,501",16.7,1,1,2,1,0,0,3,0,0.06,0.06,0.12,0.06,0.12,Matches
352,Rohan Ince,ms MSR,"DF,FW",Woking,31,1992,1,0,1,0,0,0,0,0,0,0,0,0,0,0,0,0,0,Matches
353,Ryan Inniss,eng ENG,DF,Forest Green Rovers,29,1995,41,39,"3,410",37.9,5,1,6,5,0,0,3,1,0.13,0.03,0.16,0.13,0.16,Matches
354,Alex Iwumene,eng ENG,MF,Eastleigh,19,2005,1,0,1,0,0,0,0,0,0,0,0,0,0,0,0,0,0,Matches
355,William Jääskeläinen,fi FIN,GK,Woking,26,1998,44,44,"3,960",44,0,0,0,0,0,0,4,0,0,0,0,0,0,Matches
356,Ryan Jackson,eng ENG,"DF,MF",Sutton United,34,1990,24,21,"1,731",19.2,0,0,0,0,0,0,1,0,0,0,0,0,0,Matches
357,Edward James,wls WAL,DF,Yeovil Town,19,2004,2,2,157,1.7,1,0,1,1,0,0,1,0,0.57,0,0.57,0.57,0.57,Matches
358,Aaron Jarvis,eng ENG,FW,Yeovil Town,26,1998,27,24,"1,976",22,7,2,9,7,0,0,5,0,0.32,0.09,0.41,0.32,0.41,Matches
359,Zach Jeacock,eng ENG,GK,Southend United,23,2001,3,3,206,2.3,0,0,0,0,0,0,0,1,0,0,0,0,0,Matches
360,Jack Jenkins,eng ENG,MF,FC Halifax Town,22,2002,29,22,"1,626",18.1,0,1,1,0,0,0,5,0,0,0.06,0.06,0,0.06,Matches
361,Luke Jenkins,eng ENG,"DF,MF",Aldershot Town,21,2002,10,6,525,5.8,0,0,0,0,0,0,2,0,0,0,0,0,0,Matches
362,Teddy Jenks,eng ENG,"DF,MF",Forest Green Rovers,22,2002,19,8,675,7.5,2,0,2,2,0,0,0,0,0.27,0,0.27,0.27,0.27,Matches
363,Cameron John,eng ENG,DF,York City,24,1999,32,27,"2,369",26.3,2,3,5,2,0,0,6,0,0.08,0.11,0.19,0.08,0.19,Matches
364,Louis John,eng ENG,"DF,MF",Ebbsfleet United,30,1994,10,7,571,6.3,0,0,0,0,0,0,0,0,0,0,0,0,0,Matches
365,Lenell John-Lewis,eng ENG,"FW,MF",York City,35,1989,34,0,655,7.3,5,4,9,4,1,1,3,0,0.69,0.55,1.24,0.55,1.1,Matches
366,Brayden Johnson,eng ENG,MF,Gateshead,18,2006,4,0,83,0.9,0,0,0,0,0,0,0,0,0,0,0,0,0,Matches
367,Joshua Johnson,eng ENG,"MF,FW",Maidenhead United,19,2004,22,11,"1,042",11.6,1,0,1,1,0,0,0,0,0.09,0,0.09,0.09,0.09,Matches
368,Sam Johnson,eng ENG,GK,FC Halifax Town,31,1992,38,38,"3,363",37.4,0,0,0,0,0,0,0,0,0,0,0,0,0,Matches
369,Charlie Jolley,eng ENG,"FW,MF",Fylde,23,2001,39,26,"2,136",23.7,7,2,9,7,0,0,9,0,0.29,0.08,0.38,0.29,0.38,Matches
370,Aaron Jones,eng ENG,"MF,DF",Aldershot Town,30,1994,33,31,"2,724",30.3,1,0,1,1,0,0,11,2,0.03,0,0.03,0.03,0.03,Matches
371,Dan Jones,eng ENG,DF,Gateshead,29,1994,23,18,"1,574",17.5,1,0,1,1,0,0,4,0,0.06,0,0.06,0.06,0.06,Matches
372,Edward Jones,wls WAL,DF,Altrincham,22,2001,14,10,833,9.3,1,1,2,1,0,0,4,1,0.11,0.11,0.22,0.11,0.22,Matches
373,Jacob Jones,wls WAL,"MF,DF",Woking,22,2001,11,8,621,6.9,0,1,1,0,0,0,2,0,0,0.14,0.14,0,0.14,Matches
374,James Jones,sct SCO,DF,Altrincham,27,1997,27,21,"2,068",23,1,0,1,1,0,0,0,0,0.04,0,0.04,0.04,0.04,Matches
375,Louis Jones,eng ENG,GK,Dagenham & Redbridge,25,1998,7,7,624,6.9,0,0,0,0,0,0,0,0,0,0,0,0,0,Matches
Rk,Player,Nation,Pos,Squad,Age,Born,MP,Starts,Min,90s,Gls,Ast,G+A,G-PK,PK,PKatt,CrdY,CrdR,Gls,Ast,G+A,G-PK,G+A-PK,Matches
376,Ryan Jones,eng ENG,"MF,FW",Aldershot Town,22,2002,39,28,"2,526",28.1,6,5,11,6,0,0,5,0,0.21,0.18,0.39,0.21,0.39,Matches
377,Sean Jordon Adarkwa,eng ENG,FW,Wealdstone FC,23,2000,2,0,40,0.4,0,0,0,0,0,0,0,0,0,0,0,0,0,Matches
378,Alan Judge,ie IRL,MF,Braintree Town,35,1988,13,4,463,5.1,0,0,0,0,0,0,0,0,0,0,0,0,0,Matches
379,Alan Judge,ie IRL,MF,Woking,35,1988,5,2,188,2.1,0,0,0,0,0,0,0,0,0,0,0,0,0,Matches
380,Elliot Justham,eng ENG,GK,Dagenham & Redbridge,34,1990,28,28,"2,520",28,0,0,0,0,0,0,3,0,0,0,0,0,0,Matches
381,Nicke Kabamba,eng ENG,"FW,MF",Barnet,31,1993,18,13,"1,291",14.3,10,0,10,8,2,2,1,0,0.7,0,0.7,0.56,0.56,Matches
382,Adan Kai George,eng ENG,"FW,MF",FC Halifax Town,22,2002,19,13,"1,065",11.8,0,1,1,0,0,0,2,1,0,0.08,0.08,0,0.08,Matches
383,Paul Kalambayi,eng ENG,DF,Dagenham & Redbridge,25,1999,40,39,"3,375",37.5,0,1,1,0,0,0,2,0,0,0.03,0.03,0,0.03,Matches
384,Todd Kane,eng ENG,"DF,MF",Ebbsfleet United,30,1993,11,10,762,8.5,0,0,0,0,0,0,0,0,0,0,0,0,0,Matches
385,Idris Kanu,sl SLE,"MF,FW",Barnet,24,1999,38,29,"2,536",28.2,2,3,5,2,0,0,5,0,0.07,0.11,0.18,0.07,0.18,Matches
386,Josh Kay,eng ENG,MF,Oldham Athletic,27,1996,21,5,759,8.4,1,2,3,1,0,0,5,1,0.12,0.24,0.36,0.12,0.36,Matches
387,Bradley Keetch,eng ENG,MF,Maidenhead United,23,2000,12,2,239,2.7,0,0,0,0,0,0,1,0,0,0,0,0,0,Matches
388,Jim Kellerman,eng ENG,"MF,DF",Ebbsfleet United,26,1997,12,11,833,9.3,0,0,0,0,0,0,3,0,0,0,0,0,0,Matches
389,Bradley Kelly,eng ENG,GK,Rochdale,24,2000,1,0,19,0.2,0,0,0,0,0,0,0,0,0,0,0,0,0,Matches
390,Dion Kelly-Evans,eng ENG,"DF,MF",Woking,27,1996,29,25,"1,998",22.2,1,0,1,1,0,0,1,1,0.05,0,0.05,0.05,0.05,Matches
391,Charlie Kendall,eng ENG,FW,Southend United,23,2000,22,13,"1,068",11.9,4,5,9,4,0,0,0,0,0.34,0.42,0.76,0.34,0.76,Matches
392,Charlie Kendall,eng ENG,"FW,MF",Woking,23,2000,17,8,857,9.5,3,1,4,3,0,0,3,0,0.32,0.11,0.42,0.32,0.42,Matches
393,Myles Kenlock,eng ENG,"DF,MF",Barnet,27,1996,42,42,"3,609",40.1,1,1,2,1,0,0,5,0,0.02,0.02,0.05,0.02,0.05,Matches
394,Ollie Kensdale,eng ENG,"DF,MF",Southend United,24,2000,3,3,270,3,0,0,0,0,0,0,0,0,0,0,0,0,0,Matches
395,Matt Kerbey,eng ENG,GK,Sutton United,22,2002,1,0,5,0.1,0,0,0,0,0,0,0,0,0,0,0,0,0,Matches
396,Rafiq Khaleel,eng ENG,MF,Dagenham & Redbridge,21,2003,10,3,317,3.5,1,0,1,1,0,0,0,0,0.28,0,0.28,0.28,0.28,Matches
397,Otis Khan,pk PAK,MF,Oldham Athletic,28,1995,7,2,247,2.7,1,0,1,1,0,0,2,1,0.36,0,0.36,0.36,0.36,Matches
398,Otis Khan,pk PAK,"MF,FW",Yeovil Town,28,1995,5,4,303,3.4,0,0,0,0,0,0,1,1,0,0,0,0,0,Matches
399,Brendan Kiernan,eng ENG,"MF,FW",Maidenhead United,31,1992,9,7,534,5.9,5,2,7,5,0,0,2,0,0.84,0.34,1.18,0.84,1.18,Matches
400,Jeff King,eng ENG,DF,York City,28,1995,10,3,394,4.4,0,2,2,0,0,0,1,0,0,0.46,0.46,0,0.46,Matches
Rk,Player,Nation,Pos,Squad,Age,Born,MP,Starts,Min,90s,Gls,Ast,G+A,G-PK,PK,PKatt,CrdY,CrdR,Gls,Ast,G+A,G-PK,G+A-PK,Matches
401,Jack Kingdon,sct SCO,DF,Rochdale,18,2005,16,9,953,10.6,0,1,1,0,0,0,2,0,0,0.09,0.09,0,0.09,Matches
402,Alex Kirk,eng ENG,"DF,MF",Sutton United,21,2002,11,9,848,9.4,1,0,1,1,0,0,0,0,0.11,0,0.11,0.11,0.11,Matches
403,Mark Kitching,eng ENG,"MF,DF",Oldham Athletic,28,1995,40,35,"3,165",35.2,3,3,6,3,0,0,4,0,0.09,0.09,0.17,0.09,0.17,Matches
404,Harry Kite,eng ENG,MF,Yeovil Town,24,2000,7,5,428,4.8,0,0,0,0,0,0,3,0,0,0,0,0,0,Matches
405,Joe Kizzi,eng ENG,"DF,FW",Barnet,31,1993,12,6,717,8,0,1,1,0,0,0,1,0,0,0.13,0.13,0,0.13,Matches
406,Jacob Knightbridge,eng ENG,GK,Braintree Town,20,2004,2,2,180,2,0,0,0,0,0,0,0,0,0,0,0,0,0,Matches
407,Jimmy Knowles,eng ENG,"FW,MF",Boston United,23,2001,18,17,"1,216",13.5,4,2,6,4,0,0,1,0,0.3,0.15,0.44,0.3,0.44,Matches
408,Tom Knowles,eng ENG,"FW,MF",Forest Green Rovers,25,1998,40,28,"2,299",25.5,1,2,3,1,0,0,6,0,0.04,0.08,0.12,0.04,0.12,Matches
409,Corey Koerner,,,Yeovil Town,,,1,0,1,0,0,0,0,0,0,0,0,0,0,0,0,0,0,Matches
410,Ricky Korboa,eng ENG,MF,Maidenhead United,27,1996,5,2,263,2.9,0,1,1,0,0,0,0,0,0,0.34,0.34,0,0.34,Matches
411,Matty Kosylo,eng ENG,"MF,FW",Altrincham,31,1992,25,13,"1,187",13.2,2,3,5,2,0,0,6,2,0.15,0.23,0.38,0.15,0.38,Matches
412,Max Kretzschmar,eng ENG,MF,Wealdstone FC,30,1993,39,35,"2,886",32.1,3,9,12,3,0,0,9,1,0.09,0.28,0.37,0.09,0.37,Matches
413,Joss Labadie,eng ENG,"MF,DF",Solihull Moors,33,1990,19,4,348,3.9,0,0,0,0,0,0,2,1,0,0,0,0,0,Matches
414,Levi Laing,eng ENG,DF,Aldershot Town,21,2003,4,4,258,2.9,0,0,0,0,0,0,0,0,0,0,0,0,0,Matches
415,Rob Lainton,eng ENG,GK,Altrincham,34,1989,7,7,576,6.4,0,0,0,0,0,0,1,0,0,0,0,0,0,Matches
416,Reggie Lambe,bm BER,MF,Braintree Town,33,1991,6,0,107,1.2,0,0,0,0,0,0,2,0,0,0,0,0,0,Matches
417,George Langston,eng ENG,DF,Braintree Town,21,2002,42,42,"3,731",41.5,0,4,4,0,0,0,9,0,0,0.1,0.1,0,0.1,Matches
418,Alex Lankshear,eng ENG,"DF,MF",Ebbsfleet United,21,2002,14,13,"1,216",13.5,1,0,1,1,0,0,0,0,0.07,0,0.07,0.07,0.07,Matches
419,Thierry Latty Fairweather,eng ENG,DF,Maidenhead United,21,2002,34,31,"2,599",28.9,1,0,1,1,0,0,7,1,0.03,0,0.03,0.03,0.03,Matches
420,Marcel Lavinier,eng ENG,"MF,DF",Yeovil Town,23,2000,8,4,343,3.8,0,0,0,0,0,0,1,0,0,0,0,0,0,Matches
421,Marcel Lavinier,eng ENG,DF,Forest Green Rovers,23,2000,6,0,103,1.1,0,1,1,0,0,0,0,0,0,0.87,0.87,0,0.87,Matches
422,Conor Lawless,eng ENG,MF,Dagenham & Redbridge,23,2001,8,0,66,0.7,0,0,0,0,0,0,1,0,0,0,0,0,0,Matches
423,Sha'mar Lawson,,MF,Ebbsfleet United,,,6,2,227,2.5,0,0,0,0,0,0,0,0,0,0,0,0,0,Matches
424,Sha'mar Lawson,,"MF,DF",Woking,,,6,3,248,2.8,0,0,0,0,0,0,2,0,0,0,0,0,0,Matches
425,Tom Leahy,eng ENG,"FW,MF",Woking,20,2004,13,4,427,4.7,1,0,1,1,0,0,1,0,0.21,0,0.21,0.21,0.21,Matches
Rk,Player,Nation,Pos,Squad,Age,Born,MP,Starts,Min,90s,Gls,Ast,G+A,G-PK,PK,PKatt,CrdY,CrdR,Gls,Ast,G+A,G-PK,G+A-PK,Matches
426,Tom Leak,eng ENG,DF,Boston United,23,2000,17,10,"1,012",11.2,0,0,0,0,0,0,3,0,0,0,0,0,0,Matches
427,Jake Leake,eng ENG,"DF,MF",Oldham Athletic,21,2003,16,15,"1,261",14,0,0,0,0,0,0,1,0,0,0,0,0,0,Matches
428,Lewis Leigh,eng ENG,"MF,FW",FC Halifax Town,20,2003,7,3,338,3.8,0,0,0,0,0,0,0,1,0,0,0,0,0,Matches
429,Dennon Lewis,eng ENG,MF,Woking,27,1997,18,10,981,10.9,0,1,1,0,0,0,0,0,0,0.09,0.09,0,0.09,Matches
430,Sam Ling,eng ENG,DF,Dagenham & Redbridge,27,1996,13,8,679,7.5,0,1,1,0,0,0,0,0,0,0.13,0.13,0,0.13,Matches
431,Regan Linney,eng ENG,"FW,MF",Altrincham,27,1997,42,36,"3,077",34.2,23,7,30,18,5,5,9,0,0.67,0.2,0.88,0.53,0.73,Matches
432,Kyreece Lisbie,jm JAM,MF,Braintree Town,20,2003,5,5,408,4.5,1,0,1,1,0,0,2,0,0.22,0,0.22,0.22,0.22,Matches
433,Kyrell Lisbie,jm JAM,"MF,FW",Braintree Town,20,2003,40,30,"2,554",28.4,13,1,14,13,0,0,7,0,0.46,0.04,0.49,0.46,0.49,Matches
434,Kai Lissimore,eng ENG,MF,Tamworth,20,2003,5,0,93,1,0,0,0,0,0,0,1,0,0,0,0,0,0,Matches
435,Paris Lock,eng ENG,FW,Braintree Town,19,2004,5,0,20,0.2,0,0,0,0,0,0,0,0,0,0,0,0,0,Matches
436,Kevin Lokko,eng ENG,DF,Maidenhead United,28,1995,27,26,"2,276",25.3,4,1,5,4,0,0,4,1,0.16,0.04,0.2,0.16,0.2,Matches
437,Adam Long,eng ENG,DF,Fylde,23,2000,18,15,"1,346",15,1,1,2,1,0,0,2,0,0.07,0.07,0.13,0.07,0.13,Matches
438,Sean Long,ie IRL,DF,Forest Green Rovers,29,1995,37,32,"2,746",30.5,0,0,0,0,0,0,9,1,0,0,0,0,0,Matches
439,Aaron Loupalo-Bi,eng ENG,FW,Dagenham & Redbridge,18,2005,20,12,"1,060",11.8,1,1,2,1,0,0,0,0,0.08,0.08,0.17,0.08,0.17,Matches
440,Kazenga LuaLua,cd COD,MF,Hartlepool United,33,1990,7,2,247,2.7,0,1,1,0,0,0,1,0,0,0.36,0.36,0,0.36,Matches
441,Junior Luamba,eng ENG,MF,York City,21,2003,17,5,648,7.2,1,2,3,1,0,0,0,0,0.14,0.28,0.42,0.14,0.42,Matches
442,Lucas,br BRA,GK,Braintree Town,33,1991,23,23,"2,070",23,0,0,0,0,0,0,0,0,0,0,0,0,0,Matches
443,Lucas,br BRA,GK,Ebbsfleet United,33,1991,1,1,90,1,0,0,0,0,0,0,0,0,0,0,0,0,0,Matches
444,Josh Lundstram,eng ENG,"MF,FW",Oldham Athletic,25,1999,37,28,"2,326",25.8,5,2,7,5,0,0,1,0,0.19,0.08,0.27,0.19,0.27,Matches
445,Lennon MacLorg,eng ENG,GK,Braintree Town,18,2005,1,1,90,1,0,0,0,0,0,0,0,0,0,0,0,0,0,Matches
446,Jacob Maddox,eng ENG,"MF,FW",Yeovil Town,25,1998,5,2,129,1.4,0,0,0,0,0,0,0,0,0,0,0,0,0,Matches
447,Gary Madine,eng ENG,FW,Hartlepool United,33,1990,29,17,"1,426",15.8,7,1,8,7,0,0,1,0,0.44,0.06,0.5,0.44,0.5,Matches
448,Christian Maghoma,cd COD,"DF,MF",Aldershot Town,26,1997,23,21,"1,888",21,0,2,2,0,0,0,5,0,0,0.1,0.1,0,0.1,Matches
449,Chris Maguire,sct SCO,"FW,MF",Eastleigh,35,1989,42,24,"2,416",26.8,8,0,8,5,3,5,7,0,0.3,0,0.3,0.19,0.19,Matches
450,Frankie Maguire,eng ENG,MF,Boston United,21,2003,37,30,"2,472",27.5,5,4,9,5,0,0,4,0,0.18,0.15,0.33,0.18,0.33,Matches
Rk,Player,Nation,Pos,Squad,Age,Born,MP,Starts,Min,90s,Gls,Ast,G+A,G-PK,PK,PKatt,CrdY,CrdR,Gls,Ast,G+A,G-PK,G+A-PK,Matches
451,Niall Maher,eng ENG,DF,Eastleigh,29,1995,36,35,"3,038",33.8,3,0,3,3,0,0,6,0,0.09,0,0.09,0.09,0.09,Matches
452,Ronan Maher,ie IRL,MF,Tamworth,19,2004,13,10,824,9.2,2,2,4,2,0,0,1,0,0.22,0.22,0.44,0.22,0.44,Matches
453,Trent Mahorn,eng ENG,"DF,MF",Dagenham & Redbridge,22,2001,33,19,"1,917",21.3,0,1,1,0,0,0,9,0,0,0.05,0.05,0,0.05,Matches
454,Emmanuel Maja-Awesu,eng ENG,MF,Aldershot Town,23,2001,9,1,252,2.8,0,0,0,0,0,0,1,0,0,0,0,0,0,Matches
455,Jovan Malcolm,eng ENG,"FW,MF",Gateshead,21,2002,37,21,"2,063",22.9,9,1,10,9,0,0,2,0,0.39,0.04,0.44,0.39,0.44,Matches
456,Harrison Male,eng ENG,GK,York City,23,2000,41,41,"3,620",40.2,0,1,1,0,0,0,4,0,0,0.02,0.02,0,0.02,Matches
457,Maxx Manktelow,,"DF,FW",Ebbsfleet United,,,25,7,953,10.6,1,1,2,1,0,0,3,0,0.09,0.09,0.19,0.09,0.19,Matches
458,Adrian Mariappa,jm JAM,DF,Wealdstone FC,37,1986,41,33,"3,081",34.2,0,0,0,0,0,0,9,1,0,0,0,0,0,Matches
459,Adam Marriott,eng ENG,FW,Boston United,33,1991,29,1,483,5.4,2,0,2,2,0,0,0,0,0.37,0,0.37,0.37,0.37,Matches
460,Isaac Marriott,eng ENG,MF,Altrincham,24,1999,18,12,974,10.8,1,0,1,1,0,0,5,0,0.09,0,0.09,0.09,0.09,Matches
461,Marley Marshall-Miranda,eng ENG,"MF,DF",Braintree Town,21,2002,31,27,"2,231",24.8,1,0,1,1,0,0,16,1,0.04,0,0.04,0.04,0.04,Matches
462,Brandon Mason,eng ENG,"MF,DF",Wealdstone FC,26,1997,7,4,396,4.4,0,0,0,0,0,0,3,0,0,0,0,0,0,Matches
463,Owen Mason,ie IRL,GK,Gateshead,20,2004,11,11,990,11,0,0,0,0,0,0,0,0,0,0,0,0,0,Matches
464,Alan Massey,eng ENG,DF,Maidenhead United,35,1989,21,13,"1,311",14.6,0,0,0,0,0,0,2,1,0,0,0,0,0,Matches
465,Gavin Massey,eng ENG,"MF,FW",Fylde,31,1992,38,25,"2,228",24.8,6,2,8,6,0,1,8,0,0.24,0.08,0.32,0.24,0.32,Matches
466,Roshaun Mathurin,eng ENG,"MF,FW",Hartlepool United,20,2004,9,3,297,3.3,0,1,1,0,0,0,0,0,0,0.3,0.3,0,0.3,Matches
467,Archie Matthews,eng ENG,GK,Wealdstone FC,22,2001,9,9,741,8.2,0,0,0,0,0,0,0,0,0,0,0,0,0,Matches
468,Adam May,eng ENG,MF,Forest Green Rovers,26,1997,46,46,"4,090",45.4,2,3,5,2,0,0,5,0,0.04,0.07,0.11,0.04,0.11,Matches
469,Jokubas Mazionis,lt LTU,DF,Woking,18,2006,6,6,540,6,0,0,0,0,0,0,1,0,0,0,0,0,0,Matches
470,Kyle McAllister,sct SCO,"MF,FW",Forest Green Rovers,25,1999,44,39,"3,446",38.3,10,7,17,9,1,1,5,0,0.26,0.18,0.44,0.24,0.42,Matches
471,Connor McAvoy,sct SCO,DF,Wealdstone FC,22,2002,16,13,"1,174",13,0,0,0,0,0,0,4,0,0,0,0,0,0,Matches
472,Connor McBride,sct SCO,"FW,MF",Rochdale,23,2001,31,19,"1,712",19,4,2,6,4,0,0,1,0,0.21,0.11,0.32,0.21,0.32,Matches
473,Paul McCallum,eng ENG,FW,Eastleigh,31,1993,35,26,"2,326",25.8,9,3,12,7,2,2,10,0,0.35,0.12,0.46,0.27,0.39,Matches
474,Charlie McCann,nir NIR,MF,Forest Green Rovers,22,2002,38,35,"3,109",34.5,11,4,15,11,0,0,8,0,0.32,0.12,0.43,0.32,0.43,Matches
475,Luke McCormick,eng ENG,MF,Forest Green Rovers,25,1999,5,1,162,1.8,0,0,0,0,0,0,0,0,0,0,0,0,0,Matches
Rk,Player,Nation,Pos,Squad,Age,Born,MP,Starts,Min,90s,Gls,Ast,G+A,G-PK,PK,PKatt,CrdY,CrdR,Gls,Ast,G+A,G-PK,G+A-PK,Matches
476,Shawn McCoulsky,eng ENG,FW,Maidenhead United,27,1997,44,36,"3,307",36.7,16,2,18,14,2,2,6,0,0.44,0.05,0.49,0.38,0.44,Matches
477,Wesley McDonald,eng ENG,"FW,MF",Eastleigh,27,1997,6,0,123,1.4,0,0,0,0,0,0,1,0,0,0,0,0,0,Matches
478,Joe McDonnell,eng ENG,GK,Eastleigh,30,1994,46,46,"4,140",46,0,1,1,0,0,0,4,0,0,0.02,0.02,0,0.02,Matches
479,Callum McFarlane,eng ENG,"FW,MF",Wealdstone FC,20,2003,8,6,634,7,3,0,3,3,0,0,0,0,0.43,0,0.43,0.43,0.43,Matches
480,Lincoln McFayden,eng ENG,"DF,MF",Fylde,22,2002,31,23,"2,179",24.2,2,2,4,2,0,0,2,0,0.08,0.08,0.17,0.08,0.17,Matches
481,Brett McGavin,eng ENG,MF,Yeovil Town,24,1999,39,35,"2,991",33.2,7,3,10,7,0,1,3,0,0.21,0.09,0.3,0.21,0.3,Matches
482,Tom McGlinchey,eng ENG,MF,Tamworth,27,1996,42,35,"2,968",33,10,2,12,10,0,0,2,0,0.3,0.06,0.36,0.3,0.36,Matches
483,Will McGowan,eng ENG,"MF,FW",Gateshead,21,2002,15,10,863,9.6,0,2,2,0,0,0,0,0,0,0.21,0.21,0,0.21,Matches
484,Ciaran McGuckin,nir NIR,"FW,MF",Yeovil Town,20,2003,26,20,"1,636",18.2,4,4,8,4,0,0,1,0,0.22,0.22,0.44,0.22,0.44,Matches
485,Sean McGurk,eng ENG,"FW,MF",Yeovil Town,21,2003,10,7,563,6.3,2,0,2,2,0,0,0,0,0.32,0,0.32,0.32,0.32,Matches
486,Patrick McLaughlin,nir NIR,"DF,MF",York City,33,1991,6,0,23,0.3,0,0,0,0,0,0,0,0,0,0,0,0,0,Matches
487,Ryan McLean,eng ENG,MF,Yeovil Town,24,2000,7,2,253,2.8,0,0,0,0,0,0,0,0,0,0,0,0,0,Matches
488,Luke McNicholas,ie IRL,GK,Rochdale,24,2000,9,9,810,9,0,0,0,0,0,0,0,0,0,0,0,0,0,Matches
489,Cameron McPherson,,,Braintree Town,,,1,0,1,0,0,0,0,0,0,0,0,0,0,0,0,0,0,Matches
490,Rollin Menayese,wls WAL,"DF,MF",Aldershot Town,26,1997,12,10,"1,005",11.2,0,0,0,0,0,0,4,0,0,0,0,0,0,Matches
491,Cavanagh Miley,eng ENG,MF,Southend United,29,1995,25,12,"1,139",12.7,0,0,0,0,0,0,8,1,0,0,0,0,0,Matches
492,Jamie Miley,eng ENG,MF,Hartlepool United,20,2004,16,13,"1,068",11.9,2,2,4,2,0,0,6,0,0.17,0.17,0.34,0.17,0.34,Matches
493,Todd Miller,eng ENG,MF,Wealdstone FC,21,2002,3,0,38,0.4,0,0,0,0,0,0,0,0,0,0,0,0,0,Matches
494,Zak Mills,eng ENG,DF,Boston United,32,1992,39,39,"3,489",38.8,6,1,7,6,0,0,9,0,0.15,0.03,0.18,0.15,0.18,Matches
495,Carter Milmore,eng ENG,DF,Gateshead,18,2005,1,0,5,0.1,0,0,0,0,0,0,0,0,0,0,0,0,0,Matches
496,Ben Milnes,eng ENG,MF,Tamworth,32,1991,28,23,"1,707",19,2,2,4,1,1,1,8,0,0.11,0.11,0.21,0.05,0.16,Matches
497,Ethan Mitchell,eng ENG,MF,Fylde,21,2002,40,39,"3,445",38.3,1,2,3,1,0,0,14,0,0.03,0.05,0.08,0.03,0.08,Matches
498,Kairo Mitchell,gd GRN,FW,Rochdale,26,1997,44,35,"3,117",34.6,14,4,18,13,1,1,8,0,0.4,0.12,0.52,0.38,0.49,Matches
499,Jayden Mitchell-Lawson,eng ENG,MF,Maidenhead United,24,1999,11,11,870,9.7,0,1,1,0,0,0,2,0,0,0.1,0.1,0,0.1,Matches
500,George Moncur,eng ENG,"MF,FW",Southend United,30,1993,14,12,969,10.8,0,1,1,0,0,0,1,0,0,0.09,0.09,0,0.09,Matches
Rk,Player,Nation,Pos,Squad,Age,Born,MP,Starts,Min,90s,Gls,Ast,G+A,G-PK,PK,PKatt,CrdY,CrdR,Gls,Ast,G+A,G-PK,G+A-PK,Matches
501,George Moncur,eng ENG,"MF,FW",Ebbsfleet United,30,1993,21,21,"1,701",18.9,3,3,6,3,0,0,0,0,0.16,0.16,0.32,0.16,0.32,Matches
502,Manny Monthe,cm CMR,DF,Oldham Athletic,29,1995,27,27,"2,429",27,4,1,5,4,0,0,5,0,0.15,0.04,0.19,0.15,0.19,Matches
503,Daniel Mooney,wls WAL,"FW,MF",Boston United,25,1999,13,6,515,5.7,0,0,0,0,0,1,1,0,0,0,0,0,0,Matches
504,Deon Moore,gy GUY,"FW,MF",Woking,25,1999,10,7,531,5.9,0,1,1,0,0,0,1,0,0,0.17,0.17,0,0.17,Matches
505,Jack Moore,eng ENG,DF,Tamworth,20,2003,1,0,1,0,0,0,0,0,0,0,0,0,0,0,0,0,0,Matches
506,Jordan Moore-Taylor,eng ENG,"DF,MF",Forest Green Rovers,30,1994,23,19,"1,672",18.6,1,0,1,1,0,0,2,0,0.05,0,0.05,0.05,0.05,Matches
507,Dylan Morgan,eng ENG,"MF,FW",Yeovil Town,21,2002,11,5,439,4.9,0,1,1,0,0,0,0,0,0,0.21,0.21,0,0.21,Matches
508,Junior Morias,eng ENG,"MF,FW",Dagenham & Redbridge,29,1995,19,19,"1,554",17.3,6,3,9,6,0,0,2,0,0.35,0.17,0.52,0.35,0.52,Matches
509,Junior Morias,eng ENG,MF,Woking,29,1995,7,3,338,3.8,2,0,2,2,0,0,0,0,0.53,0,0.53,0.53,0.53,Matches
510,George Morrison,sct SCO,MF,Tamworth,18,2005,34,32,"2,772",30.8,0,2,2,0,0,0,9,0,0,0.06,0.06,0,0.06,Matches
511,Kyle Morrison,eng ENG,DF,Solihull Moors,28,1996,11,5,598,6.6,0,0,0,0,0,0,1,0,0,0,0,0,0,Matches
512,James Morton,eng ENG,MF,Southend United,24,1999,43,32,"2,835",31.5,0,4,4,0,0,0,3,0,0,0.13,0.13,0,0.13,Matches
513,Daniel Moss,eng ENG,"MF,DF",Woking,23,2000,27,25,"2,136",23.7,3,0,3,3,0,0,9,0,0.13,0,0.13,0.13,0.13,Matches
514,Harry Moss,eng ENG,GK,Gateshead,20,2004,3,3,270,3,0,0,0,0,0,0,0,0,0,0,0,0,0,Matches
515,Fabian Mrozek,pl POL,GK,Forest Green Rovers,20,2003,11,11,990,11,0,0,0,0,0,0,1,0,0,0,0,0,0,Matches
516,Hayden Muller,eng ENG,"DF,MF",Sutton United,22,2002,26,21,"1,839",20.4,0,0,0,0,0,0,4,0,0,0,0,0,0,Matches
517,Maxwell Mullins,eng ENG,"DF,MF",Aldershot Town,21,2002,32,5,675,7.5,1,2,3,1,0,0,3,0,0.13,0.27,0.4,0.13,0.4,Matches
518,Jaydn Mundle-Smith,eng ENG,DF,Wealdstone FC,24,1999,17,15,"1,385",15.4,0,5,5,0,0,0,3,1,0,0.32,0.32,0,0.32,Matches
519,Christian N'Guessan,eng ENG,MF,Dagenham & Redbridge,25,1998,40,33,"2,829",31.4,1,1,2,1,0,0,6,0,0.03,0.03,0.06,0.03,0.06,Matches
520,Ashley Nadesan,eng ENG,"FW,MF",Sutton United,29,1994,43,28,"2,863",31.8,8,7,15,8,0,0,8,0,0.25,0.22,0.47,0.25,0.47,Matches
521,Richard Nartey,eng ENG,DF,Barnet,25,1998,2,0,52,0.6,0,0,0,0,0,0,0,0,0,0,0,0,0,Matches
522,Ashley Nathaniel-George,ag ATG,"MF,FW",York City,29,1995,36,24,"1,992",22.1,6,2,8,6,0,0,6,1,0.27,0.09,0.36,0.27,0.36,Matches
523,Lee Ndlovu,zw ZIM,FW,Barnet,29,1994,20,17,"1,418",15.8,6,1,7,6,0,0,1,0,0.38,0.06,0.44,0.38,0.44,Matches
524,Alex Newby,eng ENG,MF,Altrincham,28,1995,44,42,"3,519",39.1,15,9,24,15,0,0,4,0,0.38,0.23,0.61,0.38,0.61,Matches
525,Joe Newton,eng ENG,"DF,MF",Solihull Moors,23,2001,40,36,"3,273",36.4,0,3,3,0,0,0,7,0,0,0.08,0.08,0,0.08,Matches
Rk,Player,Nation,Pos,Squad,Age,Born,MP,Starts,Min,90s,Gls,Ast,G+A,G-PK,PK,PKatt,CrdY,CrdR,Gls,Ast,G+A,G-PK,G+A-PK,Matches
526,Tyrelle Newton,eng ENG,"FW,MF",Gateshead,19,2005,34,20,"1,957",21.7,4,1,5,4,0,0,5,0,0.18,0.05,0.23,0.18,0.23,Matches
527,Brad Nicholson,eng ENG,DF,Boston United,25,1998,19,17,"1,597",17.7,0,4,4,0,0,0,3,0,0,0.23,0.23,0,0.23,Matches
528,Daniel Nkrumah,eng ENG,FW,FC Halifax Town,20,2003,6,4,321,3.6,0,0,0,0,0,0,1,0,0,0,0,0,0,Matches
529,James Norwood,eng ENG,"FW,MF",Oldham Athletic,33,1990,25,14,"1,261",14,8,2,10,7,1,1,5,0,0.57,0.14,0.71,0.5,0.64,Matches
530,Frank Nouble,eng ENG,FW,Gateshead,32,1991,7,3,299,3.3,0,0,0,0,0,0,1,0,0,0,0,0,0,Matches
531,Frank Nouble,eng ENG,"FW,MF",Yeovil Town,32,1991,36,25,"2,459",27.3,3,3,6,3,0,0,4,0,0.11,0.11,0.22,0.11,0.22,Matches
532,Joe Nuttall,eng ENG,"FW,MF",Altrincham,27,1997,26,13,"1,307",14.5,4,1,5,4,0,0,3,0,0.28,0.07,0.34,0.28,0.34,Matches
533,Solomon Nwabuokei,eng ENG,MF,Eastleigh,28,1996,4,3,315,3.5,0,0,0,0,0,0,2,0,0,0,0,0,0,Matches
534,Aiden O'Brien,ie IRL,MF,Woking,30,1993,9,7,556,6.2,3,0,3,3,0,0,2,0,0.49,0,0.49,0.49,0.49,Matches
535,Darragh O'Connor,ie IRL,DF,York City,24,1999,4,2,190,2.1,0,0,0,0,0,0,1,0,0,0,0,0,0,Matches
536,Taelor O'Kane,eng ENG,MF,Fylde,18,2005,20,6,707,7.9,0,1,1,0,0,0,1,0,0,0.13,0.13,0,0.13,Matches
537,Luke O'Neill,eng ENG,DF,Ebbsfleet United,32,1991,22,21,"1,654",18.4,0,0,0,0,0,0,1,0,0,0,0,0,0,Matches
538,Marcel Oakley,eng ENG,"DF,MF",Solihull Moors,21,2002,29,27,"2,294",25.5,1,1,2,1,0,0,6,0,0.04,0.04,0.08,0.04,0.08,Matches
539,Emeka Obi,ng NGA,DF,Fylde,23,2001,22,14,"1,340",14.9,0,0,0,0,0,0,3,0,0,0,0,0,0,Matches
540,Micah Obiero,eng ENG,"FW,MF",Wealdstone FC,23,2001,35,21,"1,919",21.3,3,1,4,3,0,0,5,0,0.14,0.05,0.19,0.14,0.19,Matches
541,Siju Odelusi,eng ENG,MF,Sutton United,25,1998,34,20,"1,818",20.2,3,0,3,1,2,2,4,0,0.15,0,0.15,0.05,0.05,Matches
542,Nathan Odokonyero,eng ENG,FW,Ebbsfleet United,21,2002,1,0,31,0.3,0,0,0,0,0,0,0,0,0,0,0,0,0,Matches
543,Oluwarotimi Odusina,eng ENG,DF,Woking,24,1999,21,16,"1,432",15.9,0,0,0,0,0,0,4,0,0,0,0,0,0,Matches
544,Reagan Ogle,eng ENG,DF,Oldham Athletic,25,1999,36,34,"2,969",33,1,1,2,1,0,0,5,0,0.03,0.03,0.06,0.03,0.06,Matches
545,Miracle Okafor,eng ENG,FW,Tamworth,23,2001,14,1,197,2.2,0,0,0,0,0,0,0,0,0,0,0,0,0,Matches
546,Jid Okeke,ng NGA,"MF,FW",Rochdale,19,2004,8,6,520,5.8,0,1,1,0,0,0,1,0,0,0.17,0.17,0,0.17,Matches
547,Jerome Okimo,eng ENG,"DF,MF",Barnet,36,1988,11,0,141,1.6,0,0,0,0,0,0,0,0,0,0,0,0,0,Matches
548,Chinwike Okoli,eng ENG,DF,Sutton United,20,2003,9,6,577,6.4,0,0,0,0,0,0,3,0,0,0,0,0,0,Matches
549,Chinwike Okoli,eng ENG,DF,Woking,20,2003,17,16,"1,385",15.4,1,0,1,1,0,0,4,1,0.06,0,0.06,0.06,0.06,Matches
550,Emmanuel Okunowo,eng ENG,MF,Braintree Town,18,2005,6,0,42,0.5,0,0,0,0,0,0,1,0,0,0,0,0,0,Matches
Rk,Player,Nation,Pos,Squad,Age,Born,MP,Starts,Min,90s,Gls,Ast,G+A,G-PK,PK,PKatt,CrdY,CrdR,Gls,Ast,G+A,G-PK,G+A-PK,Matches
551,Mustapha Olagunju,eng ENG,DF,Ebbsfleet United,22,2002,24,24,"2,095",23.3,2,0,2,2,0,0,6,2,0.09,0,0.09,0.09,0.09,Matches
552,Greg Olley,eng ENG,FW,Gateshead,28,1996,2,2,86,1,3,0,3,3,0,0,0,0,3.14,0,3.14,3.14,3.14,Matches
553,Charlie Olson,eng ENG,DF,Altrincham,19,2004,20,20,"1,613",17.9,0,0,0,0,0,0,5,0,0,0,0,0,0,Matches
554,Andrew Oluwabori,ng NGA,"MF,FW",FC Halifax Town,22,2001,27,17,"1,501",16.7,6,0,6,6,0,0,3,0,0.36,0,0.36,0.36,0.36,Matches
555,Adebola Oluwo,eng ENG,DF,Barnet,24,1999,36,33,"2,948",32.8,6,0,6,6,0,0,5,0,0.18,0,0.18,0.18,0.18,Matches
556,Joshua Oluwole,eng ENG,MF,Woking,25,1999,8,2,325,3.6,0,0,0,0,0,0,1,0,0,0,0,0,0,Matches
557,Tobi Omole,eng ENG,DF,Wealdstone FC,24,1999,3,0,12,0.1,0,0,0,0,0,0,0,0,0,0,0,0,0,Matches
558,Tyrese Omotoye,be BEL,FW,Forest Green Rovers,21,2002,4,0,34,0.4,0,0,0,0,0,0,0,0,0,0,0,0,0,Matches
559,Manny Onariase,ng NGA,"DF,MF",Hartlepool United,27,1996,4,0,80,0.9,0,0,0,0,0,0,0,0,0,0,0,0,0,Matches
560,Manny Onariase,ng NGA,DF,Maidenhead United,27,1996,20,19,"1,720",19.1,1,0,1,1,0,0,1,0,0.05,0,0.05,0.05,0.05,Matches
561,Charles Ondo,gq EQG,DF,Ebbsfleet United,20,2003,1,0,34,0.4,0,0,0,0,0,0,0,0,0,0,0,0,0,Matches
562,Danny Ormerod,eng ENG,"FW,MF",Fylde,18,2006,33,11,"1,110",12.3,1,1,2,1,0,0,3,0,0.08,0.08,0.16,0.08,0.16,Matches
563,Emmanuel Osadebe,ie IRL,"MF,DF",Forest Green Rovers,27,1996,41,24,"2,266",25.2,1,5,6,1,0,0,9,0,0.04,0.2,0.24,0.04,0.24,Matches
564,Elliot Osborne,eng ENG,MF,Altrincham,28,1996,42,35,"3,067",34.1,1,3,4,1,0,0,4,0,0.03,0.09,0.12,0.03,0.12,Matches
565,Jamey Osborne,eng ENG,"MF,FW",Solihull Moors,32,1992,39,37,"3,128",34.8,2,10,12,2,0,0,13,0,0.06,0.29,0.35,0.06,0.35,Matches
566,Sam Osborne,eng ENG,"MF,FW",Boston United,25,1999,19,11,962,10.7,3,1,4,3,0,0,2,0,0.28,0.09,0.37,0.28,0.37,Matches
567,Owen Oseni,ie IRL,FW,Gateshead,21,2003,24,21,"1,686",18.7,12,0,12,12,0,0,4,0,0.64,0,0.64,0.64,0.64,Matches
568,Lewis Page,eng ENG,"DF,MF",Ebbsfleet United,28,1996,16,15,"1,065",11.8,1,0,1,1,0,0,4,0,0.08,0,0.08,0.08,0.08,Matches
569,Corey Panter,eng ENG,"DF,MF",Eastleigh,23,2000,22,11,"1,110",12.3,0,0,0,0,0,0,9,0,0,0,0,0,0,Matches
570,Tom Parkes,eng ENG,"DF,MF",Hartlepool United,32,1992,41,41,"3,550",39.4,2,1,3,2,0,0,11,0,0.05,0.03,0.08,0.05,0.08,Matches
571,Connor Parsons,eng ENG,MF,Dagenham & Redbridge,23,2000,2,0,86,1,0,0,0,0,0,0,0,0,0,0,0,0,0,Matches
572,Kacper Pasiek,pl POL,"DF,MF",Altrincham,18,2005,7,4,416,4.6,0,0,0,0,0,0,0,0,0,0,0,0,0,Matches
573,Josh Passley,eng ENG,"MF,DF",Ebbsfleet United,29,1994,11,9,730,8.1,0,0,0,0,0,0,2,1,0,0,0,0,0,Matches
574,Kai Payne,eng ENG,MF,Oldham Athletic,19,2004,4,4,326,3.6,0,0,0,0,0,0,0,0,0,0,0,0,0,Matches
575,Ollie Pearce,eng ENG,"FW,MF",York City,28,1995,45,44,"3,771",41.9,31,10,41,23,8,8,7,1,0.74,0.24,0.98,0.55,0.79,Matches
Rk,Player,Nation,Pos,Squad,Age,Born,MP,Starts,Min,90s,Gls,Ast,G+A,G-PK,PK,PKatt,CrdY,CrdR,Gls,Ast,G+A,G-PK,G+A-PK,Matches
576,Sam Pearson,wls WAL,MF,Yeovil Town,22,2001,12,5,615,6.8,1,4,5,1,0,0,1,0,0.15,0.59,0.73,0.15,0.73,Matches
577,Matt Penney,eng ENG,"DF,MF",Rochdale,26,1998,1,0,31,0.3,0,0,0,0,0,0,0,0,0,0,0,0,0,Matches
578,Matt Penney,eng ENG,"DF,MF",Altrincham,26,1998,3,0,118,1.3,0,1,1,0,0,0,0,0,0,0.76,0.76,0,0.76,Matches
579,Aribim Pepple,ca CAN,FW,Southend United,21,2002,19,17,"1,217",13.5,7,2,9,7,0,0,3,0,0.52,0.15,0.67,0.52,0.67,Matches
580,Dion Pereira,ag ATG,"MF,FW",Dagenham & Redbridge,25,1999,35,29,"2,551",28.3,10,4,14,4,6,6,2,0,0.35,0.14,0.49,0.14,0.28,Matches
581,Tom Pett,eng ENG,MF,Oldham Athletic,32,1991,21,19,"1,664",18.5,0,5,5,0,0,0,4,0,0,0.27,0.27,0,0.27,Matches
582,Casey Pettit,eng ENG,MF,Maidenhead United,21,2002,46,46,"3,943",43.8,0,1,1,0,0,0,5,0,0,0.02,0.02,0,0.02,Matches
583,Giles Phillips,us USA,"DF,MF",Ebbsfleet United,27,1997,5,4,349,3.9,0,0,0,0,0,0,0,0,0,0,0,0,0,Matches
584,Leon Phillips,eng ENG,GK,Tamworth,22,2001,1,1,90,1,0,0,0,0,0,0,0,0,0,0,0,0,0,Matches
585,Harry Phipps,eng ENG,"DF,MF",Dagenham & Redbridge,25,1998,34,28,"2,616",29.1,4,0,4,4,0,0,5,0,0.14,0,0.14,0.14,0.14,Matches
586,Rio Phipps,eng ENG,"MF,DF",Braintree Town,26,1997,7,3,362,4,0,0,0,0,0,0,2,0,0,0,0,0,0,Matches
587,Jacob Pinnington,eng ENG,"DF,MF",Braintree Town,19,2004,20,14,"1,310",14.6,0,2,2,0,0,0,3,0,0,0.14,0.14,0,0.14,Matches
588,Jacob Pinnington,eng ENG,"MF,DF",Solihull Moors,19,2004,9,2,214,2.4,0,0,0,0,0,0,0,0,0,0,0,0,0,Matches
589,James Plant,eng ENG,"DF,MF",Yeovil Town,19,2004,13,12,"1,077",12,2,1,3,2,0,0,2,0,0.17,0.08,0.25,0.17,0.25,Matches
590,Dominic Poleon,lc LCA,FW,Ebbsfleet United,30,1993,27,14,"1,571",17.5,5,0,5,4,1,1,1,0,0.29,0,0.29,0.23,0.23,Matches
591,Jordan Ponticelli,eng ENG,"MF,FW",Tamworth,25,1998,19,9,752,8.4,2,2,4,2,0,0,0,0,0.24,0.24,0.48,0.24,0.48,Matches
592,Callum Powell,eng ENG,MF,Tamworth,28,1996,2,2,138,1.5,0,0,0,0,0,0,0,0,0,0,0,0,0,Matches
593,Callum Powell,eng ENG,"FW,MF",Braintree Town,28,1996,16,7,689,7.7,1,0,1,1,0,0,2,0,0.13,0,0.13,0.13,0.13,Matches
594,Joe Pritchard,eng ENG,"MF,FW",Oldham Athletic,27,1996,14,6,778,8.6,2,2,4,1,1,1,4,0,0.23,0.23,0.46,0.12,0.35,Matches
595,Tom Pugh,eng ENG,"MF,FW",FC Halifax Town,23,2000,39,18,"1,645",18.3,2,1,3,2,0,0,1,0,0.11,0.05,0.16,0.11,0.16,Matches
596,Rekeil Pyke,eng ENG,FW,Eastleigh,26,1997,2,2,99,1.1,0,0,0,0,0,0,0,0,0,0,0,0,0,Matches
597,Joe Quigley,ie IRL,FW,Forest Green Rovers,27,1996,37,11,"1,218",13.5,0,5,5,0,0,0,1,0,0,0.37,0.37,0,0.37,Matches
598,Scott Quigley,eng ENG,"FW,MF",Eastleigh,31,1992,23,17,"1,412",15.7,2,2,4,2,0,0,3,2,0.13,0.13,0.25,0.13,0.25,Matches
599,Ben Radcliffe,eng ENG,DF,Gateshead,20,2004,19,17,"1,554",17.3,2,1,3,2,0,0,2,0,0.12,0.06,0.17,0.12,0.17,Matches
600,Charlie Raglan,eng ENG,DF,Oldham Athletic,31,1993,41,40,"3,674",40.8,5,1,6,5,0,0,8,0,0.12,0.02,0.15,0.12,0.15,Matches
Rk,Player,Nation,Pos,Squad,Age,Born,MP,Starts,Min,90s,Gls,Ast,G+A,G-PK,PK,PKatt,CrdY,CrdR,Gls,Ast,G+A,G-PK,G+A-PK,Matches
601,Arjan Raikhy,eng ENG,MF,Tamworth,21,2002,7,1,111,1.2,0,0,0,0,0,0,2,0,0,0,0,0,0,Matches
602,Nathan Ralph,eng ENG,DF,Southend United,31,1993,40,39,"3,535",39.3,2,1,3,2,0,0,8,0,0.05,0.03,0.08,0.05,0.08,Matches
603,Will Randall,eng ENG,"MF,DF",Wealdstone FC,27,1997,11,8,621,6.9,0,0,0,0,0,0,2,0,0,0,0,0,0,Matches
604,Will Randall,eng ENG,"FW,MF",Ebbsfleet United,27,1997,7,3,230,2.6,0,0,0,0,0,0,0,0,0,0,0,0,0,Matches
605,Harvey Randle,,GK,Altrincham,,,2,1,135,1.5,0,0,0,0,0,0,0,0,0,0,0,0,0,Matches
606,Harry Ransom,eng ENG,DF,Sutton United,24,1999,21,13,"1,421",15.8,0,2,2,0,0,0,5,0,0,0.13,0.13,0,0.13,Matches
607,Kahrel Reddin,eng ENG,MF,Altrincham,20,2004,34,9,"1,116",12.4,1,3,4,1,0,0,2,0,0.08,0.24,0.32,0.08,0.32,Matches
608,Samuel Reed,,MF,Boston United,,,4,3,225,2.5,0,0,0,0,0,0,1,0,0,0,0,0,0,Matches
609,Josh Rees,eng ENG,"MF,FW",Dagenham & Redbridge,30,1993,41,38,"3,421",38,16,6,22,16,0,0,5,0,0.42,0.16,0.58,0.42,0.58,Matches
610,Alex Reid,eng ENG,FW,Oldham Athletic,28,1995,5,2,175,1.9,0,0,0,0,0,0,0,0,0,0,0,0,0,Matches
611,Alex Reid,eng ENG,FW,Wealdstone FC,28,1995,30,30,"2,698",30,16,0,16,11,5,5,5,0,0.53,0,0.53,0.37,0.37,Matches
612,Shiloh Remy,lc LCA,"MF,FW",Dagenham & Redbridge,23,2000,23,12,"1,000",11.1,1,1,2,1,0,0,3,0,0.09,0.09,0.18,0.09,0.18,Matches
613,Jordan Richards,eng ENG,"MF,DF",Boston United,27,1997,41,38,"3,295",36.6,0,2,2,0,0,0,7,2,0,0.05,0.05,0,0.05,Matches
614,Kenton Richardson,eng ENG,DF,Gateshead,25,1999,15,14,"1,196",13.3,1,0,1,1,0,0,4,0,0.08,0,0.08,0.08,0.08,Matches
615,Lewis Richardson,eng ENG,"MF,FW",York City,21,2003,13,10,682,7.6,4,2,6,4,0,0,1,0,0.53,0.26,0.79,0.53,0.79,Matches
616,Theo Richardson,eng ENG,GK,Fylde,25,1998,5,5,450,5,0,0,0,0,0,0,0,0,0,0,0,0,0,Matches
617,Joe Riley,eng ENG,MF,Fylde,27,1996,40,30,"2,728",30.3,1,3,4,1,0,0,8,0,0.03,0.1,0.13,0.03,0.13,Matches
618,Mitchell Roberts,eng ENG,DF,Boston United,23,2000,7,6,442,4.9,0,0,0,0,0,0,1,0,0,0,0,0,0,Matches
619,Tyler Roberts,jm JAM,MF,Fylde,20,2003,29,23,"2,021",22.5,3,2,5,3,0,0,9,1,0.13,0.09,0.22,0.13,0.22,Matches
620,Darren Robinson,nir NIR,MF,Hartlepool United,19,2004,6,2,166,1.8,0,0,0,0,0,0,3,0,0,0,0,0,0,Matches
621,Jack Robinson,eng ENG,DF,Hartlepool United,23,2001,3,2,79,0.9,0,0,0,0,0,0,0,0,0,0,0,0,0,Matches
622,Junior Robinson,eng ENG,DF,Sutton United,20,2004,1,1,61,0.7,0,0,0,0,0,0,0,0,0,0,0,0,0,Matches
623,Matt Robinson,eng ENG,MF,Braintree Town,30,1994,43,38,"3,319",36.9,3,2,5,3,0,0,4,0,0.08,0.05,0.14,0.08,0.14,Matches
624,David Robson,wls WAL,GK,Rochdale,22,2002,8,8,720,8,0,0,0,0,0,0,1,0,0,0,0,0,0,Matches
625,Ethan Robson,eng ENG,"MF,FW",Gateshead,27,1996,3,3,167,1.9,1,0,1,1,0,0,0,0,0.54,0,0.54,0.54,0.54,Matches
Rk,Player,Nation,Pos,Squad,Age,Born,MP,Starts,Min,90s,Gls,Ast,G+A,G-PK,PK,PKatt,CrdY,CrdR,Gls,Ast,G+A,G-PK,G+A-PK,Matches
626,Jamie Robson,sct SCO,DF,Forest Green Rovers,26,1997,46,46,"4,092",45.5,4,3,7,4,0,0,11,0,0.09,0.07,0.15,0.09,0.15,Matches
627,Devante Rodney,eng ENG,FW,Rochdale,26,1998,35,28,"2,396",26.6,17,3,20,16,1,1,1,0,0.64,0.11,0.75,0.6,0.71,Matches
628,Jack Roles,cy CYP,MF,Gateshead,25,1999,12,11,916,10.2,3,0,3,3,0,0,3,0,0.29,0,0.29,0.29,0.29,Matches
629,Craig Ross,eng ENG,GK,Maidenhead United,34,1990,40,40,"3,600",40,0,2,2,0,0,0,4,0,0,0.05,0.05,0,0.05,Matches
630,Ethan Ross,eng ENG,GK,Altrincham,27,1997,27,27,"2,409",26.8,0,0,0,0,0,0,2,0,0,0,0,0,0,Matches
631,Jordan Rossiter,eng ENG,MF,Oldham Athletic,27,1997,21,18,"1,500",16.7,0,2,2,0,0,0,4,0,0,0.12,0.12,0,0.12,Matches
632,Jai Rowe,eng ENG,"DF,MF",Boston United,22,2001,46,43,"3,941",43.8,7,1,8,7,0,0,4,0,0.16,0.02,0.18,0.16,0.18,Matches
633,Matt Rush,eng ENG,FW,Sutton United,23,2001,7,1,114,1.3,0,0,0,0,0,0,1,0,0,0,0,0,0,Matches
634,Oscar Rutherford,eng ENG,"DF,MF",Dagenham & Redbridge,20,2003,40,30,"2,781",30.9,1,1,2,1,0,0,3,0,0.03,0.03,0.06,0.03,0.06,Matches
635,Joe Ryan,,FW,Eastleigh,,,5,0,45,0.5,0,0,0,0,0,0,0,0,0,0,0,0,0,Matches
636,Joe Rye,eng ENG,DF,Barnet,20,2004,3,3,186,2.1,0,0,0,0,0,0,1,0,0,0,0,0,0,Matches
637,Kian Ryley,eng ENG,MF,Solihull Moors,19,2005,6,0,72,0.8,0,0,0,0,0,0,0,0,0,0,0,0,0,Matches
638,Dominic Samuel,eng ENG,FW,Ebbsfleet United,30,1994,15,8,664,7.4,1,0,1,1,0,0,1,0,0.14,0,0.14,0.14,0.14,Matches
639,Henry Sandat,eng ENG,"MF,FW",Wealdstone FC,19,2005,14,6,542,6,1,0,1,1,0,0,0,0,0.17,0,0.17,0.17,0.17,Matches
640,Henry Sandat,eng ENG,MF,Sutton United,19,2005,11,2,217,2.4,0,0,0,0,0,0,1,0,0,0,0,0,0,Matches
641,Billy Sass-Davies,wls WAL,DF,Hartlepool United,24,2000,24,20,"1,818",20.2,0,0,0,0,0,0,3,0,0,0,0,0,0,Matches
642,Dan Sassi,eng ENG,DF,Rochdale,20,2003,4,4,358,4,0,1,1,0,0,0,0,0,0,0.25,0.25,0,0.25,Matches
643,Dan Sassi,eng ENG,DF,Fylde,20,2003,6,4,346,3.8,0,0,0,0,0,0,1,0,0,0,0,0,0,Matches
644,Toby Savin,ga GAB,GK,Barnet,24,2000,2,2,180,2,0,0,0,0,0,0,0,0,0,0,0,0,0,Matches
645,Toby Savin,ga GAB,GK,FC Halifax Town,24,2000,8,8,720,8,0,0,0,0,0,0,0,0,0,0,0,0,0,Matches
646,Charlie Sayers,eng ENG,DF,Woking,20,2004,1,1,45,0.5,0,0,0,0,0,0,0,0,0,0,0,0,0,Matches
647,Christian Scott,eng ENG,MF,Wealdstone FC,19,2005,14,5,488,5.4,0,0,0,0,0,0,1,0,0,0,0,0,0,Matches
648,Jacob Scott,eng ENG,DF,Boston United,18,2005,3,2,164,1.8,0,1,1,0,0,0,1,0,0,0.55,0.55,0,0.55,Matches
649,Oliver Scott,eng ENG,"DF,MF",Aldershot Town,23,2000,24,21,"1,824",20.3,1,0,1,1,0,0,5,0,0.05,0,0.05,0.05,0.05,Matches
650,Gus Scott-Morriss,eng ENG,DF,Southend United,27,1997,44,44,"3,938",43.8,17,4,21,17,0,0,8,0,0.39,0.09,0.48,0.39,0.48,Matches
Rk,Player,Nation,Pos,Squad,Age,Born,MP,Starts,Min,90s,Gls,Ast,G+A,G-PK,PK,PKatt,CrdY,CrdR,Gls,Ast,G+A,G-PK,G+A-PK,Matches
651,Jamie Searle,nz NZL,GK,Forest Green Rovers,23,2000,1,1,90,1,0,0,0,0,0,0,0,0,0,0,0,0,0,Matches
652,Jeffrey Sekyere,be BEL,FW,Wealdstone FC,20,2003,4,0,17,0.2,0,0,0,0,0,0,0,0,0,0,0,0,0,Matches
653,Tyrell Sellars-Fleming,eng ENG,FW,Gateshead,19,2005,15,6,681,7.6,1,4,5,1,0,0,1,0,0.13,0.53,0.66,0.13,0.66,Matches
654,Jai Semenyo,eng ENG,"DF,MF",Eastleigh,21,2003,24,7,760,8.4,1,0,1,1,0,0,4,0,0.12,0,0.12,0.12,0.12,Matches
655,Adam Senior,eng ENG,DF,FC Halifax Town,22,2002,46,46,"4,140",46,5,3,8,5,0,0,4,0,0.11,0.07,0.17,0.11,0.17,Matches
656,Courtney Senior,eng ENG,MF,Rochdale,27,1997,6,1,83,0.9,0,0,0,0,0,0,0,0,0,0,0,0,0,Matches
657,Liam Sercombe,eng ENG,MF,Forest Green Rovers,34,1990,35,31,"2,564",28.5,4,4,8,4,0,0,4,0,0.14,0.14,0.28,0.14,0.28,Matches
658,Tyrese Shade,kn SKN,"FW,MF",Eastleigh,24,2000,43,41,"3,533",39.3,14,6,20,14,0,0,8,1,0.36,0.15,0.51,0.36,0.51,Matches
659,Kofi Shaw,,"MF,FW",Yeovil Town,,,16,10,937,10.4,2,1,3,2,0,0,3,1,0.19,0.1,0.29,0.19,0.29,Matches
660,Max Sheaf,eng ENG,"MF,FW",Gateshead,24,2000,6,2,128,1.4,0,0,0,0,0,0,1,0,0,0,0,0,0,Matches
661,Mark Shelton,eng ENG,MF,Barnet,27,1996,33,27,"2,312",25.7,12,2,14,6,6,6,6,0,0.47,0.08,0.54,0.23,0.31,Matches
662,George Shelvey,eng ENG,GK,Gateshead,23,2001,7,7,581,6.5,0,1,1,0,0,0,0,0,0,0.15,0.15,0,0.15,Matches
663,Nathan Sheron,eng ENG,"MF,DF",Hartlepool United,26,1997,44,44,"3,790",42.1,1,3,4,1,0,0,11,0,0.02,0.07,0.09,0.02,0.09,Matches
664,Tobi Sho-Silva,eng ENG,FW,Maidenhead United,29,1995,18,1,210,2.3,1,0,1,1,0,0,1,0,0.43,0,0.43,0.43,0.43,Matches
665,Lewis Simper,eng ENG,"MF,FW",Sutton United,22,2001,40,39,"3,452",38.4,7,5,12,7,0,0,9,0,0.18,0.13,0.31,0.18,0.31,Matches
666,Jack Sims,eng ENG,GK,Sutton United,25,1999,31,31,"2,785",30.9,0,1,1,0,0,0,1,0,0,0.03,0.03,0,0.03,Matches
667,Josh Sims,eng ENG,"MF,FW",Yeovil Town,27,1997,36,17,"1,639",18.2,1,2,3,1,0,0,2,0,0.05,0.11,0.16,0.05,0.16,Matches
668,Tyrese Sinclair,eng ENG,MF,York City,23,2001,45,32,"2,626",29.2,7,4,11,7,0,0,8,0,0.24,0.14,0.38,0.24,0.38,Matches
669,Frankie Sinfield,,FW,FC Halifax Town,,,1,0,1,0,0,0,0,0,0,0,0,0,0,0,0,0,0,Matches
670,Jasbir Singh,eng ENG,GK,Tamworth,34,1990,45,45,"3,987",44.3,0,0,0,0,0,0,6,1,0,0,0,0,0,Matches
671,Jeremy Sivi,eng ENG,"MF,DF",Sutton United,22,2002,20,10,972,10.8,2,0,2,2,0,0,0,0,0.19,0,0.19,0.19,0.19,Matches
672,Greg Sloggett,ie IRL,MF,Hartlepool United,28,1996,18,8,728,8.1,0,0,0,0,0,0,2,0,0,0,0,0,0,Matches
673,Greg Sloggett,ie IRL,MF,Boston United,28,1996,9,6,598,6.6,0,0,0,0,0,0,0,0,0,0,0,0,0,Matches
674,Adam Smith,eng ENG,GK,Hartlepool United,31,1992,31,30,"2,758",30.6,0,0,0,0,0,0,2,0,0,0,0,0,0,Matches
675,Joshua Smith,eng ENG,MF,Woking,20,2004,1,0,10,0.1,0,0,0,0,0,0,0,0,0,0,0,0,0,Matches
Rk,Player,Nation,Pos,Squad,Age,Born,MP,Starts,Min,90s,Gls,Ast,G+A,G-PK,PK,PKatt,CrdY,CrdR,Gls,Ast,G+A,G-PK,G+A-PK,Matches
676,Michael Smith,nir NIR,"DF,MF",Yeovil Town,35,1988,27,22,"1,691",18.8,1,2,3,1,0,0,4,0,0.05,0.11,0.16,0.05,0.16,Matches
677,Reece Smith,eng ENG,MF,Maidenhead United,22,2002,43,40,"3,550",39.4,6,8,14,6,0,0,4,0,0.15,0.2,0.35,0.15,0.35,Matches
678,Will Smith,eng ENG,DF,FC Halifax Town,25,1998,33,33,"2,956",32.8,1,0,1,1,0,0,3,0,0.03,0,0.03,0.03,0.03,Matches
679,Harrison Sohna,eng ENG,MF,Wealdstone FC,22,2002,18,13,"1,134",12.6,3,2,5,3,0,0,3,0,0.24,0.16,0.4,0.24,0.4,Matches
680,Ayodeji Sotona,ie IRL,FW,Eastleigh,21,2002,1,0,32,0.4,0,0,0,0,0,0,0,0,0,0,0,0,0,Matches
681,Pape Souaré,sn SEN,"DF,MF",Ebbsfleet United,34,1990,8,5,585,6.5,0,0,0,0,0,0,3,0,0,0,0,0,0,Matches
682,Jake Southern-Cooper,eng ENG,DF,Altrincham,24,2000,24,15,"1,385",15.4,0,1,1,0,0,0,4,0,0,0.06,0.06,0,0.06,Matches
683,Jordi van Stappershoef,nl NED,GK,Aldershot Town,28,1996,3,3,270,3,0,0,0,0,0,0,0,0,0,0,0,0,0,Matches
684,Callum Stead,,"FW,MF",Barnet,,,44,37,"3,454",38.4,18,8,26,18,0,0,3,0,0.47,0.21,0.68,0.47,0.68,Matches
685,Dylan Stephenson,eng ENG,"FW,MF",Dagenham & Redbridge,21,2002,14,4,373,4.1,2,0,2,2,0,0,1,0,0.48,0,0.48,0.48,0.48,Matches
686,Louis Stephenson,eng ENG,"MF,DF",Hartlepool United,18,2005,17,12,"1,005",11.2,0,1,1,0,0,0,4,1,0,0.09,0.09,0,0.09,Matches
687,Jack Stevens,wls WAL,"MF,DF",Solihull Moors,23,2000,27,25,"2,160",24,12,4,16,9,3,3,4,0,0.5,0.17,0.67,0.37,0.54,Matches
688,Bradley Stevenson,eng ENG,"FW,MF",Solihull Moors,25,1998,41,15,"1,750",19.4,3,3,6,3,0,0,6,0,0.15,0.15,0.31,0.15,0.31,Matches
689,Toby Steward,eng ENG,GK,Wealdstone FC,19,2005,6,6,540,6,0,0,0,0,0,0,0,0,0,0,0,0,0,Matches
690,Anthony Stewart,eng ENG,DF,Ebbsfleet United,31,1992,19,18,"1,580",17.6,1,0,1,1,0,0,6,0,0.06,0,0.06,0.06,0.06,Matches
691,Noah Stewart,nir NIR,FW,Maidenhead United,20,2004,2,0,18,0.2,0,0,0,0,0,0,0,0,0,0,0,0,0,Matches
692,Chris Stokes,eng ENG,DF,Fylde,33,1991,6,5,385,4.3,0,0,0,0,0,0,1,0,0,0,0,0,0,Matches
693,Aidan Stone,eng ENG,GK,Boston United,25,1999,13,13,"1,170",13,0,0,0,0,0,0,1,0,0,0,0,0,0,Matches
694,Aidan Stone,eng ENG,GK,Yeovil Town,25,1999,17,17,"1,530",17,0,0,0,0,0,0,0,0,0,0,0,0,0,Matches
695,Josh Stones,eng ENG,FW,Oldham Athletic,20,2003,6,5,363,4,4,2,6,4,0,0,3,0,0.99,0.5,1.49,0.99,1.49,Matches
696,Josh Stones,eng ENG,"FW,MF",York City,20,2003,21,8,"1,000",11.1,7,1,8,7,0,0,3,0,0.63,0.09,0.72,0.63,0.72,Matches
697,Louis Storey,eng ENG,"DF,MF",Gateshead,30,1993,10,9,822,9.1,1,0,1,1,0,0,4,0,0.11,0,0.11,0.11,0.11,Matches
698,Jack Stretton,eng ENG,FW,Oldham Athletic,22,2001,1,0,1,0,0,0,0,0,0,0,0,0,0,0,0,0,0,Matches
699,Jack Stretton,eng ENG,FW,Woking,22,2001,6,4,264,2.9,0,0,0,0,0,0,0,1,0,0,0,0,0,Matches
700,Jonny Stuttle,eng ENG,FW,Aldershot Town,18,2005,6,1,126,1.4,0,0,0,0,0,0,1,0,0,0,0,0,0,Matches
Rk,Player,Nation,Pos,Squad,Age,Born,MP,Starts,Min,90s,Gls,Ast,G+A,G-PK,PK,PKatt,CrdY,CrdR,Gls,Ast,G+A,G-PK,G+A-PK,Matches
701,Munashe Sundire,zw ZIM,"MF,DF",Tamworth,27,1997,29,17,"1,644",18.3,0,0,0,0,0,0,2,0,0,0,0,0,0,Matches
702,Ethan Sutherland,sct SCO,"MF,FW",Solihull Moors,18,2006,5,2,174,1.9,0,0,0,0,0,0,0,0,0,0,0,0,0,Matches
703,Harvey Suttcliffe,eng ENG,"DF,MF",FC Halifax Town,20,2003,9,5,295,3.3,0,0,0,0,0,0,3,0,0,0,0,0,0,Matches
704,Will Sutton,eng ENG,DF,Oldham Athletic,21,2002,15,13,"1,055",11.7,0,1,1,0,0,0,3,0,0,0.09,0.09,0,0.09,Matches
705,Jephte Tanga,eng ENG,MF,Ebbsfleet United,20,2004,18,6,793,8.8,0,0,0,0,0,0,1,0,0,0,0,0,0,Matches
706,Craig Tanner,eng ENG,"MF,FW",Ebbsfleet United,29,1994,16,7,714,7.9,0,2,2,0,0,0,2,0,0,0.25,0.25,0,0.25,Matches
707,Sean Tarima,eng ENG,MF,FC Halifax Town,19,2004,7,1,241,2.7,0,0,0,0,0,0,0,0,0,0,0,0,0,Matches
708,Nikola Tavares,hr CRO,"DF,MF",Barnet,25,1999,38,34,"2,896",32.2,1,2,3,1,0,0,3,0,0.03,0.06,0.09,0.03,0.09,Matches
709,Harry Taylor,eng ENG,DF,Southend United,27,1997,45,45,"4,049",45,0,1,1,0,0,0,6,0,0,0.02,0.02,0,0.02,Matches
710,Jack Taylor,eng ENG,DF,Sutton United,18,2005,13,12,"1,063",11.8,0,0,0,0,0,0,1,0,0,0,0,0,0,Matches
711,Jake Taylor,wls WAL,MF,Eastleigh,32,1991,42,40,"3,422",38,6,3,9,4,2,3,10,0,0.16,0.08,0.24,0.11,0.18,Matches
712,Kian Taylor,eng ENG,MF,Altrincham,19,2005,5,3,223,2.5,1,0,1,1,0,0,0,0,0.4,0,0.4,0.4,0.4,Matches
713,Samuel Taylor,eng ENG,FW,Oldham Athletic,19,2004,1,0,25,0.3,0,0,0,0,0,0,0,0,0,0,0,0,0,Matches
714,Connor Teale,eng ENG,DF,Boston United,21,2002,23,23,"2,070",23,3,0,3,3,0,0,1,0,0.13,0,0.13,0.13,0.13,Matches
715,Connor Teale,eng ENG,DF,Altrincham,21,2002,1,1,90,1,0,0,0,0,0,0,0,0,0,0,0,0,0,Matches
716,Dom Telford,eng ENG,FW,Barnet,27,1996,15,3,339,3.8,3,1,4,2,1,1,0,0,0.8,0.27,1.06,0.53,0.8,Matches
717,Frankie Terry,eng ENG,DF,Braintree Town,20,2004,19,19,"1,701",18.9,1,0,1,1,0,0,4,0,0.05,0,0.05,0.05,0.05,Matches
718,Frankie Terry,eng ENG,DF,Yeovil Town,20,2004,10,10,870,9.7,1,1,2,1,0,0,1,0,0.1,0.1,0.21,0.1,0.21,Matches
719,Dejan Tetek,rs SRB,MF,Aldershot Town,21,2002,22,13,"1,191",13.2,1,2,3,1,0,0,4,0,0.08,0.15,0.23,0.08,0.23,Matches
720,Jordan Thomas,eng ENG,MF,Yeovil Town,23,2001,5,1,117,1.3,0,0,0,0,0,0,0,0,0,0,0,0,0,Matches
721,Kwame Thomas,kn SKN,"FW,MF",Ebbsfleet United,28,1995,28,13,"1,249",13.9,2,0,2,1,1,1,4,0,0.14,0,0.14,0.07,0.07,Matches
722,Kwame Thomas,kn SKN,FW,Aldershot Town,28,1995,8,3,460,5.1,1,0,1,1,0,0,1,0,0.2,0,0.2,0.2,0.2,Matches
723,Kymani Thomas,,,Ebbsfleet United,,,1,0,25,0.3,0,0,0,0,0,0,0,0,0,0,0,0,0,Matches
724,Luca Thomas,eng ENG,"FW,MF",FC Halifax Town,19,2004,20,13,"1,140",12.7,3,2,5,3,0,0,1,0,0.24,0.16,0.39,0.24,0.39,Matches
725,Luca Thomas,eng ENG,MF,York City,19,2004,9,2,196,2.2,2,0,2,2,0,0,0,0,0.92,0,0.92,0.92,0.92,Matches
Rk,Player,Nation,Pos,Squad,Age,Born,MP,Starts,Min,90s,Gls,Ast,G+A,G-PK,PK,PKatt,CrdY,CrdR,Gls,Ast,G+A,G-PK,G+A-PK,Matches
726,Olly Thompson,,MF,Gateshead,,,5,0,21,0.2,0,0,0,0,0,0,0,0,0,0,0,0,0,Matches
727,Remi Thompson,,MF,Altrincham,,,1,0,6,0.1,0,0,0,0,0,0,0,0,0,0,0,0,0,Matches
728,Elliot Thorpe,wls WAL,MF,Wealdstone FC,23,2000,10,4,452,5,0,0,0,0,0,0,1,0,0,0,0,0,0,Matches
729,Elliot Thorpe,wls WAL,"MF,FW",Solihull Moors,23,2000,6,6,391,4.3,1,0,1,1,0,0,0,0,0.23,0,0.23,0.23,0.23,Matches
730,Robbie Tinkler,eng ENG,DF,Gateshead,28,1996,30,29,"2,427",27,0,0,0,0,0,0,4,0,0,0,0,0,0,Matches
731,Oliver Tipton,eng ENG,"DF,MF",Solihull Moors,20,2003,39,27,"2,532",28.1,0,3,3,0,0,0,4,0,0,0.11,0.11,0,0.11,Matches
732,Tom Tonks,eng ENG,MF,Tamworth,32,1991,42,26,"2,413",26.8,1,5,6,1,0,0,13,0,0.04,0.19,0.22,0.04,0.22,Matches
733,Besart Topalloj,eng ENG,"DF,MF",Sutton United,23,2001,25,25,"2,247",25,1,0,1,1,0,0,5,1,0.04,0,0.04,0.04,0.04,Matches
734,Ben Tozer,eng ENG,DF,Forest Green Rovers,34,1990,29,21,"1,959",21.8,0,1,1,0,0,0,3,0,0,0.05,0.05,0,0.05,Matches
735,Yacouba Traore,eng ENG,"DF,MF",Wealdstone FC,19,2004,7,3,201,2.2,0,0,0,0,0,0,2,0,0,0,0,0,0,Matches
736,Callum Tripp,eng ENG,"DF,MF",Gateshead,17,2006,5,5,450,5,0,0,0,0,0,0,0,0,0,0,0,0,0,Matches
737,Nathan Tshikuna,eng ENG,"MF,FW",Tamworth,25,1999,28,24,"1,997",22.2,8,4,12,6,2,2,4,0,0.36,0.18,0.54,0.27,0.45,Matches
738,Nathan Tshikuna,eng ENG,"MF,FW",Eastleigh,25,1999,7,5,499,5.5,0,0,0,0,0,0,0,1,0,0,0,0,0,Matches
739,Vinnie Tume,,DF,Sutton United,,,2,0,34,0.4,0,0,0,0,0,0,0,0,0,0,0,0,0,Matches
740,Jordan Tunnicliffe,eng ENG,DF,Solihull Moors,30,1993,23,21,"1,909",21.2,1,1,2,1,0,0,3,0,0.05,0.05,0.09,0.05,0.09,Matches
741,Jake Turner,eng ENG,GK,Dagenham & Redbridge,25,1999,7,7,630,7,0,0,0,0,0,0,0,0,0,0,0,0,0,Matches
742,Lewys Twamley,wls WAL,FW,Yeovil Town,20,2003,9,1,190,2.1,0,0,0,0,0,0,0,0,0,0,0,0,0,Matches
743,Jesurun Uchegbulam,eng ENG,"MF,FW",Oldham Athletic,23,2001,27,12,"1,324",14.7,1,1,2,1,0,0,3,0,0.07,0.07,0.14,0.07,0.14,Matches
744,Jesurun Uchegbulam,eng ENG,"FW,MF",Eastleigh,23,2001,7,4,380,4.2,0,1,1,0,0,0,0,0,0,0.24,0.24,0,0.24,Matches
745,Josh Umerah,eng ENG,FW,Dagenham & Redbridge,27,1997,37,30,"2,638",29.3,8,3,11,7,1,1,10,0,0.27,0.1,0.38,0.24,0.34,Matches
746,Connor Underhill,,"MF,DF",Eastleigh,,,12,2,314,3.5,0,0,0,0,0,0,0,0,0,0,0,0,0,Matches
747,Jonathan Ustabaşı,eng ENG,"MF,FW",Fylde,30,1994,33,23,"2,128",23.6,2,3,5,2,0,0,6,1,0.08,0.13,0.21,0.08,0.21,Matches
748,Tariq Uwakwe,eng ENG,MF,Maidenhead United,24,1999,1,0,6,0.1,0,0,0,0,0,0,0,0,0,0,0,0,0,Matches
749,Tariq Uwakwe,eng ENG,MF,Aldershot Town,24,1999,3,0,26,0.3,0,0,0,0,0,0,0,0,0,0,0,0,0,Matches
750,Haydon Vaughan,,MF,Aldershot Town,,,2,0,5,0.1,0,0,0,0,0,0,0,0,0,0,0,0,0,Matches
Rk,Player,Nation,Pos,Squad,Age,Born,MP,Starts,Min,90s,Gls,Ast,G+A,G-PK,PK,PKatt,CrdY,CrdR,Gls,Ast,G+A,G-PK,G+A-PK,Matches
751,Eduino Vaz,gw GNB,"DF,MF",Sutton United,20,2003,29,23,"1,986",22.1,3,3,6,3,0,0,4,0,0.14,0.14,0.27,0.14,0.27,Matches
752,James Vennings,eng ENG,"MF,DF",Braintree Town,24,2000,33,31,"2,825",31.4,0,1,1,0,0,0,9,1,0,0.03,0.03,0,0.03,Matches
753,Ralph Vigrass,eng ENG,MF,Dagenham & Redbridge,18,2005,6,0,39,0.4,0,0,0,0,0,0,0,0,0,0,0,0,0,Matches
754,Francis Vincent,eng ENG,"DF,MF",Dagenham & Redbridge,25,1999,19,11,978,10.9,0,1,1,0,0,0,3,0,0,0.09,0.09,0,0.09,Matches
755,Francis Vincent,eng ENG,"MF,DF",Woking,25,1999,13,8,676,7.5,1,2,3,1,0,0,0,0,0.13,0.27,0.4,0.13,0.4,Matches
756,Jake Vokins,eng ENG,"DF,MF",Eastleigh,24,2000,24,20,"1,707",19,1,3,4,1,0,0,3,0,0.05,0.16,0.21,0.05,0.21,Matches
757,Jack Wadham,eng ENG,"MF,FW",Sutton United,21,2003,25,19,"1,704",18.9,2,4,6,2,0,0,1,0,0.11,0.21,0.32,0.11,0.32,Matches
758,Noah Wadsworth,eng ENG,"MF,DF",Boston United,19,2005,3,2,140,1.6,0,0,0,0,0,0,0,0,0,0,0,0,0,Matches
759,Jack Wakely,eng ENG,DF,Ebbsfleet United,23,2000,4,1,115,1.3,0,0,0,0,0,0,0,0,0,0,0,0,0,Matches
760,Danny Waldron,eng ENG,"MF,FW",Southend United,28,1996,11,2,252,2.8,0,0,0,0,0,0,0,0,0,0,0,0,0,Matches
761,Danny Waldron,eng ENG,FW,Tamworth,28,1996,7,0,102,1.1,0,0,0,0,0,0,0,0,0,0,0,0,0,Matches
762,Josh Walker,eng ENG,FW,Southend United,26,1997,35,20,"1,708",19,4,2,6,4,0,0,5,0,0.21,0.11,0.32,0.21,0.32,Matches
763,Laurie Walker,eng ENG,GK,Solihull Moors,34,1989,27,27,"2,430",27,0,0,0,0,0,0,3,0,0,0,0,0,0,Matches
764,Lewis Walker,eng ENG,FW,Woking,26,1998,39,17,"1,901",21.1,5,2,7,5,0,0,5,0,0.24,0.09,0.33,0.24,0.33,Matches
765,Tyler Walker,eng ENG,FW,Wealdstone FC,27,1996,8,7,575,6.4,1,2,3,1,0,0,1,0,0.16,0.31,0.47,0.16,0.47,Matches
766,Kieran Wallace,eng ENG,MF,Tamworth,29,1995,6,3,269,3,0,0,0,0,0,0,0,0,0,0,0,0,0,Matches
767,Charlie Waller,eng ENG,DF,Sutton United,19,2005,21,20,"1,797",20,1,0,1,1,0,0,3,0,0.05,0,0.05,0.05,0.05,Matches
768,Sam Waller,eng ENG,GK,Rochdale,20,2003,20,20,"1,781",19.8,0,2,2,0,0,0,0,0,0,0.1,0.1,0,0.1,Matches
769,Jake Wannell,eng ENG,DF,Yeovil Town,30,1994,33,31,"2,855",31.7,1,0,1,1,0,0,8,2,0.03,0,0.03,0.03,0.03,Matches
770,Matthew Warburton,eng ENG,"MF,FW",Solihull Moors,32,1992,19,10,926,10.3,2,0,2,2,0,0,2,0,0.19,0,0.19,0.19,0.19,Matches
771,Christie Ward,wls WAL,MF,Braintree Town,20,2003,2,0,24,0.3,0,0,0,0,0,0,0,0,0,0,0,0,0,Matches
772,Jed Ward,eng ENG,GK,Forest Green Rovers,21,2003,28,28,"2,520",28,0,0,0,0,0,0,1,0,0,0,0,0,0,Matches
773,Keaton Ward,eng ENG,"MF,FW",Boston United,24,2000,44,18,"1,887",21,5,3,8,5,0,0,5,0,0.24,0.14,0.38,0.24,0.38,Matches
774,Matt Ward,eng ENG,MF,Woking,20,2003,34,19,"1,936",21.5,4,2,6,4,0,0,8,0,0.19,0.09,0.28,0.19,0.28,Matches
775,Angel Waruih,eng ENG,"MF,FW",Eastleigh,20,2003,43,37,"3,272",36.4,0,2,2,0,0,0,7,0,0,0.06,0.06,0,0.06,Matches
Rk,Player,Nation,Pos,Squad,Age,Born,MP,Starts,Min,90s,Gls,Ast,G+A,G-PK,PK,PKatt,CrdY,CrdR,Gls,Ast,G+A,G-PK,G+A-PK,Matches
776,Luke Waterfall,eng ENG,DF,Hartlepool United,34,1990,27,25,"2,192",24.4,1,2,3,1,0,0,7,2,0.04,0.08,0.12,0.04,0.12,Matches
777,Billy Waters,eng ENG,FW,FC Halifax Town,29,1994,18,18,"1,467",16.3,5,0,5,5,0,0,2,0,0.31,0,0.31,0.31,0.31,Matches
778,Billy Waters,eng ENG,FW,Oldham Athletic,29,1994,13,9,689,7.7,2,0,2,2,0,1,1,0,0.26,0,0.26,0.26,0.26,Matches
779,Rory Watson,eng ENG,GK,York City,28,1996,7,5,520,5.8,0,0,0,0,0,0,1,0,0,0,0,0,0,Matches
780,Lucas Weaver,,MF,Altrincham,,,20,3,505,5.6,1,1,2,1,0,0,1,0,0.18,0.18,0.36,0.18,0.36,Matches
781,Oliver Webber,nir NIR,GK,Woking,24,2000,2,2,180,2,0,0,0,0,0,0,0,0,0,0,0,0,0,Matches
782,Finley Welch,eng ENG,MF,Boston United,19,2004,2,2,126,1.4,0,0,0,0,0,0,1,0,0,0,0,0,0,Matches
783,Miles Welch-Hayes,eng ENG,DF,Maidenhead United,27,1996,31,28,"2,442",27.1,1,0,1,1,0,0,3,1,0.04,0,0.04,0.04,0.04,Matches
784,Jack Wells-Morrison,eng ENG,MF,Wealdstone FC,20,2004,16,15,"1,334",14.8,0,1,1,0,0,0,3,0,0,0.07,0.07,0,0.07,Matches
785,Jack Wells-Morrison,eng ENG,"MF,DF",Solihull Moors,20,2004,15,14,"1,260",14,0,0,0,0,0,0,0,0,0,0,0,0,0,Matches
786,Joe Westley,eng ENG,FW,Rochdale,19,2004,3,0,28,0.3,0,0,0,0,0,0,0,0,0,0,0,0,0,Matches
787,Charlie Weston,eng ENG,MF,Rochdale,20,2004,8,1,196,2.2,0,0,0,0,0,0,0,0,0,0,0,0,0,Matches
788,Tony Weston,eng ENG,"FW,MF",Boston United,20,2003,25,14,"1,151",12.8,0,2,2,0,0,0,0,0,0,0.16,0.16,0,0.16,Matches
789,Lennon Wheeldon,eng ENG,FW,Boston United,17,2006,3,2,152,1.7,0,0,0,0,0,0,0,0,0,0,0,0,0,Matches
790,Callum Whelan,eng ENG,"MF,FW",Gateshead,25,1998,24,23,"1,979",22,6,3,9,6,0,0,4,0,0.27,0.14,0.41,0.27,0.41,Matches
791,Corey Whelan,ie IRL,"DF,MF",Fylde,26,1997,45,43,"3,846",42.7,2,1,3,2,0,0,5,0,0.05,0.02,0.07,0.05,0.07,Matches
792,Alex Whitmore,eng ENG,DF,Solihull Moors,28,1995,44,43,"3,858",42.9,4,0,4,4,0,0,8,0,0.09,0,0.09,0.09,0.09,Matches
793,Alex Whittle,eng ENG,DF,Yeovil Town,31,1993,34,33,"2,790",31,1,1,2,1,0,0,5,0,0.03,0.03,0.06,0.03,0.06,Matches
794,Szhem Whyte Hall,,"MF,FW",Solihull Moors,,,12,4,366,4.1,0,1,1,0,0,0,1,0,0,0.25,0.25,0,0.25,Matches
795,Theo Widdrington,eng ENG,"MF,DF",Aldershot Town,25,1999,36,31,"2,693",29.9,1,3,4,0,1,2,15,1,0.03,0.1,0.13,0,0.1,Matches
796,Conor Wilkinson,ie IRL,FW,Solihull Moors,29,1995,30,25,"2,199",24.4,13,4,17,13,0,1,12,1,0.53,0.16,0.7,0.53,0.7,Matches
797,Finley Wilkinson,eng ENG,MF,Barnet,21,2002,4,0,61,0.7,0,0,0,0,0,0,0,0,0,0,0,0,0,Matches
798,Finley Wilkinson,eng ENG,MF,Braintree Town,21,2002,7,7,525,5.8,1,0,1,1,0,0,0,0,0.17,0,0.17,0.17,0.17,Matches
799,Jamie Willets,eng ENG,DF,Tamworth,31,1992,6,5,444,4.9,0,1,1,0,0,0,0,0,0,0.2,0.2,0,0.2,Matches
800,Josh Williams,eng ENG,MF,Gateshead,21,2002,10,9,802,8.9,0,0,0,0,0,0,0,0,0,0,0,0,0,Matches
Rk,Player,Nation,Pos,Squad,Age,Born,MP,Starts,Min,90s,Gls,Ast,G+A,G-PK,PK,PKatt,CrdY,CrdR,Gls,Ast,G+A,G-PK,G+A-PK,Matches
801,Kai Williams,eng ENG,MF,Tamworth,27,1997,19,4,599,6.7,1,1,2,1,0,0,0,0,0.15,0.15,0.3,0.15,0.3,Matches
802,Morgan Williams,eng ENG,DF,Yeovil Town,24,1999,28,25,"2,262",25.1,2,0,2,2,0,0,4,1,0.08,0,0.08,0.08,0.08,Matches
803,George Wilson,eng ENG,MF,Altrincham,23,2001,29,15,"1,514",16.8,1,0,1,1,0,0,6,0,0.06,0,0.06,0.06,0.06,Matches
804,Kyrell Wilson,eng ENG,"FW,MF",Yeovil Town,19,2004,15,10,865,9.6,1,2,3,1,0,0,0,0,0.1,0.21,0.31,0.1,0.31,Matches
805,George Wind,eng ENG,"MF,DF",Southend United,21,2002,13,2,271,3,0,0,0,0,0,0,0,0,0,0,0,0,0,Matches
806,Ben Winterbottom,eng ENG,GK,Fylde,23,2001,41,41,"3,690",41,0,0,0,0,0,0,7,0,0,0,0,0,0,Matches
807,Jack Wood,eng ENG,MF,Southend United,21,2002,10,0,153,1.7,0,1,1,0,0,0,0,0,0,0.59,0.59,0,0.59,Matches
808,Luca Woodhouse,eng ENG,DF,Dagenham & Redbridge,20,2004,14,7,692,7.7,1,0,1,1,0,0,3,0,0.13,0,0.13,0.13,0.13,Matches
809,Luca Woodhouse,eng ENG,"DF,MF",Aldershot Town,20,2004,20,20,"1,785",19.8,1,3,4,1,0,0,2,0,0.05,0.15,0.2,0.05,0.2,Matches
810,Deonysus Woodman,eng ENG,"DF,MF",Wealdstone FC,21,2002,12,9,773,8.6,0,0,0,0,0,0,2,0,0,0,0,0,0,Matches
811,Martin Woods,sct SCO,MF,Boston United,38,1986,19,11,916,10.2,0,0,0,0,0,0,2,0,0,0,0,0,0,Matches
812,Alex Woodyard,eng ENG,MF,Sutton United,31,1993,12,11,694,7.7,0,0,0,0,0,0,2,0,0,0,0,0,0,Matches
813,Ben Worman,eng ENG,"MF,FW",Gateshead,22,2001,44,29,"2,663",29.6,1,2,3,1,0,0,3,0,0.03,0.07,0.1,0.03,0.1,Matches
814,Matt Worthington,eng ENG,"MF,FW",Oldham Athletic,26,1997,9,5,425,4.7,0,0,0,0,0,0,2,0,0,0,0,0,0,Matches
815,Matt Worthington,eng ENG,"MF,DF",Yeovil Town,26,1997,21,16,"1,350",15,0,1,1,0,0,0,2,0,0,0.07,0.07,0,0.07,Matches
816,Christopher Wreh,eng ENG,FW,Tamworth,27,1996,17,10,874,9.7,3,1,4,3,0,0,0,0,0.31,0.1,0.41,0.31,0.41,Matches
817,Christopher Wreh,eng ENG,FW,Maidenhead United,27,1996,3,0,52,0.6,0,0,0,0,0,0,0,0,0,0,0,0,0,Matches
818,Josh Wright,eng ENG,"MF,DF",Ebbsfleet United,34,1989,20,19,"1,521",16.9,1,0,1,1,0,0,2,0,0.06,0,0.06,0.06,0.06,Matches
819,Max Wright,eng ENG,"MF,FW",FC Halifax Town,26,1998,22,9,"1,071",11.9,1,3,4,1,0,0,5,0,0.08,0.25,0.34,0.08,0.34,Matches
820,Oliver Wright,eng ENG,GK,Solihull Moors,21,2002,10,10,900,10,0,0,0,0,0,0,0,0,0,0,0,0,0,Matches
821,Oliver Wright,eng ENG,GK,Yeovil Town,21,2002,29,29,"2,610",29,0,0,0,0,0,0,1,0,0,0,0,0,0,Matches
822,Marcus Wyllie,eng ENG,FW,Dagenham & Redbridge,25,1999,10,3,360,4,0,0,0,0,0,0,0,0,0,0,0,0,0,Matches
823,Ben Wynter,eng ENG,DF,Woking,26,1997,10,7,550,6.1,1,1,2,1,0,0,1,0,0.16,0.16,0.33,0.16,0.33,Matches
824,Vimal Yoganathan,wls WAL,"MF,FW",Oldham Athletic,18,2006,14,6,598,6.6,1,0,1,1,0,0,2,0,0.15,0,0.15,0.15,0.15,Matches
825,Brad Young,eng ENG,GK,Hartlepool United,22,2002,10,10,900,10,0,0,0,0,0,0,0,0,0,0,0,0,0,Matches
Rk,Player,Nation,Pos,Squad,Age,Born,MP,Starts,Min,90s,Gls,Ast,G+A,G-PK,PK,PKatt,CrdY,CrdR,Gls,Ast,G+A,G-PK,G+A-PK,Matches
826,Jordan Young,sct SCO,"MF,FW",Yeovil Town,25,1999,14,6,688,7.6,1,1,2,1,0,0,1,0,0.13,0.13,0.26,0.13,0.26,Matches
827,Offrande Zanzala,cg CGO,FW,Fylde,27,1996,12,4,423,4.7,0,0,0,0,0,0,0,0,0,0,0,0,0,Matches