Performance,,,,,,,,,,,,,,,,,,,,
Rk,Player,Nation,Pos,Squad,Age,Born,90s,CrdY,CrdR,2CrdY,Fls,Fld,Off,Crs,Int,TklW,PKwon,PKcon,OG,Matches
1,George Abbott,eng ENG,MF,Notts County,18,2005,37.8,8,0,0,43,46,2,22,54,61,,,0,Matches
2,Ken Aboh,eng ENG,FW,Colchester United,19,2004,0.1,0,0,0,0,0,0,0,0,0,,,0,Matches
3,Emile Acquah,eng ENG,"FW,MF",Barrow,24,2000,19.8,3,0,0,42,35,6,5,2,8,,,0,Matches
4,Finlay Adair,eng ENG,FW,Fleetwood Town,19,2005,0,0,0,0,0,1,0,0,0,0,,,0,Matches
5,Joe Adams,eng ENG,MF,Bradford City,20,2004,0.2,0,0,0,0,0,0,0,0,1,,,0,Matches
6,Tayo Adaramola,ie IRL,MF,Bradford City,20,2003,13.9,3,0,0,20,14,0,34,7,21,,,0,Matches
7,Val Adedokun,ie IRL,DF,Cheltenham Town,21,2003,11.5,1,0,0,7,7,1,23,5,12,,,0,Matches
8,Hakeeb Adelakun,eng ENG,"FW,MF",Salford City FC,28,1996,24.2,1,1,0,26,12,15,66,7,9,,,0,Matches
9,Albert Adomah,gh GHA,FW,Walsall,36,1987,14.8,5,0,0,17,8,17,64,7,18,,,0,Matches
10,Daniel Adu-Adjei,eng ENG,"FW,MF",Carlisle United,19,2005,11.4,2,0,0,12,13,0,3,3,4,,,0,Matches
11,Asher Agbinone,eng ENG,"MF,FW",Gillingham,18,2005,3.7,0,0,0,5,4,0,4,0,1,,,0,Matches
12,Calum Agius,wls WAL,FW,Crewe Alexandra,18,2005,3.4,2,0,0,3,6,0,7,0,5,,,0,Matches
13,Callum Ainley,eng ENG,MF,Grimsby Town,26,1997,7.9,1,0,0,19,12,0,16,2,8,,,0,Matches
14,David Ajiboye,eng ENG,"FW,MF",Newport County,25,1998,13.8,1,0,0,8,24,2,5,1,8,,,0,Matches
15,Tim Akinola,eng ENG,MF,Chesterfield,23,2001,0.2,0,0,0,1,0,0,1,0,1,,,0,Matches
16,Kyle Alex John,eng ENG,"MF,DF",Port Vale,23,2001,22.6,4,0,0,16,17,0,62,29,31,,,0,Matches
17,Sonny Aljofree,eng ENG,DF,Accrington Stanley,19,2004,23.6,3,0,0,20,6,1,11,30,28,,,1,Matches
18,Taylor Allen,eng ENG,DF,Walsall,24,2000,43.9,5,1,1,30,37,1,293,39,31,,,0,Matches
19,George Alston,,FW,Swindon Town,,,0.1,0,0,0,0,0,0,0,0,0,,,0,Matches
20,Levi Amantchi,eng ENG,FW,Bromley,23,2000,4,0,0,0,5,3,4,2,0,2,,,0,Matches
21,Levi Amantchi,eng ENG,FW,Walsall,23,2000,6.7,0,0,0,9,3,4,5,0,4,,,0,Matches
22,Botan Ameen,iq IRQ,MF,Swindon Town,17,2007,5.4,0,0,0,7,6,0,16,2,6,,,0,Matches
23,Ben Amos,eng ENG,GK,Port Vale,34,1990,23,2,0,0,0,6,0,0,0,0,,,0,Matches
24,Harry Anderson,eng ENG,MF,Colchester United,27,1997,19.2,0,0,0,38,23,5,21,14,22,,,0,Matches
25,Tom Anderson,eng ENG,DF,Doncaster Rovers,30,1993,24.1,3,1,0,19,14,2,2,20,16,,,0,Matches
Rk,Player,Nation,Pos,Squad,Age,Born,90s,CrdY,CrdR,2CrdY,Fls,Fld,Off,Crs,Int,TklW,PKwon,PKcon,OG,Matches
26,Josh Andrews,eng ENG,FW,Gillingham,22,2001,3.1,1,0,0,10,10,1,1,0,1,,,0,Matches
27,Lee Angol,eng ENG,FW,Morecambe,29,1994,17.7,5,1,0,54,40,11,3,6,8,,,0,Matches
28,Cameron Antwi,eng ENG,MF,Newport County,22,2001,30.2,8,0,0,25,25,1,7,15,26,,,0,Matches
29,Harvey Araujo,,DF,Chesterfield,,,13.2,6,0,0,22,8,0,5,16,18,,,0,Matches
30,Ethon Archer,eng ENG,MF,Cheltenham Town,21,2002,42,2,0,0,37,89,10,127,29,57,,,0,Matches
31,Luke Armstrong,eng ENG,FW,Carlisle United,28,1996,13.7,0,0,0,18,15,6,8,5,8,,,0,Matches
32,Jude Arthurs,eng ENG,MF,Bromley,22,2001,35,6,0,0,51,16,2,76,25,44,,,0,Matches
33,Zico Asare,eng ENG,"DF,MF",Harrogate Town FC,23,2001,16.2,4,0,0,16,24,1,11,15,15,,,0,Matches
34,Luca Ashby-Hammond,eng ENG,GK,Gillingham,23,2001,0.2,0,0,0,0,1,0,0,0,0,,,0,Matches
35,Ossama Ashley,eng ENG,MF,Salford City FC,23,2000,27.9,13,0,0,46,42,0,8,71,50,,,1,Matches
36,Nathan Asiimwe,ug UGA,MF,Walsall,19,2004,6.8,2,0,0,5,0,0,39,1,6,,,0,Matches
37,Joshua Austerfield,eng ENG,"MF,DF",Salford City FC,22,2001,13.5,3,0,0,12,10,1,5,26,21,,,0,Matches
38,Sam Austin,eng ENG,MF,Notts County,27,1996,18.2,1,0,0,10,18,5,56,13,12,,,0,Matches
39,Sebastian Auton,,GK,Grimsby Town,,,0.8,0,0,0,0,0,0,0,0,0,,,0,Matches
40,Zach Awe,eng ENG,DF,Accrington Stanley,20,2004,21,5,0,0,38,30,2,3,45,33,,,0,Matches
41,Tommy Backwell,eng ENG,"MF,FW",Cheltenham Town,21,2003,8.1,2,0,0,14,5,0,3,8,16,,,0,Matches
42,Owen Bailey,eng ENG,"MF,DF",Doncaster Rovers,25,1999,45.8,9,0,0,54,72,6,21,35,43,,,1,Matches
43,Ibrahim Bakare,eng ENG,DF,Cheltenham Town,22,2002,18.4,5,0,0,15,13,1,11,24,32,,,0,Matches
44,Matthew Baker,wls WAL,DF,Newport County,21,2003,41,4,0,0,30,26,1,0,47,40,,,1,Matches
45,Courtney Baker-Richardson,eng ENG,FW,Newport County,28,1995,23.7,6,1,0,51,25,13,12,7,8,,,0,Matches
46,Aden Baldwin,eng ENG,DF,Bradford City,27,1997,28.8,11,1,0,35,23,5,16,27,33,,,0,Matches
47,Jimmy Ball,eng ENG,"DF,MF",AFC Wimbledon,28,1995,10.7,4,0,0,13,8,0,0,14,9,,,0,Matches
48,Ollie Banks,eng ENG,MF,Chesterfield,31,1992,26,5,0,0,35,26,2,55,12,28,,,0,Matches
49,Ben Barclay,eng ENG,"DF,MF",Carlisle United,27,1996,13.6,6,0,0,11,5,0,14,18,20,,,0,Matches
50,Daniel Barden,wls WAL,GK,Swindon Town,23,2001,11.8,2,0,0,1,5,0,0,0,0,,,0,Matches
Rk,Player,Nation,Pos,Squad,Age,Born,90s,CrdY,CrdR,2CrdY,Fls,Fld,Off,Crs,Int,TklW,PKwon,PKcon,OG,Matches
51,Lucas Barnes,eng ENG,MF,Harrogate Town FC,17,2007,0.1,0,0,0,0,0,0,0,0,1,,,0,Matches
52,Sam Barnes,eng ENG,DF,Barrow,23,2001,0.5,1,0,0,2,0,0,0,1,0,,,0,Matches
53,Connor Barratt,ie IRL,MF,Walsall,20,2004,37.7,10,1,0,50,23,1,120,26,52,,,0,Matches
54,Luca Barrington,eng ENG,"MF,FW",Grimsby Town,19,2004,20.9,0,0,0,15,17,5,45,16,15,,,0,Matches
55,Alex Bass,eng ENG,GK,Notts County,26,1998,38.1,2,0,0,1,7,0,0,0,0,,,0,Matches
56,Jake Batty,eng ENG,"MF,DF",Accrington Stanley,19,2005,20.2,8,0,0,20,12,0,52,26,30,,,0,Matches
57,Jacob Bedeau,gd GRN,DF,Notts County,24,1999,43.4,8,0,0,41,32,2,56,34,51,,,0,Matches
58,James Belshaw,eng ENG,GK,Harrogate Town FC,33,1990,44.4,2,0,0,0,12,0,0,0,0,,,0,Matches
59,Jay Benn,eng ENG,MF,Bradford City,22,2001,10.1,4,0,0,13,8,0,60,10,10,,,0,Matches
60,Rhys Bennett,eng ENG,DF,Fleetwood Town,20,2003,27.8,11,0,0,34,30,0,5,25,18,,,1,Matches
61,Scot Bennett,eng ENG,"DF,MF",Cheltenham Town,33,1990,21.2,6,0,0,23,18,0,3,47,24,,,1,Matches
62,Kevin Berkoe,eng ENG,"MF,DF",Salford City FC,23,2001,7.1,0,0,0,5,9,0,7,1,10,,,0,Matches
63,James Berry,eng ENG,MF,Chesterfield,23,2000,11.8,1,0,0,6,20,4,49,2,7,,,0,Matches
64,Joe Bevan,sct SCO,MF,Carlisle United,19,2005,4.1,2,0,0,11,5,1,13,2,10,,,0,Matches
65,Harrison Biggins,eng ENG,MF,Carlisle United,28,1996,13.6,2,0,0,11,36,1,53,5,11,,,0,Matches
66,Huseyin Biler,eng ENG,DF,AFC Wimbledon,22,2002,0.8,0,0,0,4,1,0,8,0,2,,,0,Matches
67,Lewis Billington,eng ENG,"DF,MF",Crewe Alexandra,20,2004,16.8,4,0,0,10,8,0,34,12,15,,,0,Matches
68,Bryant Bilongo,eng ENG,DF,Harrogate Town FC,22,2001,10.4,3,0,0,16,18,0,21,12,15,,,0,Matches
69,Teddy Bishop,eng ENG,MF,Colchester United,28,1996,20.9,2,0,0,13,41,0,46,16,24,,,0,Matches
70,Benicio Boaitey,eng ENG,MF,Port Vale,20,2004,4,2,0,0,7,7,0,28,0,4,,,0,Matches
71,Omar Bogle,eng ENG,FW,Crewe Alexandra,31,1993,15.7,1,0,0,33,35,17,10,3,7,,,0,Matches
72,James Bolton,eng ENG,DF,Fleetwood Town,29,1994,35.7,7,0,0,32,30,2,3,30,38,,,1,Matches
73,Elliott Bonds,gy GUY,MF,Fleetwood Town,24,2000,29.7,9,0,0,42,25,0,21,21,48,,,0,Matches
74,Geoffroy Bony,wls WAL,FW,Newport County,19,2004,2.1,0,0,0,2,2,0,3,0,3,,,0,Matches
75,Ryan Boot,eng ENG,GK,Chesterfield,29,1994,28,0,0,0,1,6,0,0,0,0,,,0,Matches
Rk,Player,Nation,Pos,Squad,Age,Born,90s,CrdY,CrdR,2CrdY,Fls,Fld,Off,Crs,Int,TklW,PKwon,PKcon,OG,Matches
76,Ryan Bowman,eng ENG,FW,Cheltenham Town,32,1991,9.4,2,0,0,25,13,4,3,0,0,,,0,Matches
77,Tom Bradbury,eng ENG,DF,Cheltenham Town,26,1998,37.9,3,1,1,38,18,0,49,55,28,,,0,Matches
78,Zak Bradshaw,eng ENG,"MF,DF",Tranmere Rovers,20,2003,12.9,4,0,0,14,6,1,17,20,14,,,0,Matches
79,Jack Bray,eng ENG,FW,Harrogate Town FC,17,2007,0.2,1,0,0,1,0,0,0,0,0,,,0,Matches
80,Kian Breckin,eng ENG,MF,Crewe Alexandra,20,2003,3.4,2,0,0,10,1,0,7,3,5,,,0,Matches
81,Gabriel Breeze,eng ENG,GK,Carlisle United,20,2003,32,5,0,0,1,14,0,0,0,1,,,0,Matches
82,Ciaran Brennan,ie IRL,"DF,MF",Newport County,24,2000,25.3,3,2,0,16,16,1,4,23,39,,,0,Matches
83,George Broadbent,eng ENG,MF,Doncaster Rovers,23,2000,28.5,6,0,0,33,19,0,23,31,26,,,0,Matches
84,Ryan Broom,wls WAL,"MF,DF",Fleetwood Town,27,1996,12.8,2,0,0,15,10,1,46,4,16,,,0,Matches
85,Charlie Brown,eng ENG,"FW,MF",Morecambe,24,1999,0.5,1,0,0,0,2,0,0,0,0,,,0,Matches
86,Charlie Brown,eng ENG,MF,Accrington Stanley,24,1999,2.5,0,0,0,3,6,1,10,2,2,,,0,Matches
87,Henry Brown,,MF,Grimsby Town,,,0,0,0,0,1,0,0,0,0,0,,,0,Matches
88,Jaxon Brown,,MF,Swindon Town,,,1.6,0,0,0,1,6,0,1,0,1,,,0,Matches
89,Jevani Brown,jm JAM,MF,Notts County,29,1994,5.4,1,0,0,11,6,1,3,2,10,,,0,Matches
90,Marcus Browne,eng ENG,"MF,FW",AFC Wimbledon,26,1997,11.1,4,0,0,29,20,4,8,3,9,,,0,Matches
91,Omar Bugiel,lb LIB,FW,AFC Wimbledon,30,1994,31.7,9,0,0,86,58,13,13,4,40,,,0,Matches
92,Tyler Burey,eng ENG,MF,Carlisle United,22,2001,5,1,0,0,5,8,0,19,4,5,,,0,Matches
93,Harry Burgoyne,eng ENG,GK,Morecambe,27,1996,26.8,1,0,0,0,3,0,0,0,1,,,0,Matches
94,Darragh Burns,nir NIR,"MF,FW",Grimsby Town,21,2002,2.8,1,0,0,3,10,1,9,4,1,,,0,Matches
95,Warren Burrell,eng ENG,"DF,MF",Harrogate Town FC,34,1990,20.8,1,0,0,21,11,1,17,24,25,,,0,Matches
96,Daniel Butterworth,eng ENG,"FW,MF",Carlisle United,24,1999,0.5,0,0,0,1,1,1,4,0,0,,,0,Matches
97,Daniel Butterworth,eng ENG,"MF,FW",Swindon Town,24,1999,21.1,3,0,0,15,13,2,43,6,9,,,0,Matches
98,Jack Bycroft,eng ENG,GK,Swindon Town,22,2001,20.2,0,0,0,0,3,0,0,0,0,,,0,Matches
99,George Byers,sct SCO,MF,Port Vale,28,1996,14.9,3,0,0,20,15,0,36,9,23,,,0,Matches
100,Neill Byrne,ie IRL,DF,Bradford City,31,1993,23.2,6,0,0,25,13,2,12,25,25,,,1,Matches
Rk,Player,Nation,Pos,Squad,Age,Born,90s,CrdY,CrdR,2CrdY,Fls,Fld,Off,Crs,Int,TklW,PKwon,PKcon,OG,Matches
101,Jake Cain,eng ENG,"DF,MF",Swindon Town,22,2001,8.7,2,0,0,7,7,0,31,7,12,,,0,Matches
102,Kyle Cameron,sct SCO,DF,Barrow,27,1997,15.1,1,1,0,12,16,1,7,13,15,,,1,Matches
103,Dean Campbell,sct SCO,MF,Barrow,23,2001,29,7,0,0,32,46,1,13,48,39,,,0,Matches
104,Niall Canavan,ie IRL,DF,Barrow,33,1991,35,3,0,0,22,15,2,1,34,16,,,0,Matches
105,Jacob Carney,eng ENG,GK,Newport County,23,2001,3,0,0,0,0,2,0,0,0,0,,,0,Matches
106,Tom Carroll,eng ENG,MF,Milton Keynes Dons,32,1992,5.4,0,0,0,5,3,0,4,3,2,,,0,Matches
107,Matthew Carson,eng ENG,DF,Grimsby Town,21,2002,1.6,3,0,0,4,1,0,16,2,8,,,0,Matches
108,Lewis Cass,eng ENG,DF,Grimsby Town,24,2000,18.4,3,1,1,7,7,1,19,36,20,,,0,Matches
109,Charlie Caton,eng ENG,FW,Accrington Stanley,21,2002,4.2,0,0,0,0,0,1,10,1,1,,,0,Matches
110,Alfie Chang,eng ENG,MF,Walsall,21,2002,2.5,1,0,0,5,5,0,4,0,3,,,0,Matches
111,Ashley Charles,gd GRN,MF,Bromley,25,1999,22,5,1,0,29,28,0,30,27,29,,,0,Matches
112,Taylor Charters,eng ENG,"MF,FW",Carlisle United,22,2001,2.2,1,0,0,1,3,0,5,1,2,,,0,Matches
113,Michael Cheek,eng ENG,FW,Bromley,36,1988,42.1,8,0,0,48,46,22,9,12,9,,,0,Matches
114,Daniel Chesters,eng ENG,"MF,DF",Salford City FC,22,2002,5,2,0,0,2,9,0,11,2,6,,,0,Matches
115,Adam Chicksen,zw ZIM,MF,Notts County,32,1991,1.4,0,0,0,0,0,0,6,1,1,,,0,Matches
116,Ethan Chislett,eng ENG,"MF,FW",Port Vale,24,2000,15.5,3,0,0,11,48,5,66,7,19,,,0,Matches
117,Madou Cisse,,FW,Notts County,,,0.7,0,0,0,2,0,0,2,0,0,,,0,Matches
118,Max Clark,eng ENG,"DF,MF",Gillingham,28,1996,37.6,6,0,0,32,23,2,187,31,81,,,0,Matches
119,Mitchell Clark,wls WAL,MF,Port Vale,25,1999,16,4,1,0,20,16,2,71,12,15,,,0,Matches
120,James Clarke,eng ENG,DF,Newport County,34,1989,22.9,2,0,0,8,32,1,0,9,9,,,0,Matches
121,Jayden Clarke,eng ENG,MF,Gillingham,23,2001,21,6,0,0,22,29,2,17,4,21,,,0,Matches
122,Ollie Clarke,eng ENG,"MF,DF",Swindon Town,32,1992,23.2,12,0,0,41,26,0,36,21,36,,,0,Matches
123,Reyes Cleary,eng ENG,"FW,MF",Walsall,20,2004,1,0,0,0,1,0,0,0,0,2,,,0,Matches
124,Harry Clifton,wls WAL,MF,Doncaster Rovers,26,1998,24.4,8,1,1,47,32,1,28,8,34,,,0,Matches
125,Ben Close,eng ENG,MF,Doncaster Rovers,27,1996,2.7,0,0,0,2,2,0,7,0,6,,,0,Matches
Rk,Player,Nation,Pos,Squad,Age,Born,90s,CrdY,CrdR,2CrdY,Fls,Fld,Off,Crs,Int,TklW,PKwon,PKcon,OG,Matches
126,Ryan Colclough,eng ENG,"MF,FW",Chesterfield,29,1994,14.3,2,0,0,11,20,4,50,4,7,,,0,Matches
127,Ethan Coleman,eng ENG,MF,Gillingham,24,2000,15.9,5,1,1,27,22,1,8,19,23,,,0,Matches
128,Joel Colwill,wls WAL,MF,Cheltenham Town,19,2004,18.3,2,0,0,24,31,0,23,4,17,,,0,Matches
129,Brandon Comley,ms MSR,MF,Walsall,28,1995,6.7,1,0,0,8,9,0,4,4,9,,,0,Matches
130,Cameron Congreve,wls WAL,MF,Bromley,20,2004,26.8,0,0,0,16,19,4,138,8,34,,,0,Matches
131,Séamus Conneely,ie IRL,MF,Accrington Stanley,36,1988,18.1,4,0,0,11,23,0,8,31,22,,,0,Matches
132,James Connolly,wls WAL,DF,Crewe Alexandra,22,2001,13.4,3,0,0,15,13,1,1,11,7,,,0,Matches
133,Max Conway,eng ENG,"MF,DF",Crewe Alexandra,20,2003,41.5,5,0,0,24,65,7,126,34,56,,,0,Matches
134,Andy Cook,eng ENG,FW,Bradford City,33,1990,20.5,5,0,0,36,14,15,3,0,4,,,0,Matches
135,Connor Cook,,MF,Chesterfield,,,0,0,0,0,0,0,0,1,0,0,,,0,Matches
136,Callum Cooke,eng ENG,MF,Morecambe,27,1997,10.5,1,0,0,9,6,0,29,4,8,,,0,Matches
137,Ryan Cooney,eng ENG,"MF,DF",Crewe Alexandra,24,2000,30.1,11,1,1,30,29,2,79,37,38,,,0,Matches
138,Dean Cornelius,sct SCO,MF,Harrogate Town FC,23,2001,28.6,3,0,0,21,14,1,21,26,14,,,0,Matches
139,Dominic Corness,eng ENG,MF,Gillingham,21,2003,3.2,1,0,0,4,6,0,9,1,3,,,0,Matches
140,Dara Costelloe,ie IRL,"FW,MF",Accrington Stanley,21,2002,13.5,3,0,0,26,15,6,9,4,7,,,0,Matches
141,Joel Cotterill,wls WAL,MF,Swindon Town,19,2004,29.2,4,0,0,11,14,0,43,22,27,,,0,Matches
142,Ronan Coughlan,ie IRL,FW,Fleetwood Town,28,1995,17.8,2,0,0,21,24,20,7,2,12,,,0,Matches
143,Brandon Cover,jm JAM,"MF,DF",Port Vale,20,2003,15.9,3,0,0,31,16,1,25,16,44,,,0,Matches
144,Brandon Cover,jm JAM,MF,Fleetwood Town,20,2003,3.5,2,0,0,5,0,0,9,4,12,,,0,Matches
145,George Cox,eng ENG,"MF,DF",Swindon Town,26,1998,18.3,5,0,0,23,18,1,149,27,31,,,0,Matches
146,Liam Coyle,eng ENG,MF,Accrington Stanley,24,1999,26.3,10,0,0,48,31,0,6,35,39,,,0,Matches
147,William Crellin,eng ENG,GK,Accrington Stanley,24,2000,34,1,0,0,0,6,0,0,0,2,,,0,Matches
148,Charlie Crew,wls WAL,MF,Doncaster Rovers,18,2006,9,2,0,0,12,9,0,13,3,18,,,0,Matches
149,Romoney Crichlow-Noble,eng ENG,DF,Bradford City,25,1999,6.8,1,0,0,7,5,0,4,2,6,,,0,Matches
150,Ryan Croasdale,eng ENG,MF,Port Vale,29,1994,39.3,9,0,0,39,34,2,36,28,64,,,0,Matches
Rk,Player,Nation,Pos,Squad,Age,Born,90s,CrdY,CrdR,2CrdY,Fls,Fld,Off,Crs,Int,TklW,PKwon,PKcon,OG,Matches
151,Daniel Crowley,eng ENG,MF,Notts County,26,1997,17,2,0,0,16,32,1,47,5,20,,,0,Matches
152,Daniel Crowley,eng ENG,MF,Milton Keynes Dons,26,1997,17.5,2,0,0,12,32,0,72,4,16,,,0,Matches
153,Robbie Cundy,eng ENG,"MF,DF",Notts County,27,1997,1.7,1,0,0,1,4,0,0,2,2,,,0,Matches
154,Jai Curran Nicholls,eng ENG,DF,Salford City FC,20,2004,0.3,0,0,0,0,0,0,0,0,0,,,0,Matches
155,Tom Cursons,eng ENG,FW,Harrogate Town FC,22,2001,7.1,2,0,0,8,6,8,5,3,0,,,0,Matches
156,Ronan Curtis,ie IRL,"FW,MF",Port Vale,28,1996,22.3,4,1,0,40,31,15,103,8,28,,,0,Matches
157,Bradley Dack,eng ENG,"MF,FW",Gillingham,30,1993,7.5,3,0,0,5,4,4,20,3,12,,,0,Matches
158,Marcus Dackers,wls WAL,FW,Salford City FC,21,2003,0.7,0,0,0,1,2,0,0,0,1,,,0,Matches
159,Marcus Dackers,wls WAL,FW,Morecambe,21,2003,24,3,0,0,53,37,5,18,7,15,,,0,Matches
160,Vontae Daley Campbell,eng ENG,DF,Chesterfield,23,2001,4.9,1,0,0,8,6,0,32,3,3,,,0,Matches
161,Andrew Dallas,sct SCO,"FW,MF",Morecambe,25,1999,11.3,2,0,0,14,19,3,19,2,5,,,0,Matches
162,Andrew Dallas,sct SCO,FW,Barrow,25,1999,6.9,4,0,0,10,8,7,12,1,2,,,0,Matches
163,James Daly,eng ENG,"MF,FW",Harrogate Town FC,24,2000,30.1,4,0,0,44,38,5,94,22,28,,,0,Matches
164,Matty Daly,eng ENG,"MF,FW",Harrogate Town FC,23,2001,13.5,3,0,0,13,11,0,11,5,12,,,0,Matches
165,Donervon Daniels,ms MSR,DF,Walsall,30,1993,4.1,1,0,0,3,3,1,1,4,2,,,0,Matches
166,Geza David Turi,fo FRO,MF,Grimsby Town,22,2001,1.8,2,0,0,3,3,0,0,5,6,,,0,Matches
167,Archie Davies,eng ENG,"DF,MF",Carlisle United,25,1998,19.2,7,0,0,15,26,1,67,12,26,,,0,Matches
168,Jordan Davies,wls WAL,MF,Grimsby Town,25,1998,8.1,2,0,0,17,15,1,11,7,15,,,0,Matches
169,Thomas Davies,wls WAL,DF,Newport County,20,2003,2,0,0,0,3,2,0,6,2,4,,,0,Matches
170,Tom Davies,eng ENG,DF,Tranmere Rovers,32,1992,31.3,10,1,1,30,34,2,9,43,19,,,0,Matches
171,Josh Davison,eng ENG,FW,Tranmere Rovers,24,1999,14,4,0,0,30,20,2,11,1,9,,,0,Matches
172,Joe Day,eng ENG,GK,Cheltenham Town,33,1990,35,3,0,0,0,7,0,0,0,1,,,0,Matches
173,Ja­son Daði Svanþórs­son,is ISL,MF,Grimsby Town,24,1999,32.9,7,0,0,24,33,10,21,32,44,,,0,Matches
174,Jesse Debrah,eng ENG,DF,Port Vale,24,2000,33,4,0,0,16,25,0,23,26,23,,,0,Matches
175,Ryan Delaney,ie IRL,DF,Swindon Town,27,1996,18.4,4,0,0,21,6,0,6,14,20,,,0,Matches
Rk,Player,Nation,Pos,Squad,Age,Born,90s,CrdY,CrdR,2CrdY,Fls,Fld,Off,Crs,Int,TklW,PKwon,PKcon,OG,Matches
176,Mickey Demetriou,eng ENG,DF,Crewe Alexandra,34,1990,35,7,0,0,25,38,1,31,52,27,,,0,Matches
177,Kristian Dennis,eng ENG,FW,Tranmere Rovers,34,1990,21,4,0,0,13,15,19,22,4,5,,,0,Matches
178,Louis Dennis,eng ENG,"FW,MF",Bromley,31,1992,7.4,0,0,0,17,5,3,19,1,5,,,0,Matches
179,Matthew Dennis,eng ENG,FW,Carlisle United,22,2002,10.7,5,1,1,14,8,7,2,0,6,,,0,Matches
180,Matthew Dennis,eng ENG,FW,Milton Keynes Dons,22,2002,0.4,0,0,0,3,0,1,0,0,0,,,0,Matches
181,Owen Devonport,eng ENG,FW,Fleetwood Town,19,2004,12.1,1,0,0,24,20,2,10,4,9,,,0,Matches
182,Cheick Diabate,eng ENG,DF,Bradford City,22,2002,9.9,4,0,0,10,2,0,11,6,12,,,1,Matches
183,Timothée Dieng,fr FRA,MF,Gillingham,32,1992,7.1,1,0,0,13,5,1,10,7,5,,,0,Matches
184,Timothée Dieng,fr FRA,MF,Cheltenham Town,32,1992,9.3,5,1,1,21,5,1,7,8,15,,,0,Matches
185,Marcus Dinanga,eng ENG,FW,Bromley,27,1997,3,0,0,0,7,3,4,0,0,1,,,0,Matches
186,Baylee Dipepa,eng ENG,FW,Port Vale,17,2007,0.7,0,0,0,2,1,0,0,0,0,,,0,Matches
187,Armando Dobra,al ALB,MF,Chesterfield,23,2001,34.5,8,0,0,56,103,5,30,11,47,,,0,Matches
188,Lennon Dobson,,MF,Morecambe,,,0,0,0,0,0,0,0,0,0,0,,,0,Matches
189,Janoi Donacien,lc LCA,DF,Chesterfield,30,1993,3.9,1,0,0,2,3,0,8,2,6,,,0,Matches
190,Aaron Donnelly,nir NIR,DF,Colchester United,21,2003,14.3,1,0,0,4,5,0,7,8,2,,,0,Matches
191,Stephen Dooley,nir NIR,MF,Harrogate Town FC,32,1991,18.8,0,0,0,16,11,0,5,16,16,,,0,Matches
192,Aaron Drinan,ie IRL,"FW,MF",Swindon Town,26,1998,18.9,0,0,0,6,13,1,39,5,15,,,0,Matches
193,Anthony Driscoll-Glennon,eng ENG,"DF,MF",Newport County,24,1999,35,8,0,0,35,29,2,202,21,34,,,0,Matches
194,Kane Drummond,eng ENG,FW,Chesterfield,23,2000,5.4,2,0,0,11,1,6,0,1,4,,,0,Matches
195,Declan Drysdale,eng ENG,DF,Tranmere Rovers,24,1999,6.7,5,2,2,12,7,0,6,4,5,,,0,Matches
196,Anton Dudik,ua UKR,FW,Carlisle United,19,2005,0.1,0,0,0,0,0,0,0,0,0,,,0,Matches
197,Dylan Duffy,ie IRL,"MF,FW",Chesterfield,21,2002,8.1,1,0,0,10,3,5,64,4,11,,,0,Matches
198,Stephen Duke-McKenna,gy GUY,MF,Harrogate Town FC,23,2000,12.5,1,0,0,9,44,3,85,8,10,,,0,Matches
199,Liam Dulson,,"MF,FW",Cheltenham Town,,,9.8,1,0,0,10,9,3,14,0,3,,,0,Matches
200,Paul Dummett,wls WAL,DF,Carlisle United,32,1991,0.4,0,0,0,0,0,0,0,0,0,,,0,Matches
Rk,Player,Nation,Pos,Squad,Age,Born,90s,CrdY,CrdR,2CrdY,Fls,Fld,Off,Crs,Int,TklW,PKwon,PKcon,OG,Matches
201,Chey Dunkley,eng ENG,DF,Chesterfield,32,1992,9,2,1,1,13,3,0,0,14,6,,,0,Matches
202,Leonard Duru,eng ENG,"MF,DF",Barrow,19,2005,5.9,2,0,0,3,4,0,11,9,10,,,0,Matches
203,Jack Earing,eng ENG,MF,Walsall,25,1999,7.6,0,0,0,8,7,1,13,8,8,,,0,Matches
204,Jake Eastwood,eng ENG,GK,Grimsby Town,27,1996,5.2,0,0,0,0,2,0,0,0,0,,,0,Matches
205,Neo Eccleston,eng ENG,"DF,MF",Barrow,20,2003,9.7,3,0,0,12,10,1,21,23,18,,,0,Matches
206,Curtis Edwards,eng ENG,MF,Notts County,30,1994,6.4,1,0,0,7,6,1,1,4,4,,,0,Matches
207,Diamond Edwards,,MF,Port Vale,20,2003,0.1,0,0,0,1,1,0,0,0,0,,,0,Matches
208,Gwion Edwards,wls WAL,MF,Morecambe,31,1993,17.7,3,0,0,31,44,6,54,8,26,,,0,Matches
209,Owura Edwards,eng ENG,MF,Colchester United,23,2001,27.5,8,2,2,44,31,6,58,7,27,,,0,Matches
210,Tom Edwards,eng ENG,DF,Salford City FC,25,1999,10.3,3,0,0,8,3,0,59,11,11,,,0,Matches
211,Mandela Egbo,eng ENG,"DF,MF",Colchester United,26,1997,38,9,0,0,21,30,2,54,29,39,,,0,Matches
212,Max Ehmer,eng ENG,DF,Gillingham,32,1992,32.8,9,1,1,22,24,3,1,51,20,,,0,Matches
213,Deji Elerewe,eng ENG,DF,Bromley,20,2003,16.3,3,0,0,10,19,1,1,13,14,,,0,Matches
214,Gunner Elliott,mt MLT,FW,Chesterfield,16,2008,0.1,0,0,0,0,0,0,0,0,0,,,0,Matches
215,Jack Ellis,eng ENG,"DF,MF",Carlisle United,20,2003,10.4,3,0,0,13,7,0,22,10,20,,,0,Matches
216,Elliot Embleton,eng ENG,MF,Carlisle United,25,1999,10,3,1,0,12,3,0,91,1,5,,,0,Matches
217,Josh Emmanuel,eng ENG,"DF,MF",Doncaster Rovers,26,1997,3.1,0,0,0,2,2,0,12,0,4,,,0,Matches
218,Ethan Ennis,eng ENG,MF,Doncaster Rovers,19,2004,4.5,0,0,0,10,6,0,15,1,7,,,0,Matches
219,Cameron Evans,wls WAL,DF,Newport County,23,2001,25.3,8,0,0,41,27,0,25,19,40,,,0,Matches
220,Corry Evans,nir NIR,MF,Bradford City,34,1990,1.2,0,0,0,1,0,0,2,2,3,,,0,Matches
221,Kieron Evans,wls WAL,MF,Newport County,22,2001,22.8,5,0,0,29,25,2,39,13,22,,,0,Matches
222,Owen Evans,wls WAL,GK,Cheltenham Town,27,1996,11,0,0,0,0,1,0,0,0,1,,,0,Matches
223,Adam Fairclough,eng ENG,MF,Morecambe,17,2007,0.8,1,0,0,4,1,0,4,1,0,,,0,Matches
224,Josh Falkingham,eng ENG,MF,Harrogate Town FC,33,1990,4.2,1,0,0,11,4,0,2,2,6,,,0,Matches
225,Paul Farman,eng ENG,GK,Barrow,34,1989,28.5,3,1,0,2,6,0,0,0,0,,,0,Matches
Rk,Player,Nation,Pos,Squad,Age,Born,90s,CrdY,CrdR,2CrdY,Fls,Fld,Off,Crs,Int,TklW,PKwon,PKcon,OG,Matches
226,Priestley Farquharson,eng ENG,DF,Walsall,27,1997,2.5,1,0,0,1,4,0,2,5,2,,,0,Matches
227,Rory Feely,ie IRL,DF,Barrow,27,1997,14.3,3,0,0,9,16,1,20,20,10,,,0,Matches
228,Sonny Finch,eng ENG,FW,Milton Keynes Dons,18,2005,1.6,0,0,0,2,2,0,0,2,1,,,0,Matches
229,Sam Finley,eng ENG,MF,Tranmere Rovers,31,1992,28.8,9,1,1,46,22,3,124,33,58,,,0,Matches
230,Charlie Finney,eng ENG,MF,Crewe Alexandra,20,2003,1.6,0,0,0,1,0,0,9,1,2,,,0,Matches
231,Tom Flanagan,nir NIR,DF,Colchester United,32,1992,41,8,0,0,37,41,4,2,42,27,,,1,Matches
232,John Fleck,sct SCO,MF,Chesterfield,32,1991,7.7,2,0,0,5,5,0,2,3,9,,,0,Matches
233,Brandon Fleming,eng ENG,DF,Doncaster Rovers,24,1999,11.2,4,0,0,18,24,0,27,13,22,,,0,Matches
234,Isaac Fletcher,eng ENG,MF,Barrow,22,2002,5.9,1,0,0,6,9,0,13,6,3,,,0,Matches
235,Samuel Folarin,ng NGA,FW,Harrogate Town FC,23,2000,8.1,3,0,0,16,4,7,8,2,6,,,0,Matches
236,Sam Foley,ie IRL,"DF,MF",Barrow,37,1986,25.1,3,0,0,23,35,1,19,39,44,,,0,Matches
237,Tyrese Fornah,sl SLE,MF,Salford City FC,24,1999,38.8,10,2,2,47,24,4,61,25,41,,,0,Matches
238,Matty Foulds,eng ENG,DF,Harrogate Town FC,26,1998,13.8,2,0,0,10,8,0,31,15,15,,,0,Matches
239,Ben Fox,eng ENG,MF,Harrogate Town FC,26,1998,11.8,4,0,0,19,14,0,20,15,10,,,0,Matches
240,Owen Foye,,MF,Swindon Town,,,0,0,0,0,0,0,0,0,0,0,,,0,Matches
241,Osman Foyo,eng ENG,FW,AFC Wimbledon,19,2004,1.5,1,0,0,6,2,2,2,2,0,,,0,Matches
242,Miguel Freckleton,eng ENG,DF,Swindon Town,21,2002,26.3,4,0,0,16,13,0,25,29,26,,,0,Matches
243,James Furlong,ie IRL,MF,AFC Wimbledon,22,2002,9.7,3,0,0,8,3,1,78,6,11,,,0,Matches
244,Sean Fusire,zw ZIM,MF,Carlisle United,19,2005,7.1,1,0,0,6,4,0,6,6,10,,,0,Matches
245,Sam Gale,eng ENG,DF,Gillingham,19,2004,21.7,6,0,0,24,14,1,5,41,28,,,0,Matches
246,Luke Garbutt,eng ENG,"DF,MF",Salford City FC,31,1993,39.5,9,0,0,42,27,0,235,40,47,,,0,Matches
247,Cameron Gardner,sct SCO,"MF,FW",Grimsby Town,18,2005,4.1,0,0,0,2,3,2,2,2,4,,,0,Matches
248,Gerard Garner,eng ENG,"FW,MF",Morecambe,25,1998,3.6,0,0,0,4,6,1,5,0,2,,,0,Matches
249,Gerard Garner,eng ENG,FW,Barrow,25,1998,10.5,1,0,0,21,10,9,7,2,6,,,0,Matches
250,Jake Garrett,eng ENG,MF,Tranmere Rovers,21,2003,5.2,2,0,0,7,10,1,19,0,12,,,0,Matches
Rk,Player,Nation,Pos,Squad,Age,Born,90s,CrdY,CrdR,2CrdY,Fls,Fld,Off,Crs,Int,TklW,PKwon,PKcon,OG,Matches
251,Ben Garrity,eng ENG,MF,Port Vale,27,1997,26.5,3,0,0,29,22,3,20,32,19,,,0,Matches
252,Joseph Gbode,eng ENG,"FW,MF",Gillingham,19,2005,19.9,7,1,1,59,57,12,42,6,11,,,0,Matches
253,Jordan Gibson,eng ENG,MF,Doncaster Rovers,26,1998,28.3,2,1,1,20,21,9,130,13,23,,,0,Matches
254,Liam Gibson,eng ENG,DF,Harrogate Town FC,27,1997,4.4,2,0,0,5,2,1,4,6,11,,,0,Matches
255,Alex Gilbey,eng ENG,"MF,FW",Milton Keynes Dons,29,1994,41.7,9,0,0,53,40,21,25,13,39,,,0,Matches
256,Paul Glatzel,eng ENG,"FW,MF",Swindon Town,23,2001,21.4,2,0,0,40,43,4,21,14,21,,,0,Matches
257,Ben Goodliffe,eng ENG,DF,Colchester United,25,1999,7.2,1,0,0,5,5,1,1,7,0,,,0,Matches
258,Owen Goodman,ca CAN,GK,AFC Wimbledon,20,2003,46,3,0,0,1,0,0,1,0,2,,,0,Matches
259,John-Kymani Gordon,eng ENG,MF,Colchester United,21,2003,19.3,3,0,0,34,23,6,43,10,34,,,0,Matches
260,Josh Gordon,eng ENG,FW,Walsall,29,1995,4.2,1,0,0,13,6,2,3,1,3,,,0,Matches
261,Kellan Gordon,eng ENG,MF,Notts County,26,1997,18.4,3,0,0,14,32,2,203,6,13,,,0,Matches
262,Lewis Gordon,sct SCO,DF,Chesterfield,23,2001,29,2,0,0,10,15,0,33,10,27,,,0,Matches
263,Liam Gordon,gy GUY,MF,Walsall,25,1999,43,10,0,0,24,32,1,128,32,46,,,0,Matches
264,Robbie Gotts,eng ENG,MF,Barrow,24,1999,38.1,8,0,0,46,69,1,121,45,46,,,0,Matches
265,Conor Grant,ie IRL,"MF,FW",Notts County,23,2001,21.1,1,0,0,21,29,3,25,8,28,,,0,Matches
266,Conor Grant,eng ENG,MF,Port Vale,29,1995,3.2,0,0,0,1,2,0,32,1,5,,,0,Matches
267,Conor Grant,eng ENG,MF,Accrington Stanley,29,1995,7.6,1,0,0,1,5,0,13,2,5,,,1,Matches
268,Kamarl Grant,eng ENG,DF,Bromley,21,2003,32.9,10,1,1,42,40,2,62,37,35,,,0,Matches
269,Ryan Graydon,ie IRL,FW,Fleetwood Town,25,1999,30.5,5,0,0,41,41,14,21,4,7,,,0,Matches
270,Oliver Greaves,eng ENG,"FW,MF",Newport County,22,2001,6.8,0,0,0,4,8,0,20,3,5,,,0,Matches
271,Kieran Green,eng ENG,MF,Grimsby Town,27,1997,32.6,10,1,1,70,36,9,38,24,25,,,0,Matches
272,Will Grigg,nir NIR,FW,Chesterfield,33,1991,19.5,4,0,0,19,20,8,2,2,2,,,0,Matches
273,Jamie Grimes,eng ENG,DF,Chesterfield,33,1990,27.2,4,0,0,21,12,1,4,20,21,,,0,Matches
274,Callum Guy,eng ENG,MF,Carlisle United,27,1996,11.3,1,0,0,8,13,0,18,10,12,,,0,Matches
275,Antwoine Hackford,eng ENG,"FW,MF",Port Vale,20,2004,10.2,1,0,0,8,15,2,2,2,7,,,0,Matches
Rk,Player,Nation,Pos,Squad,Age,Born,90s,CrdY,CrdR,2CrdY,Fls,Fld,Off,Crs,Int,TklW,PKwon,PKcon,OG,Matches
276,Charlie Hall,,MF,Accrington Stanley,,,0,0,0,0,0,0,0,0,0,0,,,0,Matches
277,Connor Hall,eng ENG,DF,Port Vale,31,1993,44,4,0,0,35,27,2,37,56,44,,,0,Matches
278,George Hall,eng ENG,"MF,FW",Walsall,20,2004,7.3,0,0,0,6,10,2,17,3,9,,,0,Matches
279,Grant Hall,eng ENG,DF,Swindon Town,32,1991,8.8,1,1,0,5,2,0,0,4,3,,,0,Matches
280,Brad Halliday,eng ENG,"MF,DF",Bradford City,29,1995,38.5,9,0,0,50,39,2,81,31,62,,,0,Matches
281,Riley Harbottle,eng ENG,DF,AFC Wimbledon,23,2000,21.5,6,0,0,41,32,1,36,31,26,,,0,Matches
282,Cameron Harper,sct SCO,"MF,DF",Carlisle United,22,2001,30.4,5,0,0,12,15,1,134,18,30,,,1,Matches
283,Rekeem Harper,eng ENG,MF,Port Vale,24,2000,10.5,4,1,1,15,10,0,7,4,9,,,0,Matches
284,Kayden Harrack,gd GRN,MF,Morecambe,20,2003,4.1,3,1,1,6,2,0,3,1,4,,,0,Matches
285,Kian Harratt,eng ENG,FW,Fleetwood Town,22,2002,6.8,1,0,0,14,2,3,4,1,4,,,0,Matches
286,David Harrington,wls WAL,GK,Fleetwood Town,24,2000,19.8,2,0,0,2,10,0,0,1,0,,,0,Matches
287,Kadeem Harris,eng ENG,MF,Carlisle United,31,1993,25.9,2,0,0,22,46,0,68,6,33,,,0,Matches
288,Ellis Harrison,wls WAL,FW,Walsall,30,1994,7.1,1,0,0,17,13,5,4,2,3,,,0,Matches
289,Ellis Harrison,wls WAL,"FW,MF",Milton Keynes Dons,30,1994,5.8,2,1,0,14,20,3,3,0,6,,,0,Matches
290,Sam Hart,eng ENG,"MF,DF",Port Vale,27,1996,12.5,3,0,0,13,14,1,49,16,14,,,0,Matches
291,Sonny Hartman,eng ENG,DF,Swindon Town,18,2006,0,0,0,0,0,0,0,0,0,0,,,0,Matches
292,Josh Hawkes,eng ENG,"MF,FW",Tranmere Rovers,25,1999,10.3,1,0,0,5,8,2,64,5,12,,,0,Matches
293,Oliver Hawkins,eng ENG,"FW,DF",Gillingham,32,1992,9.6,1,0,0,22,20,11,0,4,5,,,0,Matches
294,Ashley Hay,eng ENG,"FW,MF",Cheltenham Town,21,2003,11.1,0,0,0,9,9,6,7,2,3,,,0,Matches
295,Aaron Hayden,eng ENG,DF,Carlisle United,27,1997,21.9,10,0,0,25,15,1,9,32,21,,,0,Matches
296,Ryan Haynes,eng ENG,"DF,MF",Cheltenham Town,28,1995,8.6,3,0,0,4,8,0,69,8,6,,,0,Matches
297,Jaheim Headley,eng ENG,MF,Port Vale,22,2001,7.1,0,0,0,8,6,0,48,5,9,,,0,Matches
298,Mark Helm,eng ENG,"MF,FW",Fleetwood Town,22,2001,30.3,5,0,0,24,25,6,28,9,21,,,0,Matches
299,Kane Hemmings,eng ENG,FW,Crewe Alexandra,32,1992,13.9,1,0,0,30,18,5,9,1,2,,,0,Matches
300,Alex Henderson,eng ENG,MF,Accrington Stanley,19,2004,10.5,3,0,0,11,26,1,15,4,9,,,0,Matches
Rk,Player,Nation,Pos,Squad,Age,Born,90s,CrdY,CrdR,2CrdY,Fls,Fld,Off,Crs,Int,TklW,PKwon,PKcon,OG,Matches
301,Luke Hendrie,eng ENG,"DF,MF",Morecambe,29,1994,32.1,7,1,1,20,28,1,92,33,36,,,0,Matches
302,Callum Hendry,sct SCO,"FW,MF",Milton Keynes Dons,26,1997,15.7,7,1,0,29,14,4,6,7,16,,,0,Matches
303,Regan Hendry,sct SCO,MF,Tranmere Rovers,26,1998,20,7,1,1,30,30,2,113,19,14,,,0,Matches
304,Ben Heneghan,eng ENG,DF,Port Vale,30,1993,19.3,4,0,0,24,8,1,0,35,6,,,0,Matches
305,Thomas Hill,wls WAL,MF,Harrogate Town FC,21,2002,2.8,2,0,0,6,3,2,3,2,3,,,0,Matches
306,Jack Hinchy,eng ENG,MF,Notts County,21,2003,10.9,3,0,0,13,11,0,1,7,24,,,0,Matches
307,Myles Hippolyte,gd GRN,MF,AFC Wimbledon,29,1994,12.8,2,0,0,21,19,4,28,11,18,,,0,Matches
308,Bailey Hobson,eng ENG,MF,Chesterfield,21,2002,4.5,0,0,0,9,16,3,6,0,1,,,0,Matches
309,Scott Hogan,ie IRL,FW,Milton Keynes Dons,32,1992,24.7,1,0,0,30,9,18,16,2,0,,,0,Matches
310,Harrison Holgate,eng ENG,DF,Fleetwood Town,23,2000,5,1,0,0,0,3,0,1,8,5,,,0,Matches
311,Matúš Holíček,sk SVK,MF,Crewe Alexandra,19,2005,29.4,7,0,0,43,57,1,40,13,44,,,0,Matches
312,Taite Holtam,eng ENG,GK,Gillingham,19,2005,2,0,0,0,0,0,0,0,0,0,,,0,Matches
313,Hallam Hope,bb BRB,"FW,MF",Morecambe,30,1994,15.7,3,0,0,28,24,14,12,4,5,,,0,Matches
314,Tom Hopper,eng ENG,"FW,MF",Colchester United,30,1993,8.6,0,0,0,6,9,2,6,4,9,,,0,Matches
315,Sam Hornby,eng ENG,GK,Walsall,29,1995,6,0,0,0,0,4,0,0,0,0,,,0,Matches
316,Branden Horton,eng ENG,DF,Chesterfield,23,2000,2.5,1,0,0,2,2,0,5,0,6,,,0,Matches
317,Kyle Hudlin,eng ENG,FW,Newport County,24,2000,16,5,0,0,31,25,12,3,2,9,,,0,Matches
318,Kayden Hughes,eng ENG,DF,Fleetwood Town,18,2005,6.7,1,0,0,9,2,0,1,4,5,,,0,Matches
319,Joe Hugill,eng ENG,FW,Carlisle United,20,2003,9.5,3,0,0,21,6,3,11,5,3,,,0,Matches
320,Liam Humbles,eng ENG,MF,Salford City FC,20,2003,1,0,0,0,0,0,0,2,0,1,,,0,Matches
321,Denver Hume,eng ENG,"DF,MF",Grimsby Town,27,1996,41.6,9,0,0,25,48,0,319,32,40,,,0,Matches
322,Mackenzie Hunt,ae UAE,"MF,DF",Fleetwood Town,22,2001,27.7,3,0,0,22,23,0,189,27,47,,,0,Matches
323,Rob Hunt,eng ENG,DF,Colchester United,29,1995,14.2,5,0,0,15,14,0,9,18,20,,,0,Matches
324,Ashley Hunter,eng ENG,"MF,FW",Accrington Stanley,28,1995,10.7,6,0,0,16,23,1,60,6,11,,,0,Matches
325,Paul Huntington,eng ENG,DF,Bradford City,36,1987,10.1,2,0,0,5,6,1,0,11,7,,,0,Matches
Rk,Player,Nation,Pos,Squad,Age,Born,90s,CrdY,CrdR,2CrdY,Fls,Fld,Off,Crs,Int,TklW,PKwon,PKcon,OG,Matches
326,Kyle Hurst,eng ENG,"MF,FW",Doncaster Rovers,22,2002,10,3,0,0,10,16,2,53,5,7,,,0,Matches
327,Sam Hutchinson,eng ENG,"DF,MF",AFC Wimbledon,34,1989,12.7,7,0,0,25,7,0,19,22,5,,,0,Matches
328,Remeao Hutton,eng ENG,"DF,MF",Gillingham,25,1998,40.7,10,0,0,34,14,2,246,25,26,,,0,Matches
329,Ellis Iandolo,eng ENG,DF,Colchester United,26,1997,43.9,14,1,1,43,54,1,86,58,54,,,0,Matches
330,Marcus Ifill,eng ENG,MF,Bromley,20,2003,1.2,0,0,0,5,2,0,0,2,0,,,0,Matches
331,Bradley Ihionvien,eng ENG,MF,Colchester United,20,2003,0.9,0,0,0,0,1,0,4,0,0,,,0,Matches
332,Brooklyn Ilunga,eng ENG,MF,Bromley,20,2003,6.6,0,0,0,4,14,0,20,5,7,,,0,Matches
333,Brooklyn Ilunga,eng ENG,FW,Milton Keynes Dons,20,2003,0.8,0,0,0,1,2,0,4,1,3,,,0,Matches
334,Danny Imray,eng ENG,MF,Bromley,21,2003,35.5,6,0,0,25,60,22,149,25,46,,,0,Matches
335,Joe Ironside,eng ENG,FW,Doncaster Rovers,30,1993,20.7,0,0,0,41,33,9,3,3,6,,,0,Matches
336,Ben Jackson,eng ENG,"DF,MF",Barrow,23,2001,42.9,4,0,0,17,45,1,356,27,49,,,0,Matches
337,Michael Jacobs,eng ENG,MF,Chesterfield,32,1991,4.6,0,0,0,8,7,3,14,4,4,,,0,Matches
338,Kyle Jameson,eng ENG,DF,Newport County,25,1998,15.6,7,3,3,13,14,1,3,13,7,,,0,Matches
339,William Jarvis,eng ENG,MF,Notts County,21,2002,9.2,1,0,0,8,7,0,21,4,17,,,0,Matches
340,Alassana Jatta,gm GAM,FW,Notts County,25,1999,37,3,0,0,48,22,24,1,4,12,,,0,Matches
341,Jamie Jellis,eng ENG,MF,Walsall,23,2001,36.9,11,0,0,58,46,6,142,41,47,,,0,Matches
342,Carl Jenkinson,eng ENG,DF,Bromley,32,1992,7.7,3,1,1,6,1,1,12,8,6,,,0,Matches
343,Connor Jennings,eng ENG,"MF,FW",Tranmere Rovers,32,1991,33.3,3,0,0,62,36,11,7,19,35,,,0,Matches
344,Luke Jephcott,wls WAL,FW,Newport County,24,2000,4.1,1,0,0,2,10,1,2,1,2,,,0,Matches
345,Liam Jessop,gi GIB,DF,Chesterfield,18,2005,0.5,1,0,0,1,0,0,2,0,0,,,0,Matches
346,Callum Johnson,eng ENG,"DF,MF",Bradford City,27,1996,4,0,0,0,4,3,0,6,5,5,,,0,Matches
347,Danny Johnson,eng ENG,FW,Walsall,31,1993,3.9,0,0,0,3,2,2,0,0,0,,,0,Matches
348,Ryan Johnson,nir NIR,DF,AFC Wimbledon,27,1996,36.4,7,0,0,33,30,3,36,45,29,,,0,Matches
349,Will Johnson,,DF,Fleetwood Town,,,1.1,0,0,0,1,1,0,5,2,2,,,0,Matches
350,Zac Johnson,eng ENG,DF,Notts County,20,2004,5.2,0,0,0,2,6,0,1,7,2,,,1,Matches
Rk,Player,Nation,Pos,Squad,Age,Born,90s,CrdY,CrdR,2CrdY,Fls,Fld,Off,Crs,Int,TklW,PKwon,PKcon,OG,Matches
351,Carl Johnston,nir NIR,MF,Fleetwood Town,22,2002,18.2,2,0,0,9,8,0,29,18,18,,,0,Matches
352,Max Jolliffe,eng ENG,MF,Colchester United,18,2005,0,0,0,0,0,0,0,0,0,2,,,0,Matches
353,Callum Jones,wls WAL,MF,Morecambe,23,2001,29.9,2,0,0,22,47,0,42,28,42,,,0,Matches
354,Jamie Jones,eng ENG,GK,Salford City FC,35,1989,26,1,0,0,0,5,0,0,0,1,,,0,Matches
355,Jodi Jones,mt MLT,MF,Notts County,26,1997,13,2,0,0,8,29,0,102,3,7,,,0,Matches
356,Jordan Jones,nir NIR,"MF,FW",Carlisle United,29,1994,16.2,8,1,1,18,39,2,159,2,19,,,0,Matches
357,Mike Jones,eng ENG,MF,Chesterfield,36,1987,0.2,0,0,0,0,0,0,0,0,0,,,0,Matches
358,Arkell Jude-Boyd,lc LCA,"DF,MF",Cheltenham Town,21,2003,29.1,8,0,0,35,55,4,155,13,44,,,0,Matches
359,Nicke Kabamba,eng ENG,FW,Bromley,31,1993,4.9,1,0,0,14,8,3,0,0,5,,,0,Matches
360,Maldini Kacurri,al ALB,DF,Bromley,18,2005,1.4,0,0,0,2,1,0,0,1,3,,,0,Matches
361,Saul Kader,eng ENG,FW,Bromley,20,2004,0.1,1,0,0,2,1,0,0,0,0,,,0,Matches
362,Bobby Kamwa,cm CMR,"FW,MF",Newport County,24,2000,38.6,4,0,0,34,48,37,86,5,22,,,0,Matches
363,Hamzad Kargbo,eng ENG,FW,Newport County,22,2002,0.2,0,0,0,1,1,0,0,0,1,,,0,Matches
364,Calum Kavanagh,ie IRL,"FW,MF",Bradford City,20,2003,27.6,5,0,0,44,41,16,3,3,12,,,0,Matches
365,Fiacre Kelleher,ie IRL,DF,Colchester United,28,1996,23.4,2,0,0,14,5,4,1,18,13,,,0,Matches
366,Ciaran Kelly,ie IRL,DF,Bradford City,26,1998,16.3,1,0,0,22,12,0,16,16,25,,,0,Matches
367,Georgie Kelly,ie IRL,FW,Carlisle United,27,1996,8.3,3,0,0,20,13,9,1,0,4,,,0,Matches
368,Josh Kelly,eng ENG,"MF,FW",AFC Wimbledon,25,1998,17.3,7,0,0,34,20,8,21,11,13,,,0,Matches
369,Liam Kelly,ie IRL,MF,Milton Keynes Dons,28,1995,28.4,1,0,0,19,33,2,91,23,32,,,0,Matches
370,Michael Kelly,ie IRL,GK,Accrington Stanley,28,1996,12,1,0,0,0,1,0,0,0,0,,,0,Matches
371,Patrick Kelly,nir NIR,MF,Doncaster Rovers,19,2004,15.7,2,1,0,19,15,0,26,13,16,,,0,Matches
372,Saidou Khan,gm GAM,MF,Tranmere Rovers,28,1995,6.7,3,0,0,8,8,0,9,6,14,,,0,Matches
373,Brandon Khela,eng ENG,MF,Bradford City,19,2005,10.2,2,0,0,13,9,0,20,7,20,,,0,Matches
374,Evan Khouri,eng ENG,MF,Grimsby Town,21,2003,40.7,8,0,0,44,79,1,34,46,45,,,0,Matches
375,Nelson Khumbeni,eng ENG,MF,Gillingham,21,2002,3.8,1,0,0,11,4,0,3,2,3,,,0,Matches
Rk,Player,Nation,Pos,Squad,Age,Born,90s,CrdY,CrdR,2CrdY,Fls,Fld,Off,Crs,Int,TklW,PKwon,PKcon,OG,Matches
376,Nelson Khumbeni,eng ENG,MF,Accrington Stanley,21,2002,14.5,4,0,0,31,8,1,5,7,15,,,0,Matches
377,Gavin Kilkenny,ie IRL,MF,Swindon Town,24,2000,36.8,4,0,0,33,30,2,47,34,82,,,0,Matches
378,Jeff King,eng ENG,"MF,DF",Swindon Town,28,1995,6.9,2,0,0,5,11,2,47,2,8,,,0,Matches
379,Tom King,,MF,Cheltenham Town,,,0.5,0,0,0,2,1,0,1,0,0,,,0,Matches
380,Liam Kinsella,ie IRL,MF,Cheltenham Town,28,1996,32.1,3,0,0,36,51,0,12,49,54,,,0,Matches
381,Charlie Kirk,eng ENG,MF,Barrow,26,1997,3.5,2,0,0,4,0,2,8,1,1,,,0,Matches
382,Billy Kirkman,eng ENG,"MF,DF",Swindon Town,20,2004,10.4,0,0,0,11,8,0,23,17,22,,,0,Matches
383,Jamie Knight-Lebel,ca CAN,DF,Crewe Alexandra,19,2004,27.8,7,1,0,31,11,4,3,27,29,,,0,Matches
384,Jimmy Knowles,eng ENG,"MF,FW",Accrington Stanley,23,2001,8,1,0,0,6,6,0,4,0,3,,,0,Matches
385,Kylian Kouassi,eng ENG,FW,Salford City FC,21,2003,19,6,1,1,54,23,9,9,0,8,,,0,Matches
386,Katia Kouyate,eng ENG,MF,Barrow,20,2003,8.8,4,0,0,21,19,2,37,4,18,,,0,Matches
387,Levi Laing,eng ENG,DF,Cheltenham Town,21,2003,3.2,0,0,0,3,5,0,1,6,1,,,0,Matches
388,Charlie Lakin,eng ENG,MF,Walsall,25,1999,25.7,2,0,0,33,27,6,46,13,37,,,0,Matches
389,Mikey Lane,,MF,Fleetwood Town,,,0.1,0,0,0,0,0,0,0,0,0,,,0,Matches
390,Jack Lankester,eng ENG,"MF,FW",Crewe Alexandra,24,2000,15.3,5,0,0,28,27,12,45,6,15,,,0,Matches
391,George Lapslie,eng ENG,MF,Bradford City,26,1997,6.3,2,0,0,15,12,0,11,3,5,,,0,Matches
392,George Lapslie,eng ENG,MF,Gillingham,26,1997,8.2,3,0,0,15,13,0,7,3,13,,,0,Matches
393,Sam Lavelle,sct SCO,DF,Carlisle United,27,1996,34.9,7,0,0,31,16,0,2,37,35,,,0,Matches
394,Nico Lawrence,eng ENG,DF,Milton Keynes Dons,20,2003,21.7,2,0,0,19,11,0,3,17,11,,,0,Matches
395,Lewis Leigh,eng ENG,MF,Bromley,20,2003,6,1,1,0,6,4,0,39,7,10,,,0,Matches
396,Tommy Leigh,eng ENG,"MF,FW",Bradford City,24,2000,7.3,1,0,0,10,5,6,17,1,4,,,0,Matches
397,Tommy Leigh,eng ENG,"FW,MF",Milton Keynes Dons,24,2000,6,1,0,0,13,3,4,12,3,3,,,0,Matches
398,Jonathan Leko,eng ENG,"MF,FW",Milton Keynes Dons,25,1999,2.8,1,0,0,10,3,2,4,0,0,,,0,Matches
399,Connor Lemonheigh-Evans,wls WAL,"MF,DF",Milton Keynes Dons,27,1997,28.9,6,0,0,42,74,3,29,23,50,,,0,Matches
400,Dean Lewington,eng ENG,DF,Milton Keynes Dons,40,1984,2.3,1,0,0,4,2,1,2,0,3,,,0,Matches
Rk,Player,Nation,Pos,Squad,Age,Born,90s,CrdY,CrdR,2CrdY,Fls,Fld,Off,Crs,Int,TklW,PKwon,PKcon,OG,Matches
401,Adam Lewis,eng ENG,"MF,DF",Morecambe,24,1999,30.8,6,0,0,27,31,0,315,29,48,,,0,Matches
402,Harry Lewis,eng ENG,GK,Carlisle United,26,1997,14,0,0,0,1,2,0,0,0,0,,,0,Matches
403,Joe Lewis,wls WAL,DF,AFC Wimbledon,24,1999,34.2,12,0,0,55,27,0,6,36,30,,,0,Matches
404,Paul Lewis,eng ENG,MF,Morecambe,29,1994,17.6,7,0,0,34,18,2,9,10,17,,,0,Matches
405,Kyreece Lisbie,jm JAM,MF,Colchester United,20,2003,1.7,1,0,0,5,7,1,4,0,0,,,0,Matches
406,Armani Little,eng ENG,MF,Gillingham,27,1997,30.1,11,0,0,64,38,1,92,38,47,,,0,Matches
407,Tommy Lonergan,ie IRL,FW,Fleetwood Town,20,2004,1.8,0,0,0,3,4,1,1,0,1,,,0,Matches
408,Chris Long,eng ENG,"FW,MF",Crewe Alexandra,29,1995,10.4,1,1,0,15,12,10,9,1,1,,,0,Matches
409,Sam Long,eng ENG,GK,Bromley,21,2002,1,0,0,0,0,0,0,0,0,0,,,0,Matches
410,Rosaire Longelo-Mbule,eng ENG,"DF,MF",Swindon Town,24,1999,7.8,3,0,0,6,11,0,30,5,11,,,0,Matches
411,Rosaire Longelo-Mbule,eng ENG,"MF,FW",Salford City FC,24,1999,8.7,1,0,0,9,14,1,38,14,10,,,0,Matches
412,Donald Love,sct SCO,"MF,DF",Accrington Stanley,29,1994,39.1,14,0,0,52,36,0,113,38,72,,,0,Matches
413,Jason Lowe,eng ENG,MF,Port Vale,32,1991,2.8,1,0,0,3,2,0,3,0,1,,,0,Matches
414,Nathan Lowe,eng ENG,FW,Walsall,18,2005,20.2,0,0,0,25,19,6,9,5,10,,,0,Matches
415,Tom Lowery,eng ENG,MF,Crewe Alexandra,26,1997,14.2,2,1,0,19,18,0,48,5,19,,,0,Matches
416,Junior Luamba,eng ENG,MF,Salford City FC,21,2003,3.4,0,0,0,8,5,0,17,3,2,,,0,Matches
417,Jayden Luker,eng ENG,"MF,FW",Grimsby Town,19,2005,15.5,2,0,0,16,20,4,21,13,22,,,0,Matches
418,Matty Lund,nir NIR,MF,Salford City FC,33,1990,17.6,9,0,0,30,15,0,11,15,22,,,0,Matches
419,Owen Lunt,eng ENG,MF,Crewe Alexandra,19,2004,6.3,0,1,0,16,20,1,9,2,10,,,0,Matches
420,Jay Lynch,eng ENG,GK,Fleetwood Town,31,1993,26.2,2,0,0,1,4,0,0,0,0,,,0,Matches
421,Harvey Macadam,eng ENG,MF,Morecambe,23,2001,21.8,2,0,0,19,13,2,61,11,23,,,0,Matches
422,Lewis Macari,eng ENG,DF,Notts County,22,2002,26.8,5,0,0,10,18,0,32,36,17,,,0,Matches
423,Matt Macey,eng ENG,GK,Colchester United,29,1994,46,3,0,0,0,3,0,0,0,0,,,0,Matches
424,Craig MacGillivray,sct SCO,GK,Milton Keynes Dons,31,1993,8,0,0,0,0,3,0,0,0,0,,,0,Matches
425,Paddy Madden,ie IRL,"FW,MF",Chesterfield,34,1990,10.9,2,1,0,9,4,5,9,1,3,,,0,Matches
Rk,Player,Nation,Pos,Squad,Age,Born,90s,CrdY,CrdR,2CrdY,Fls,Fld,Off,Crs,Int,TklW,PKwon,PKcon,OG,Matches
426,Laurence Maguire,eng ENG,DF,Milton Keynes Dons,27,1997,28.3,4,0,0,30,14,3,21,35,25,,,0,Matches
427,Ronan Maher,ie IRL,MF,Walsall,19,2004,0.4,0,0,0,0,0,0,2,1,1,,,0,Matches
428,Connor Mahoney,eng ENG,"MF,FW",Barrow,27,1997,17.4,1,0,0,4,7,8,64,9,13,,,0,Matches
429,Kyrell Malcolm,,MF,Salford City FC,,,0.6,0,0,0,2,0,0,2,0,1,,,0,Matches
430,Liam Mandeville,eng ENG,"MF,DF",Chesterfield,27,1997,33.7,5,0,0,26,41,3,161,32,49,,,0,Matches
431,Josh March,sct SCO,"FW,MF",Harrogate Town FC,27,1997,26.9,5,1,1,54,59,20,38,8,19,,,0,Matches
432,Dilan Markanday,eng ENG,MF,Chesterfield,22,2001,19.9,0,0,0,8,20,2,95,11,22,,,0,Matches
433,Filip Marschall,eng ENG,GK,Crewe Alexandra,21,2003,46,4,0,0,1,14,0,0,0,0,,,0,Matches
434,Louie Marsh,eng ENG,FW,Fleetwood Town,20,2003,9.8,1,0,0,8,13,1,6,3,6,,,0,Matches
435,Dan Martin,eng ENG,MF,Accrington Stanley,22,2002,3.4,0,0,0,6,2,0,1,4,6,,,0,Matches
436,Josh Martin,eng ENG,MF,Notts County,22,2001,4.6,0,0,0,2,3,1,17,4,3,,,0,Matches
437,Josh Martin,eng ENG,MF,Newport County,22,2001,7.2,1,0,0,7,1,1,17,5,6,,,0,Matches
438,Conor Masterson,ie IRL,DF,Gillingham,25,1998,23,2,0,0,18,13,1,7,22,13,,,0,Matches
439,Sam Mather,eng ENG,FW,Tranmere Rovers,19,2004,0.1,0,0,0,0,0,0,0,0,0,,,0,Matches
440,Jamille Matt,eng ENG,FW,Walsall,34,1989,33.3,8,0,0,85,64,19,9,5,18,,,0,Matches
441,Devon Matthews,eng ENG,DF,Accrington Stanley,24,2000,18.5,3,0,0,28,32,0,10,16,10,,,0,Matches
442,Noah Mawene,eng ENG,MF,Newport County,19,2005,5.4,1,0,0,10,8,0,3,6,9,,,0,Matches
443,James Maxwell,sct SCO,"DF,MF",Doncaster Rovers,22,2001,17.5,3,0,0,16,19,1,42,32,30,,,0,Matches
444,Callum Maycock,eng ENG,MF,AFC Wimbledon,26,1997,17.2,1,0,0,13,14,0,14,9,16,,,0,Matches
445,Adam Mayor,eng ENG,"DF,MF",Bromley,19,2005,13.7,5,0,0,11,8,0,77,13,26,,,0,Matches
446,Danny Mayor,eng ENG,MF,Fleetwood Town,33,1990,27.3,6,0,0,22,28,1,57,12,24,,,0,Matches
447,Conor McAleny,eng ENG,"MF,FW",Salford City FC,31,1992,11.2,2,0,0,18,13,4,9,5,5,,,0,Matches
448,Charlie McArthur,sct SCO,DF,Carlisle United,19,2005,8.3,4,0,0,11,6,0,17,3,6,,,0,Matches
449,Rod McDonald,eng ENG,DF,Notts County,32,1992,13.9,4,0,0,8,14,2,12,11,14,,,0,Matches
450,Jamie McDonnell,nir NIR,MF,Colchester United,20,2004,29,10,0,0,51,15,0,3,29,85,,,0,Matches
Rk,Player,Nation,Pos,Squad,Age,Born,90s,CrdY,CrdR,2CrdY,Fls,Fld,Off,Crs,Int,TklW,PKwon,PKcon,OG,Matches
451,George McEachran,eng ENG,MF,Grimsby Town,23,2000,37.1,7,0,0,51,68,0,14,66,90,,,0,Matches
452,Oisin McEntee,ie IRL,"DF,MF",Walsall,23,2001,22.3,9,0,0,30,16,2,55,20,32,,,0,Matches
453,Kyle McFadzean,sct SCO,DF,Chesterfield,37,1987,6.9,3,0,0,8,13,0,1,8,4,,,0,Matches
454,Luke McGee,eng ENG,GK,Tranmere Rovers,28,1995,46,5,0,0,2,13,0,1,0,1,,,0,Matches
455,Dylan McGeouch,sct SCO,MF,Carlisle United,31,1993,2.6,1,0,0,6,1,0,1,5,4,,,0,Matches
456,Tom McGill,eng ENG,GK,Milton Keynes Dons,24,2000,25,0,0,0,1,11,0,0,0,1,,,0,Matches
457,David McGoldrick,ie IRL,"FW,MF",Notts County,36,1987,28.3,5,0,0,41,23,20,35,7,24,,,0,Matches
458,Jay McGrath,eng ENG,DF,Doncaster Rovers,21,2003,30.5,7,1,1,41,14,5,9,30,34,,,0,Matches
459,Joel McGregor,,"MF,DF",Swindon Town,,,13.1,4,0,0,22,15,0,15,19,29,,,0,Matches
460,Sean McGurk,eng ENG,MF,Swindon Town,21,2003,1.6,0,0,0,0,1,0,12,1,1,,,0,Matches
461,Cameron McJannett,eng ENG,DF,Grimsby Town,25,1998,38.2,4,0,0,27,39,2,13,51,35,,,0,Matches
462,Robbie McKenzie,eng ENG,"MF,DF",Gillingham,25,1998,36.1,5,0,0,39,23,1,28,49,20,,,0,Matches
463,Harry McKirdy,eng ENG,MF,Bromley,27,1997,3.2,1,0,0,1,4,0,10,0,3,,,0,Matches
464,Shane McLoughlin,ie IRL,"MF,DF",Newport County,27,1997,33,2,0,0,15,72,3,98,28,48,,,0,Matches
465,Zech Medley,eng ENG,DF,Fleetwood Town,24,2000,3.8,2,0,0,3,0,0,1,3,6,,,0,Matches
466,Jon Mellish,eng ENG,"DF,MF",Carlisle United,26,1997,20.9,6,1,0,19,26,3,56,26,24,,,0,Matches
467,Michael Mellon,sct SCO,FW,Bradford City,20,2003,6.8,2,0,0,15,4,6,10,1,5,,,0,Matches
468,Christopher Merrie,eng ENG,MF,Tranmere Rovers,25,1998,24.9,1,0,0,31,35,0,36,17,34,,,1,Matches
469,Jenson Metcalfe,eng ENG,MF,Chesterfield,19,2004,19,5,0,0,25,36,0,42,9,20,,,0,Matches
470,Jamie Miley,eng ENG,MF,Newport County,20,2004,3.4,1,0,0,6,6,0,1,7,5,,,0,Matches
471,Ross Millen,sct SCO,"MF,DF",Morecambe,29,1994,6.3,0,0,0,0,2,0,15,2,3,,,0,Matches
472,George Miller,eng ENG,FW,Cheltenham Town,25,1998,22.8,1,0,0,25,25,26,10,0,3,,,0,Matches
473,Harrison Minturn,eng ENG,DF,Swindon Town,20,2003,4.6,0,0,0,3,5,0,0,7,7,,,0,Matches
474,Dylan Mitchell,eng ENG,MF,Swindon Town,18,2005,0.1,0,0,0,0,0,0,1,1,0,,,0,Matches
475,Haji Mnoga,tz TAN,"MF,DF",Salford City FC,22,2002,32,12,0,0,76,67,2,36,31,52,,,0,Matches
Rk,Player,Nation,Pos,Squad,Age,Born,90s,CrdY,CrdR,2CrdY,Fls,Fld,Off,Crs,Int,TklW,PKwon,PKcon,OG,Matches
476,Luke Molyneux,eng ENG,MF,Doncaster Rovers,26,1998,41.7,8,1,1,28,57,28,321,7,33,,,0,Matches
477,Jasper Moon,eng ENG,DF,Harrogate Town FC,23,2000,40,5,0,0,57,31,4,4,51,32,,,0,Matches
478,Kelsey Mooney,eng ENG,FW,Accrington Stanley,25,1999,19,1,0,0,27,26,13,6,2,12,,,0,Matches
479,Kobei Moore,eng ENG,FW,Fleetwood Town,19,2004,2.6,1,0,0,12,2,0,2,0,2,,,0,Matches
480,Luca Moore,,MF,Crewe Alexandra,,,0,0,0,0,0,0,0,0,0,0,,,0,Matches
481,Stuart Moore,eng ENG,GK,Morecambe,29,1994,14.8,0,0,0,1,7,0,0,0,0,,,0,Matches
482,Jimmy Morgan,eng ENG,"MF,FW",Gillingham,18,2006,8.5,2,0,0,19,23,4,5,5,6,,,0,Matches
483,Bryn Morris,eng ENG,MF,Newport County,28,1996,17.3,1,0,0,17,10,0,13,25,22,,,0,Matches
484,Bryn Morris,eng ENG,MF,Harrogate Town FC,28,1996,21.4,4,0,0,23,6,0,74,35,27,,,0,Matches
485,Glenn Morris,eng ENG,GK,Gillingham,40,1983,35.3,2,0,0,1,7,0,0,0,2,,,0,Matches
486,Kieron Morris,eng ENG,MF,Tranmere Rovers,30,1994,18.4,2,0,0,20,25,2,46,13,30,,,0,Matches
487,George Morrison,sct SCO,MF,Fleetwood Town,18,2005,1.6,0,0,0,3,6,0,0,0,2,,,0,Matches
488,Jack Muldoon,eng ENG,"FW,MF",Harrogate Town FC,35,1989,29.2,4,0,0,49,29,18,24,8,18,,,0,Matches
489,Admiral Muskwe,zw ZIM,"FW,MF",Harrogate Town FC,25,1998,0.4,0,0,0,1,0,2,0,0,0,,,0,Matches
490,Kelly N'Mai,nl NED,"MF,FW",Salford City FC,20,2004,27.3,11,0,0,60,57,17,39,20,44,,,0,Matches
491,Tom Naylor,eng ENG,"MF,DF",Chesterfield,33,1991,37.5,8,0,0,36,41,1,13,35,20,,,1,Matches
492,Harrison Neal,eng ENG,MF,Carlisle United,23,2001,15,7,0,0,29,18,0,16,17,30,,,0,Matches
493,Harrison Neal,eng ENG,MF,Fleetwood Town,23,2001,14.8,4,0,0,24,14,0,11,24,36,,,0,Matches
494,Stephan Negru,ie IRL,DF,Salford City FC,22,2002,26.3,1,0,0,8,24,0,3,36,40,,,0,Matches
495,Aaron Nemane,eng ENG,MF,Milton Keynes Dons,26,1997,33.2,7,0,0,28,35,4,131,12,40,,,0,Matches
496,Lucas Ness,eng ENG,"DF,MF",Notts County,22,2002,5.1,0,0,0,5,5,1,0,11,10,,,0,Matches
497,Josh Neufville,eng ENG,MF,AFC Wimbledon,24,2000,45.1,5,0,0,29,18,9,152,32,48,,,0,Matches
498,Elliott Nevitt,eng ENG,"FW,MF",Gillingham,28,1996,30.1,8,0,0,45,37,14,19,4,15,,,0,Matches
499,Elliot Newby,eng ENG,MF,Barrow,28,1995,34.7,4,0,0,16,39,10,118,16,25,,,0,Matches
500,Tom Nichols,eng ENG,MF,Swindon Town,30,1993,14.4,2,0,0,22,17,1,7,11,24,,,0,Matches
Rk,Player,Nation,Pos,Squad,Age,Born,90s,CrdY,CrdR,2CrdY,Fls,Fld,Off,Crs,Int,TklW,PKwon,PKcon,OG,Matches
501,Tom Nixon,eng ENG,DF,Doncaster Rovers,21,2002,2.7,0,0,0,3,2,0,13,2,5,,,0,Matches
502,Jack Nolan,eng ENG,MF,Gillingham,23,2001,18.9,1,0,0,10,11,3,158,9,20,,,0,Matches
503,Manni Norkett,eng ENG,"MF,FW",Cheltenham Town,19,2004,1.6,0,0,0,1,3,0,2,0,2,,,0,Matches
504,Cameron Norman,eng ENG,"MF,DF",Tranmere Rovers,28,1995,34.1,6,1,1,48,70,4,134,18,36,,,0,Matches
505,Luke Norris,eng ENG,FW,Tranmere Rovers,31,1993,7.9,4,0,0,15,11,3,2,0,4,,,0,Matches
506,Eno Nto,eng ENG,FW,Harrogate Town FC,21,2002,0.3,0,0,0,0,0,1,0,0,0,,,0,Matches
507,Freddie O''Donoghue,,FW,Carlisle United,,,0.1,0,0,0,0,0,0,0,0,0,,,0,Matches
508,Connor O'Brien,eng ENG,"MF,DF",Accrington Stanley,19,2005,18.6,6,0,0,34,8,0,61,21,36,,,0,Matches
509,Joe O'Brien-Whitmarsh,ie IRL,MF,Accrington Stanley,19,2005,7,2,0,0,5,4,0,2,4,6,,,0,Matches
510,Anthony O'Connor,ie IRL,DF,Harrogate Town FC,31,1992,45,4,0,0,21,21,5,6,64,37,,,1,Matches
511,Lee O'Connor,ie IRL,"DF,MF",Tranmere Rovers,24,2000,38.3,8,0,0,32,38,2,46,43,58,,,0,Matches
512,Tommi O'Reilly,eng ENG,MF,Milton Keynes Dons,20,2003,5.3,4,0,0,15,6,1,26,2,6,,,0,Matches
513,Connor O'Riordan,ie IRL,DF,Crewe Alexandra,20,2003,19,2,0,0,9,7,0,2,18,11,,,0,Matches
514,John-Joe O'Toole,ie IRL,DF,AFC Wimbledon,35,1988,6.5,4,1,1,14,5,0,0,14,5,,,0,Matches
515,Justin Obikwu,tt TRI,FW,Grimsby Town,20,2004,10.4,0,0,0,16,19,11,7,2,4,,,0,Matches
516,Mipo Odubeko,ie IRL,FW,Fleetwood Town,21,2002,1.1,1,0,0,3,1,0,1,0,0,,,0,Matches
517,Clarke Oduor,ke KEN,MF,Bradford City,25,1999,9,1,0,0,6,15,1,22,3,11,,,0,Matches
518,Idris Odutayo,eng ENG,"MF,DF",Bromley,21,2002,31,3,0,0,26,31,3,74,32,30,,,0,Matches
519,Luke Offord,eng ENG,DF,Milton Keynes Dons,24,1999,40.9,10,0,0,53,28,1,22,48,36,,,1,Matches
520,Nnamdi Ofoborh,ng NGA,MF,Swindon Town,24,1999,21.8,4,0,0,26,34,1,16,16,42,,,0,Matches
521,Shadrach Ogie,ie IRL,DF,Gillingham,22,2001,27.2,5,0,0,29,46,0,13,29,33,,,0,Matches
522,Isaac Ogundere,eng ENG,DF,AFC Wimbledon,21,2002,27.3,3,0,0,24,31,0,39,18,37,,,0,Matches
523,Mazeed Ogungbo,ie IRL,DF,Barrow,21,2002,0,0,0,0,1,0,0,0,0,0,,,0,Matches
524,Funso Ojo,be BEL,MF,Port Vale,32,1991,0,0,0,0,0,0,0,0,0,0,,,0,Matches
525,David Okagbue,ie IRL,DF,Walsall,20,2004,41.8,10,0,0,37,12,0,12,50,30,,,0,Matches
Rk,Player,Nation,Pos,Squad,Age,Born,90s,CrdY,CrdR,2CrdY,Fls,Fld,Off,Crs,Int,TklW,PKwon,PKcon,OG,Matches
526,Francis Okoronkwo,eng ENG,FW,Salford City FC,19,2004,11.1,1,0,0,16,5,13,3,2,5,,,0,Matches
527,Michael Olakigbe,eng ENG,"MF,FW",Chesterfield,20,2004,12.8,2,0,0,5,7,6,56,5,9,,,0,Matches
528,Darren Oldaker,eng ENG,MF,Chesterfield,25,1999,24.6,8,2,2,18,53,0,6,14,25,,,0,Matches
529,Vadaine Oliver,eng ENG,FW,Bradford City,32,1991,1.9,1,0,0,3,2,1,1,0,0,,,0,Matches
530,Olufela Olomola,eng ENG,FW,Bromley,26,1997,6.7,2,0,0,12,5,2,4,0,9,,,0,Matches
531,Tosin Olopade,ng NGA,DF,Salford City FC,19,2004,1,1,0,0,2,3,0,2,2,1,,,0,Matches
532,Joseph Olowu,eng ENG,DF,Doncaster Rovers,24,1999,27.7,1,0,0,26,19,2,11,38,31,,,1,Matches
533,Milton Oni,eng ENG,MF,Colchester United,18,2006,0.1,0,0,0,0,0,0,0,1,0,,,0,Matches
534,Danilo Orsi-Dadamo,eng ENG,FW,Milton Keynes Dons,28,1996,10.4,1,0,0,10,7,3,5,2,8,,,0,Matches
535,Mark Oxley,eng ENG,GK,Harrogate Town FC,33,1990,1.6,0,0,0,0,0,0,0,0,0,,,0,Matches
536,Ash Palmer,eng ENG,DF,Chesterfield,31,1992,14.9,0,0,0,12,6,2,1,27,15,,,0,Matches
537,Matt Palmer,eng ENG,MF,Notts County,29,1995,39.6,8,0,0,29,41,3,202,24,32,,,0,Matches
538,Josh Passley,eng ENG,MF,Bromley,29,1994,0.8,0,0,0,2,2,0,8,1,1,,,0,Matches
539,Will Patching,eng ENG,MF,Carlisle United,25,1998,5.3,2,0,0,7,6,0,8,5,8,,,0,Matches
540,Ruari Paton,sct SCO,FW,Port Vale,23,2000,8.3,2,0,0,11,5,7,10,3,5,,,0,Matches
541,Omari Patrick,eng ENG,MF,Tranmere Rovers,28,1996,37.6,4,0,0,22,14,6,94,29,37,,,0,Matches
542,Keenan Patten,wls WAL,MF,Newport County,23,2001,1.4,0,0,0,1,0,0,1,1,2,,,0,Matches
543,Phoenix Patterson,sct SCO,MF,Fleetwood Town,23,2000,24.5,1,0,0,16,31,0,250,12,29,,,0,Matches
544,Travis Patterson,eng ENG,"MF,DF",Milton Keynes Dons,18,2005,4.3,3,0,0,11,8,1,12,2,8,,,0,Matches
545,Alexander Pattison,eng ENG,MF,Bradford City,26,1997,21.1,6,1,0,24,22,5,26,16,20,,,0,Matches
546,Nathan Paul-Laval,,MF,Bromley,,,0.8,0,0,0,3,2,0,1,1,2,,,0,Matches
547,Jack Payne,eng ENG,MF,Colchester United,29,1994,37.7,3,0,0,42,74,4,206,12,45,,,0,Matches
548,Lewis Payne,eng ENG,"DF,MF",Cheltenham Town,20,2004,11.2,6,0,0,13,8,0,44,11,4,,,0,Matches
549,Aribim Pepple,ca CAN,FW,Chesterfield,21,2002,12.8,1,0,0,21,19,6,6,0,4,,,0,Matches
550,Tom Pett,eng ENG,MF,Cheltenham Town,32,1991,6.7,1,0,0,4,8,0,8,7,9,,,0,Matches
Rk,Player,Nation,Pos,Squad,Age,Born,90s,CrdY,CrdR,2CrdY,Fls,Fld,Off,Crs,Int,TklW,PKwon,PKcon,OG,Matches
551,Aaron Pickles,eng ENG,DF,Accrington Stanley,19,2005,0.3,0,0,0,0,0,0,1,0,0,,,0,Matches
552,Joe Pigott,eng ENG,FW,AFC Wimbledon,30,1993,10.5,1,0,0,26,10,1,5,2,3,,,0,Matches
553,James Plant,eng ENG,MF,Port Vale,19,2004,0,0,0,0,0,0,0,0,0,0,,,0,Matches
554,Matthew Platt,eng ENG,DF,Notts County,26,1997,45,10,0,0,41,40,1,4,37,43,,,1,Matches
555,Bobby Pointon,eng ENG,MF,Bradford City,20,2004,27.2,5,0,0,24,43,6,134,9,22,,,0,Matches
556,Anjola Popoola,eng ENG,FW,Accrington Stanley,17,2007,0.2,0,0,0,1,0,0,0,0,0,,,0,Matches
557,Christopher Popov,wls WAL,MF,Barrow,19,2004,3.6,3,0,0,6,3,3,8,4,3,,,0,Matches
558,Finley Potter,eng ENG,DF,Fleetwood Town,20,2004,20.3,7,0,0,24,10,0,5,27,16,,,0,Matches
559,Jack Powell,eng ENG,MF,Crewe Alexandra,30,1994,11.3,2,0,0,8,17,0,55,10,8,,,0,Matches
560,Darragh Power,ie IRL,"DF,MF",Cheltenham Town,23,2000,5.7,0,0,0,4,10,0,14,5,10,,,0,Matches
561,Aaron Pressley,sct SCO,FW,Barrow,23,2001,13.9,1,0,0,32,26,4,1,3,9,,,0,Matches
562,Joe Pritchard,eng ENG,MF,Milton Keynes Dons,27,1996,2,0,0,0,2,1,1,4,1,3,,,0,Matches
563,Rekeil Pyke,eng ENG,FW,Grimsby Town,26,1997,2,1,0,0,2,2,0,1,1,1,,,0,Matches
564,Joe Quigley,ie IRL,"FW,MF",Chesterfield,27,1996,0.4,0,0,0,2,0,0,0,0,0,,,0,Matches
565,Sebastian Quirk,eng ENG,"DF,MF",Accrington Stanley,22,2001,10.9,2,0,0,14,5,0,24,18,30,,,1,Matches
566,Kiban Rai,wls WAL,MF,Newport County,19,2005,1.2,0,0,0,3,2,0,1,2,0,,,0,Matches
567,Farrend Rawson,eng ENG,DF,Accrington Stanley,28,1996,35.2,6,1,0,38,24,6,0,23,16,,,0,Matches
568,George Ray,wls WAL,DF,Morecambe,30,1993,0.6,0,0,0,1,1,0,0,0,0,,,0,Matches
569,Arthur Read,eng ENG,MF,Colchester United,24,1999,24.4,3,0,0,20,41,0,54,12,34,,,0,Matches
570,Jake Reeves,eng ENG,MF,AFC Wimbledon,31,1993,26.9,4,1,0,22,10,1,110,16,20,,,0,Matches
571,Callum Reynolds,eng ENG,DF,Bromley,34,1989,16.9,1,0,0,16,14,0,1,12,17,,,0,Matches
572,Lewis Richards,ie IRL,"MF,DF",Bradford City,22,2001,16.7,6,0,0,17,26,2,65,14,15,,,0,Matches
573,Rico Richards,eng ENG,"MF,FW",Port Vale,20,2003,10.3,1,0,0,16,12,1,37,6,16,,,0,Matches
574,Connor Ripley,eng ENG,GK,Swindon Town,31,1993,14,1,0,0,1,6,0,0,0,0,,,0,Matches
575,Connor Ripley,eng ENG,GK,Port Vale,31,1993,23,1,0,0,0,4,0,0,0,0,,,0,Matches
Rk,Player,Nation,Pos,Squad,Age,Born,90s,CrdY,CrdR,2CrdY,Fls,Fld,Off,Crs,Int,TklW,PKwon,PKcon,OG,Matches
576,Fin Roberts,,FW,Crewe Alexandra,,,0.6,0,0,0,2,1,0,2,0,1,,,0,Matches
577,Scott Robertson,sct SCO,MF,Notts County,23,2001,3.5,1,0,0,5,7,0,3,1,5,,,0,Matches
578,Jack Robinson,eng ENG,DF,Carlisle United,23,2001,0.9,1,0,0,2,2,0,3,0,0,,,0,Matches
579,Ethan Robson,eng ENG,MF,Carlisle United,27,1996,2.1,2,0,0,2,2,0,4,1,3,,,0,Matches
580,Harvey Rodgers,eng ENG,DF,Grimsby Town,27,1996,42.4,8,1,0,19,46,0,20,72,22,,,0,Matches
581,Shaun Rooney,sct SCO,"MF,DF",Fleetwood Town,28,1996,17.9,8,0,0,26,25,2,48,18,21,,,0,Matches
582,Danny Rose,eng ENG,FW,Grimsby Town,30,1993,36.6,5,0,0,49,87,29,23,11,31,,,1,Matches
583,Aaron Rowe,eng ENG,"MF,FW",Gillingham,23,2000,8.4,5,0,0,22,13,0,10,6,13,,,0,Matches
584,Dominic Sadi,eng ENG,"MF,FW",Carlisle United,20,2003,17.2,4,0,0,23,27,2,28,10,31,,,0,Matches
585,Nelson Sanca,pt POR,DF,Newport County,17,2006,0.9,0,0,0,3,0,0,0,0,1,,,0,Matches
586,Jack Sanders,eng ENG,DF,Milton Keynes Dons,25,1999,13,3,0,0,8,25,1,1,8,9,,,0,Matches
587,Max Sanders,eng ENG,MF,Crewe Alexandra,25,1999,29.7,7,0,0,38,25,1,67,19,51,,,0,Matches
588,Oliver Sanderson,eng ENG,FW,Bradford City,20,2003,7.2,1,0,0,7,7,2,2,1,4,,,0,Matches
589,Oliver Sanderson,eng ENG,"FW,MF",Harrogate Town FC,20,2003,3.7,0,0,0,10,4,0,0,1,5,,,0,Matches
590,Thomas Sang,eng ENG,"DF,MF",Port Vale,25,1999,19.7,2,2,0,15,11,2,126,36,29,,,0,Matches
591,Antoni Sarcevic,eng ENG,MF,Bradford City,32,1992,18.7,7,0,0,35,34,10,18,21,29,,,0,Matches
592,Brendan Sarpong-Wiredu,eng ENG,"DF,MF",Fleetwood Town,24,1999,31.2,9,0,0,32,89,2,11,43,47,,,0,Matches
593,Aron Sasu,no NOR,"MF,FW",AFC Wimbledon,19,2005,6.4,1,0,0,9,6,1,11,3,4,,,0,Matches
594,Harvey Saunders,eng ENG,"FW,MF",Tranmere Rovers,27,1997,19.2,4,0,0,25,25,13,15,4,6,,,0,Matches
595,Romaine Sawyers,kn SKN,MF,AFC Wimbledon,32,1991,1.7,0,0,0,3,0,0,2,1,2,,,0,Matches
596,Joe Sbarra,eng ENG,MF,Doncaster Rovers,25,1998,10.3,1,0,0,7,6,2,46,5,11,,,0,Matches
597,Ryan Schofield,eng ENG,GK,Morecambe,24,1999,4.3,0,0,0,0,1,0,0,0,0,,,0,Matches
598,Cedwyn Scott,eng ENG,"MF,FW",Carlisle United,25,1998,6,0,0,0,2,17,0,4,0,3,,,0,Matches
599,Cedwyn Scott,eng ENG,"MF,FW",Notts County,25,1998,3.7,0,0,0,0,5,2,2,1,1,,,0,Matches
600,Anthony Scully,ie IRL,MF,Colchester United,25,1999,5,0,0,0,1,6,2,1,0,3,,,0,Matches
Rk,Player,Nation,Pos,Squad,Age,Born,90s,CrdY,CrdR,2CrdY,Fls,Fld,Off,Crs,Int,TklW,PKwon,PKcon,OG,Matches
601,Jack Senior,eng ENG,DF,Doncaster Rovers,27,1997,15.7,3,1,0,21,19,1,32,13,35,,,0,Matches
602,Teddy Sharman,eng ENG,GK,Doncaster Rovers,21,2003,46,4,0,0,0,18,0,0,0,1,,,0,Matches
603,Billy Sharp,eng ENG,FW,Doncaster Rovers,38,1986,20.3,4,1,0,20,25,28,18,0,6,,,0,Matches
604,Liam Shaw,eng ENG,"DF,MF",Fleetwood Town,23,2001,5.4,2,0,0,12,6,1,4,9,8,,,0,Matches
605,Ryheem Sheckleford,eng ENG,DF,Chesterfield,27,1997,14.1,2,0,0,8,10,0,12,6,15,,,0,Matches
606,Liam Shephard,wls WAL,DF,Salford City FC,29,1994,17.8,2,0,0,11,30,0,55,13,23,,,0,Matches
607,Jack Shepherd,eng ENG,DF,Bradford City,23,2001,32.7,11,1,0,29,51,0,31,28,39,,,1,Matches
608,Sam Sherring,eng ENG,DF,Milton Keynes Dons,24,2000,9.3,2,0,0,2,7,0,7,3,15,,,1,Matches
609,Lewis Shipley,eng ENG,"DF,MF",Cheltenham Town,20,2003,5.6,2,0,0,3,1,0,12,7,13,,,0,Matches
610,Jack Shorrock,eng ENG,"MF,DF",Port Vale,17,2007,9.6,2,0,0,3,7,1,61,10,14,,,0,Matches
611,Harry Sidwell,eng ENG,MF,AFC Wimbledon,17,2006,0,0,0,0,0,0,0,0,0,0,,,0,Matches
612,Tommy Simkin,eng ENG,GK,Walsall,19,2004,40,3,0,0,1,9,0,1,0,0,,,0,Matches
613,Tyreece Simpson,kn SKN,FW,Colchester United,22,2002,7.8,5,0,0,16,7,3,4,0,1,,,0,Matches
614,Toby Sims,us USA,DF,Harrogate Town FC,26,1997,35.8,6,0,0,25,18,0,104,47,58,,,0,Matches
615,Jordan Slew,eng ENG,"MF,FW",Morecambe,31,1992,11.6,2,0,0,15,13,3,16,0,7,,,0,Matches
616,Sam Slocombe,eng ENG,GK,Notts County,36,1988,7.9,0,0,0,0,3,0,0,0,1,,,0,Matches
617,Richard Smallwood,eng ENG,MF,Bradford City,33,1990,42.1,9,1,0,56,24,1,122,31,78,,,0,Matches
618,Alistair Smith,sct SCO,MF,AFC Wimbledon,30,1994,44.5,8,0,0,39,32,6,14,31,47,,,0,Matches
619,Andy Smith,sct SCO,DF,Gillingham,22,2001,12,2,0,0,13,13,2,8,18,13,,,0,Matches
620,Grant Smith,eng ENG,GK,Bromley,30,1993,45,4,0,0,0,6,0,0,0,0,,,0,Matches
621,Harry Smith,eng ENG,FW,Swindon Town,29,1995,35.6,11,1,0,66,65,35,10,6,5,,,1,Matches
622,Jackson Smith,eng ENG,GK,Grimsby Town,22,2001,6,1,0,0,0,0,0,0,0,0,,,0,Matches
623,Nathan Smith,eng ENG,DF,Port Vale,28,1996,20.9,2,0,0,15,29,1,1,20,13,,,0,Matches
624,Pele Smith,,MF,Fleetwood Town,,,0.5,0,0,0,2,0,0,0,0,0,,,0,Matches
625,Tyler Smith,eng ENG,FW,Bradford City,25,1998,1.5,0,0,0,2,3,1,0,0,1,,,0,Matches
Rk,Player,Nation,Pos,Squad,Age,Born,90s,CrdY,CrdR,2CrdY,Fls,Fld,Off,Crs,Int,TklW,PKwon,PKcon,OG,Matches
626,Tyler Smith,eng ENG,"FW,MF",Barrow,25,1998,11.5,1,0,0,4,15,7,1,3,4,,,0,Matches
627,Tunmise Sobowale,ie IRL,"DF,MF",Swindon Town,25,1999,28.3,3,0,0,18,32,1,76,34,43,,,0,Matches
628,Harrison Sohna,eng ENG,"MF,FW",Cheltenham Town,22,2002,5.5,1,0,0,3,2,0,21,6,9,,,0,Matches
629,Eko Solomon,eng ENG,DF,Harrogate Town FC,18,2006,0.2,0,0,0,1,0,0,0,1,0,,,0,Matches
630,Sol Solomon,eng ENG,"MF,FW",Tranmere Rovers,23,2001,7.2,1,0,0,10,11,1,43,2,15,,,0,Matches
631,Yann Songo'o,cm CMR,"MF,DF",Morecambe,32,1991,27.4,6,0,0,38,45,4,8,31,34,,,0,Matches
632,Omar Sowunmi,eng ENG,DF,Bromley,28,1995,29.3,6,1,0,32,16,1,5,40,24,,,0,Matches
633,Jack Sparkes,eng ENG,DF,Chesterfield,23,2000,9.4,3,0,0,4,10,1,82,8,16,,,0,Matches
634,Michael Spellman,eng ENG,"FW,MF",Newport County,21,2002,12.3,2,0,0,13,30,2,44,8,20,,,0,Matches
635,Kian Spence,eng ENG,MF,Barrow,23,2001,28.9,4,0,0,60,33,1,40,21,60,,,0,Matches
636,Wyll Stanway,eng ENG,GK,Barrow,23,2001,17,2,0,0,0,3,0,0,0,1,,,1,Matches
637,Jamie Sterry,eng ENG,"DF,MF",Doncaster Rovers,28,1995,37.4,6,0,0,46,47,1,109,29,53,,,0,Matches
638,Mathew Stevens,eng ENG,"FW,MF",AFC Wimbledon,26,1998,37.1,2,0,0,63,50,27,6,9,14,,,0,Matches
639,Ryan Stirk,wls WAL,MF,Walsall,23,2000,41.3,3,0,0,29,23,0,23,40,45,,,0,Matches
640,Jayden Stockley,eng ENG,FW,Port Vale,30,1993,28.8,5,0,0,47,40,19,11,8,17,,,0,Matches
641,Cole Stockton,eng ENG,FW,Salford City FC,30,1994,29,3,0,0,29,16,32,9,3,7,,,0,Matches
642,Chris Stokes,eng ENG,DF,Barrow,33,1991,11.8,2,0,0,6,4,1,4,9,4,,,0,Matches
643,Jamie Stott,eng ENG,DF,Morecambe,26,1997,43,2,0,0,35,24,2,12,40,38,,,0,Matches
644,Robert Street,eng ENG,"FW,MF",Doncaster Rovers,22,2001,15.5,4,0,0,40,30,12,14,1,7,,,0,Matches
645,Sam Stubbs,eng ENG,DF,Cheltenham Town,25,1998,41,5,0,0,59,64,2,12,75,43,,,0,Matches
646,Levi Sutton,eng ENG,MF,Harrogate Town FC,28,1996,19.2,6,0,0,27,23,0,7,18,16,,,0,Matches
647,Joel Tabiner,eng ENG,MF,Crewe Alexandra,20,2003,33.1,4,0,0,40,44,3,162,8,29,,,0,Matches
648,Devan Tanton,co COL,DF,Chesterfield,20,2004,7.1,2,0,0,5,6,0,25,4,8,,,0,Matches
649,Ellis Taylor,eng ENG,MF,Harrogate Town FC,21,2003,33.1,5,0,0,31,36,5,230,15,48,,,0,Matches
650,Jon Taylor,eng ENG,MF,Salford City FC,32,1992,13.3,4,0,0,16,8,2,70,7,25,,,0,Matches
Rk,Player,Nation,Pos,Squad,Age,Born,90s,CrdY,CrdR,2CrdY,Fls,Fld,Off,Crs,Int,TklW,PKwon,PKcon,OG,Matches
651,Lyle Taylor,ms MSR,"FW,MF",Colchester United,34,1990,26.9,7,0,0,48,40,14,30,5,12,,,0,Matches
652,Matty Taylor,eng ENG,FW,Cheltenham Town,34,1990,14.4,4,0,0,35,15,3,11,7,3,,,0,Matches
653,Max Taylor,eng ENG,DF,Morecambe,23,2000,13.8,4,1,0,19,14,0,7,14,14,,,0,Matches
654,Samuel Taylor,eng ENG,MF,Tranmere Rovers,19,2004,2.9,1,0,0,2,7,0,15,4,3,,,0,Matches
655,Dom Telford,eng ENG,"FW,MF",Barrow,27,1996,4.1,2,0,0,7,7,0,1,1,4,,,0,Matches
656,Frankie Terry,eng ENG,DF,Colchester United,20,2004,0.6,0,0,0,0,0,0,0,1,1,,,0,Matches
657,Douglas Tharme,eng ENG,DF,Grimsby Town,24,2000,22.1,1,0,0,7,9,0,8,21,23,,,1,Matches
658,Adrien Thibaut,ie IRL,FW,Crewe Alexandra,20,2004,8,4,0,0,19,29,8,2,0,6,,,0,Matches
659,Conor Thomas,eng ENG,MF,Crewe Alexandra,30,1993,11.5,3,0,0,21,6,2,7,26,15,,,0,Matches
660,Joe Thomas,wls WAL,"MF,DF",Newport County,22,2002,19.8,1,0,0,6,7,0,61,21,29,,,0,Matches
661,Jordan Thomas,eng ENG,MF,Cheltenham Town,23,2001,32.4,5,0,0,43,53,3,121,24,67,,,0,Matches
662,Joshua Thomas,wls WAL,FW,Bromley,21,2002,0.3,0,0,0,1,0,0,0,0,0,,,0,Matches
663,Terell Thomas,lc LCA,DF,Carlisle United,28,1995,29.7,5,0,0,25,28,1,5,44,40,,,0,Matches
664,Ben Thompson,eng ENG,MF,Bromley,28,1995,37.3,8,0,0,42,54,1,102,35,36,,,0,Matches
665,Curtis Thompson,eng ENG,MF,Grimsby Town,30,1993,7.3,4,0,0,19,14,0,3,14,19,,,0,Matches
666,Max Thompson,eng ENG,GK,Chesterfield,19,2004,18,1,0,0,0,5,0,0,0,0,,,0,Matches
667,Nathan Thompson,eng ENG,DF,Milton Keynes Dons,33,1990,1.3,1,0,0,3,3,0,0,0,0,,,0,Matches
668,Kane Thompson-Sommers,eng ENG,MF,Milton Keynes Dons,23,2000,12.6,4,0,0,25,9,0,6,9,11,,,0,Matches
669,George Thomson,sct SCO,MF,Harrogate Town FC,32,1992,0.9,0,0,0,0,1,0,5,0,0,,,0,Matches
670,Oscar Thorn,eng ENG,MF,Colchester United,20,2004,11.7,3,0,0,9,7,5,47,5,24,,,0,Matches
671,Junior Tiensia,eng ENG,DF,Barrow,23,2000,3.5,1,0,0,2,2,0,3,2,4,,,0,Matches
672,James Tilley,eng ENG,MF,AFC Wimbledon,26,1998,35.6,6,0,0,33,26,4,316,19,51,,,0,Matches
673,Curtis Tilt,jm JAM,DF,Salford City FC,32,1991,32.3,12,2,2,35,48,0,2,37,43,,,0,Matches
674,Lorent Tolaj,ch SUI,"FW,MF",Port Vale,22,2001,29.1,5,0,0,51,49,11,24,7,18,,,0,Matches
675,Ben Tollitt,eng ENG,"MF,FW",Morecambe,29,1994,27.3,3,0,0,13,18,4,179,14,17,,,0,Matches
Rk,Player,Nation,Pos,Squad,Age,Born,90s,CrdY,CrdR,2CrdY,Fls,Fld,Off,Crs,Int,TklW,PKwon,PKcon,OG,Matches
676,Joe Tomlinson,eng ENG,"MF,DF",Milton Keynes Dons,24,2000,36.4,3,0,0,32,36,9,152,21,31,,,0,Matches
677,Besart Topalloj,eng ENG,MF,Bromley,23,2001,2.3,2,1,1,3,4,0,5,3,3,,,0,Matches
678,Samson Tovide,eng ENG,FW,Colchester United,20,2004,21.3,4,0,0,63,68,9,35,5,5,,,0,Matches
679,Nick Townsend,ag ATG,GK,Newport County,29,1994,43,2,0,0,0,17,0,0,0,1,,,0,Matches
680,Shilow Tracey,eng ENG,"FW,MF",Crewe Alexandra,26,1998,27,7,0,0,39,33,15,28,1,17,,,0,Matches
681,Mai Traore,gn GUI,"FW,MF",Notts County,24,1999,3.5,0,0,0,6,7,2,1,1,2,,,0,Matches
682,Lewis Trickett,nir NIR,MF,Accrington Stanley,19,2005,0.1,0,0,0,0,0,0,0,0,1,,,0,Matches
683,Callum Tripp,eng ENG,"DF,MF",Milton Keynes Dons,17,2006,4.7,1,0,0,3,2,0,6,3,4,,,0,Matches
684,Connal Trueman,eng ENG,GK,Milton Keynes Dons,28,1996,13,1,0,0,1,4,0,0,0,0,,,0,Matches
685,Nicholas Tsaroulla,cy CYP,MF,Notts County,25,1999,26.6,5,0,0,27,48,6,129,14,24,,,0,Matches
686,Kabongo Tshimanga,eng ENG,"FW,MF",Swindon Town,26,1997,25.3,3,0,0,36,30,7,10,3,15,,,0,Matches
687,Jack Tucker,eng ENG,"MF,DF",Colchester United,24,1999,3.8,1,0,0,4,5,0,0,3,4,,,0,Matches
688,Jack Tucker,eng ENG,DF,Milton Keynes Dons,24,1999,7.7,1,0,0,4,7,0,0,13,7,,,0,Matches
689,Jordan Turnbull,eng ENG,DF,Tranmere Rovers,29,1994,43.6,9,0,0,40,14,7,12,69,42,,,2,Matches
690,Jake Turner,eng ENG,GK,Gillingham,25,1999,8.5,1,0,0,0,0,0,0,0,0,,,0,Matches
691,Harry Tustin,,MF,Cheltenham Town,,,0.3,0,0,0,1,0,0,0,0,1,,,0,Matches
692,David Tutonda,eng ENG,DF,Morecambe,28,1995,32.4,14,1,1,54,33,1,62,55,69,,,0,Matches
693,Jemiah Umolu,eng ENG,FW,Port Vale,18,2005,1.6,0,0,0,4,2,0,2,0,2,,,0,Matches
694,Theo Vassell,eng ENG,DF,Barrow,27,1997,29.8,5,0,0,24,40,0,4,35,19,,,0,Matches
695,Josh Vela,eng ENG,"MF,FW",Carlisle United,30,1993,16.2,8,0,0,40,7,4,10,16,24,,,1,Matches
696,Charles Vernam,eng ENG,"MF,FW",Grimsby Town,27,1996,9.1,2,0,0,10,6,5,62,2,3,,,0,Matches
697,Kane Vincent-Young,gd GRN,"DF,MF",Colchester United,28,1996,1.7,0,0,0,0,3,0,4,2,2,,,0,Matches
698,Matty Virtue,eng ENG,MF,Fleetwood Town,27,1997,31.6,6,0,0,34,13,4,54,16,33,,,0,Matches
699,Jacob Wakeling,eng ENG,FW,Gillingham,22,2001,5.6,1,0,0,10,5,2,8,2,8,,,0,Matches
700,Brad Walker,eng ENG,DF,Tranmere Rovers,28,1996,6,1,0,0,6,2,0,8,5,7,,,0,Matches
Rk,Player,Nation,Pos,Squad,Age,Born,90s,CrdY,CrdR,2CrdY,Fls,Fld,Off,Crs,Int,TklW,PKwon,PKcon,OG,Matches
701,Jamie Walker,sct SCO,MF,Bradford City,31,1993,18.5,5,0,0,39,45,3,80,13,23,,,0,Matches
702,Moses Walker,eng ENG,FW,Newport County,17,2007,0.3,0,0,0,1,1,0,2,0,0,,,0,Matches
703,Sam Walker,eng ENG,GK,Bradford City,32,1991,46,3,0,0,1,4,0,0,0,0,,,0,Matches
704,Charlie Waller,eng ENG,DF,Milton Keynes Dons,19,2005,5,1,0,0,4,14,0,6,6,4,,,0,Matches
705,Rhys Walters,,MF,Port Vale,,,9.5,0,0,0,12,22,1,1,11,8,,,0,Matches
706,Tyler Walton,eng ENG,"FW,MF",Accrington Stanley,25,1998,28.4,13,0,0,73,28,19,54,11,11,,,0,Matches
707,Benn Ward,,DF,Accrington Stanley,,,20.7,5,0,0,37,15,2,7,48,37,,,1,Matches
708,Jaden Warner,eng ENG,DF,Newport County,21,2002,2.9,1,0,0,4,1,0,0,1,4,,,0,Matches
709,Tyrell Warren,eng ENG,DF,Grimsby Town,25,1998,20.6,6,0,0,32,30,0,27,37,34,,,0,Matches
710,Lewis Warrington,eng ENG,MF,Salford City FC,21,2002,9.3,4,0,0,11,9,0,10,8,15,,,0,Matches
711,Ryan Watson,eng ENG,MF,Salford City FC,31,1993,6.6,1,0,0,4,5,0,6,3,4,,,0,Matches
712,Stephen Wearne,eng ENG,"MF,FW",Carlisle United,23,2000,12.2,1,0,0,15,12,1,27,4,12,,,0,Matches
713,Stephen Wearne,eng ENG,"MF,FW",Milton Keynes Dons,23,2000,7.5,2,0,0,9,18,5,5,1,8,,,0,Matches
714,Byron Webster,eng ENG,DF,Bromley,37,1987,26.7,4,0,0,17,16,0,1,17,21,,,0,Matches
715,Harry Webster,,DF,Gillingham,,,1.6,0,0,0,1,1,0,0,3,11,,,0,Matches
716,Evan Weir,ie IRL,DF,Walsall,22,2002,6.9,2,0,0,3,6,0,30,9,8,,,0,Matches
717,Zain Westbrooke,eng ENG,MF,Doncaster Rovers,27,1996,2.3,0,0,0,3,1,0,4,2,2,,,0,Matches
718,Joe Westley,eng ENG,"MF,FW",Swindon Town,19,2004,5.6,0,0,0,11,2,1,0,3,6,,,0,Matches
719,Charlie Weston,eng ENG,MF,Barrow,20,2004,0.2,0,0,0,0,0,0,0,0,0,,,0,Matches
720,Billy Whaite,,FW,Morecambe,,,0.1,0,0,0,1,0,0,0,0,0,,,0,Matches
721,Shaun Whalley,eng ENG,"MF,FW",Accrington Stanley,36,1987,30.6,7,0,0,48,46,15,179,13,26,,,0,Matches
722,Ethan Wheatley,eng ENG,FW,Walsall,18,2006,1.9,0,0,0,2,0,1,1,1,3,,,0,Matches
723,Callum Whelan,eng ENG,MF,Carlisle United,25,1998,21,3,0,0,15,23,2,30,16,19,,,0,Matches
724,Charlie Whitaker,eng ENG,"MF,FW",Notts County,20,2003,12.3,3,0,0,20,13,0,7,5,13,,,0,Matches
725,Joe White,eng ENG,MF,Milton Keynes Dons,21,2002,21.7,5,0,0,23,28,1,65,8,35,,,0,Matches
Rk,Player,Nation,Pos,Squad,Age,Born,90s,CrdY,CrdR,2CrdY,Fls,Fld,Off,Crs,Int,TklW,PKwon,PKcon,OG,Matches
726,Tom White,eng ENG,MF,Morecambe,27,1997,26.4,6,0,0,26,89,0,20,28,40,,,0,Matches
727,Ben Whitfield,eng ENG,"MF,FW",Barrow,28,1996,12.3,1,0,0,3,4,14,110,6,5,,,0,Matches
728,Corey Whitley,eng ENG,"MF,FW",Bromley,33,1991,35.6,3,0,0,27,32,2,49,29,50,,,0,Matches
729,Kai Whitmore,eng ENG,MF,Newport County,23,2001,15.1,5,1,1,47,25,6,10,10,32,,,0,Matches
730,Aaron Wildig,wls WAL,MF,Newport County,32,1992,12.9,4,0,0,18,9,3,6,11,17,,,0,Matches
731,Freddie Willcox,,MF,Cheltenham Town,,,0.5,1,0,0,2,3,0,1,1,2,,,0,Matches
732,Ben Williams,wls WAL,"DF,MF",Carlisle United,25,1999,5.9,0,0,0,7,13,1,29,3,6,,,0,Matches
733,Ethan Williams,eng ENG,MF,Cheltenham Town,18,2005,8.7,1,0,0,12,5,1,65,4,10,,,0,Matches
734,Euan Williams,nir NIR,MF,Gillingham,21,2003,4.5,2,0,0,5,1,0,11,3,7,,,0,Matches
735,Harry Williams,eng ENG,DF,Walsall,21,2002,29.2,5,0,0,40,20,0,7,34,20,,,0,Matches
736,Jay Williams,kn SKN,MF,Milton Keynes Dons,23,2000,7.8,4,0,0,18,10,0,1,9,5,,,0,Matches
737,Jonny Williams,wls WAL,MF,Gillingham,30,1993,10.9,3,1,1,7,24,0,36,8,9,,,0,Matches
738,Jordan Williams,wls WAL,"MF,DF",Barrow,28,1995,16.7,4,0,0,19,6,0,3,21,20,,,0,Matches
739,Jordan Williams,wls WAL,"MF,DF",Milton Keynes Dons,28,1995,4.4,1,0,0,4,2,0,0,5,3,,,0,Matches
740,Josh Williams,eng ENG,"MF,DF",Carlisle United,21,2002,5.4,1,0,0,8,4,0,17,2,10,,,0,Matches
741,Josh Williams,wls WAL,MF,Tranmere Rovers,20,2004,0.2,0,0,0,0,0,0,0,0,0,,,0,Matches
742,Rhys Williams,eng ENG,DF,Morecambe,23,2001,30.6,6,1,0,35,12,1,7,23,8,,,0,Matches
743,Tyrone Williams,eng ENG,DF,Chesterfield,29,1994,7.8,1,0,0,2,5,0,0,11,7,,,0,Matches
744,Zac Williams,wls WAL,"DF,MF",Crewe Alexandra,20,2004,39.9,12,1,0,21,39,2,57,34,23,,,0,Matches
745,Donovan Wilson,eng ENG,FW,Grimsby Town,27,1997,4.8,2,0,0,13,3,2,0,0,0,,,0,Matches
746,Connor Wood,eng ENG,DF,Tranmere Rovers,28,1996,28.2,6,1,1,26,27,0,65,23,30,,,0,Matches
747,Nathan Wood,wls WAL,FW,Newport County,27,1997,0.3,0,0,0,1,1,0,1,0,0,,,0,Matches
748,Richard Wood,eng ENG,DF,Doncaster Rovers,39,1985,5.7,1,0,0,6,3,2,0,3,3,,,0,Matches
749,Ben Woodburn,wls WAL,"MF,FW",Salford City FC,24,1999,22.9,7,0,0,34,23,4,68,5,26,,,0,Matches
750,Ben Woods,eng ENG,MF,Accrington Stanley,21,2002,30.7,10,0,0,41,17,2,132,43,56,,,0,Matches
Rk,Player,Nation,Pos,Squad,Age,Born,90s,CrdY,CrdR,2CrdY,Fls,Fld,Off,Crs,Int,TklW,PKwon,PKcon,OG,Matches
751,Josh Woods,eng ENG,"FW,MF",Accrington Stanley,24,2000,16.7,6,0,0,25,22,13,23,9,10,,,0,Matches
752,Alex Woodyard,eng ENG,MF,Colchester United,31,1993,9.8,3,0,0,16,8,0,1,9,17,,,0,Matches
753,David Worrall,eng ENG,"FW,MF",Barrow,34,1990,0.5,0,0,0,0,0,0,2,0,0,,,0,Matches
754,Jordan Wright,eng ENG,GK,Grimsby Town,26,1997,34,1,0,0,0,13,0,0,0,3,,,0,Matches
755,Tyreik Wright,ie IRL,MF,Bradford City,22,2001,18.9,3,0,0,19,14,0,114,16,20,,,0,Matches
756,Will Wright,eng ENG,DF,Swindon Town,27,1997,45.1,6,0,0,24,29,0,223,44,37,,,2,Matches
757,Will Wright,,FW,Salford City FC,,,0.8,1,0,0,2,0,0,0,0,1,,,0,Matches
758,Charlie Wyke,eng ENG,FW,Carlisle United,31,1992,9.6,2,0,0,13,20,2,0,1,5,,,0,Matches
759,Marcus Wyllie,eng ENG,"FW,MF",Gillingham,25,1999,6.5,0,0,0,4,6,2,2,2,2,,,0,Matches
760,Ephraim Yeboah,gh GHA,MF,Doncaster Rovers,18,2006,2.8,3,0,0,7,6,0,11,3,4,,,0,Matches
761,Luke Young,eng ENG,MF,Cheltenham Town,31,1993,32.3,2,0,0,28,32,0,93,35,29,,,1,Matches
762,Matt Young,eng ENG,GK,Salford City FC,17,2006,20,1,0,0,0,3,0,0,0,1,,,0,Matches
