Performance,,,,,,,,,,,,,,,,,,,,
Rk,Player,Nation,Pos,Squad,Age,Born,90s,CrdY,CrdR,2CrdY,Fls,Fld,Off,Crs,Int,TklW,PKwon,PKcon,OG,Matches
1,Brenden Aaronson,us USA,MF,Leeds United,23,2000,39.5,1,0,0,43,67,5,58,9,33,,,0,Matches
2,Thelo Aasgaard,no NOR,"MF,FW",Luton Town,22,2002,16.8,1,0,0,12,33,0,30,7,10,,,0,Matches
3,James Abankwah,ie IRL,DF,Watford,20,2004,15.4,4,1,1,18,26,1,4,9,21,,,0,Matches
4,Salis Abdul Samed,gh GHA,MF,Sunderland,24,2000,3.1,0,0,0,6,6,0,0,2,0,,,0,Matches
5,Azeem Abdulai,sct SCO,MF,Swansea City,21,2002,3.9,1,0,0,5,9,0,20,2,5,,,0,Matches
6,Ebou Adams,gm GAM,MF,Derby County,28,1996,42.1,12,0,0,87,98,3,32,59,100,,,0,Matches
7,Elijah Adebayo,eng ENG,FW,Luton Town,26,1998,26.9,1,0,0,57,29,27,10,7,11,,,0,Matches
8,Michael Adu-Poku,eng ENG,FW,Watford,18,2005,0,0,0,0,0,0,0,0,0,0,,,0,Matches
9,Enock Agyei,be BEL,FW,Burnley,19,2005,0.6,0,0,0,1,1,0,3,0,0,,,0,Matches
10,Anel Ahmedhodžić,ba BIH,DF,Sheffield United,25,1999,34.8,11,1,0,26,28,4,7,46,45,,,0,Matches
11,Semi Ajayi,ng NGA,DF,West Bromwich Albion,30,1993,13.6,4,0,0,10,5,0,3,10,6,,,0,Matches
12,Milan Aleksić,rs SRB,MF,Sunderland,18,2005,3.2,1,0,0,7,2,0,6,3,4,,,0,Matches
13,Ajibola Alese,eng ENG,DF,Sunderland,23,2001,7.8,2,0,0,8,3,1,9,9,5,,,0,Matches
14,Jamie Allen,eng ENG,MF,Coventry City,29,1995,11.2,1,0,0,13,7,0,0,9,16,,,0,Matches
15,Joe Allen,wls WAL,MF,Swansea City,34,1990,7.9,2,0,0,16,8,0,13,5,8,,,0,Matches
16,Millenic Alli,ie IRL,"MF,FW",Luton Town,24,2000,8.5,1,0,0,12,12,3,31,1,6,,,0,Matches
17,Jak Alnwick,eng ENG,GK,Cardiff City,31,1993,29,2,0,0,0,7,0,0,0,1,,,0,Matches
18,Will Alves,eng ENG,"MF,FW",Cardiff City,19,2005,7.4,0,0,0,0,8,0,25,3,11,,,0,Matches
19,Steven Alzate,co COL,MF,Hull City,25,1998,21.6,2,0,0,20,19,1,24,30,52,,,0,Matches
20,Zeki Amdouni,ch SUI,"FW,MF",Burnley,23,2000,0.4,0,0,0,1,2,0,0,1,1,,,0,Matches
21,Ethan Ampadu,wls WAL,"DF,MF",Leeds United,23,2000,25.4,7,0,0,38,36,0,5,27,33,,,0,Matches
22,Nordin Amrabat,ma MAR,MF,Hull City,37,1987,3.2,0,0,0,11,6,6,30,1,5,,,0,Matches
23,Lucas Andersen,dk DEN,MF,Queens Park Rangers,29,1994,12.9,1,0,0,11,13,3,74,7,16,,,0,Matches
24,Joe Anderson,eng ENG,DF,Sunderland,23,2001,1.1,1,0,0,3,1,0,4,0,2,,,0,Matches
25,Ryan Andrews,eng ENG,"MF,DF",Watford,19,2004,23.2,3,0,0,33,22,1,56,25,22,,,0,Matches
Rk,Player,Nation,Pos,Squad,Age,Born,90s,CrdY,CrdR,2CrdY,Fls,Fld,Off,Crs,Int,TklW,PKwon,PKcon,OG,Matches
26,Jaidon Anthony,eng ENG,MF,Burnley,24,1999,40.7,4,0,0,37,37,14,247,31,33,,,0,Matches
27,Adil Aouchiche,fr FRA,MF,Portsmouth,22,2002,7.6,2,0,0,6,7,0,20,9,8,,,0,Matches
28,Adil Aouchiche,fr FRA,MF,Sunderland,22,2002,3.3,0,0,0,7,4,1,33,0,2,,,0,Matches
29,Oliver Arblaster,eng ENG,MF,Sheffield United,20,2004,10.9,3,0,0,8,11,0,16,10,8,,,0,Matches
30,Jordan Archer,sct SCO,GK,Portsmouth,31,1993,1.7,0,0,0,0,0,0,0,0,0,,,0,Matches
31,Adam Armstrong,eng ENG,"FW,MF",West Bromwich Albion,27,1997,11.2,0,0,0,16,8,8,9,0,8,,,0,Matches
32,Harrison Armstrong,eng ENG,MF,Derby County,17,2007,12.3,3,0,0,10,10,1,3,23,18,,,0,Matches
33,Sinclair Armstrong,ie IRL,FW,Bristol City,21,2003,17.3,1,0,0,26,28,11,4,2,1,,,0,Matches
34,Stuart Armstrong,sct SCO,MF,Sheffield Weds,32,1992,6,0,0,0,3,2,1,9,1,3,,,0,Matches
35,Harrison Ashby,sct SCO,"DF,MF",Queens Park Rangers,22,2001,17.6,6,0,0,18,27,3,26,13,39,,,0,Matches
36,Cian Ashford,wls WAL,"MF,FW",Cardiff City,19,2004,16.9,0,0,0,18,22,1,36,6,12,,,0,Matches
37,Robert Atkinson,eng ENG,DF,Portsmouth,26,1998,12.2,4,0,0,4,16,1,0,10,3,,,1,Matches
38,Luke Ayling,eng ENG,DF,Middlesbrough,32,1991,21.7,4,0,0,12,22,1,56,22,44,,,0,Matches
39,Finn Azaz,ie IRL,MF,Middlesbrough,23,2000,39.4,6,0,0,21,48,2,183,14,31,,,0,Matches
40,Femi Azeez,eng ENG,MF,Millwall,23,2001,21.2,4,0,0,33,14,12,79,17,32,,,0,Matches
41,Kwadwo Baah,eng ENG,"MF,FW",Watford,21,2003,16.2,5,1,0,33,27,7,38,4,14,,,0,Matches
42,Daniel Bachmann,at AUT,GK,Watford,30,1994,21.1,1,0,0,0,11,0,0,0,0,,,1,Matches
43,Joel Bagan,ie IRL,DF,Cardiff City,24,2000,17.9,4,1,0,20,13,0,21,16,21,,,0,Matches
44,Michael Baidoo,gh GHA,"MF,FW",Plymouth Argyle,25,1999,5,0,0,0,15,5,1,2,2,4,,,0,Matches
45,Lewis Baker,eng ENG,MF,Stoke City,29,1995,16.4,3,0,0,23,15,6,64,11,4,,,0,Matches
46,Lewis Baker,eng ENG,MF,Blackburn Rovers,29,1995,6.6,2,0,0,5,3,0,7,4,2,,,0,Matches
47,Daniel Ballard,nir NIR,DF,Sunderland,24,1999,12.5,3,0,0,13,17,1,0,9,8,,,1,Matches
48,Patrick Bamford,eng ENG,"FW,MF",Leeds United,30,1993,2.8,0,0,0,6,5,8,3,2,2,,,0,Matches
49,Raees Bangura-Williams,,MF,Millwall,,,6.8,2,0,0,7,2,2,2,2,14,,,0,Matches
50,Tamer Bani Odeh,jo JOR,FW,West Bromwich Albion,20,2003,0.6,1,0,0,5,1,0,2,2,3,,,0,Matches
Rk,Player,Nation,Pos,Squad,Age,Born,90s,CrdY,CrdR,2CrdY,Fls,Fld,Off,Crs,Int,TklW,PKwon,PKcon,OG,Matches
51,Barry Bannan,sct SCO,MF,Sheffield Weds,34,1989,38.5,7,0,0,18,20,0,151,20,40,,,0,Matches
52,Jamal Baptiste,eng ENG,DF,Sheffield United,20,2003,0.1,0,0,0,0,0,0,0,0,0,,,0,Matches
53,Shandon Baptiste,gd GRN,MF,Luton Town,26,1998,8,2,0,0,10,7,1,32,12,10,,,0,Matches
54,Tom Barkhuizen,eng ENG,"MF,FW",Derby County,31,1993,4.5,2,0,0,5,6,0,14,4,5,,,0,Matches
55,Daniel Barlaser,tr TUR,MF,Middlesbrough,27,1997,12.8,2,0,0,16,15,2,62,9,13,,,0,Matches
56,Ashley Barnes,eng ENG,FW,Norwich City,34,1989,1.9,1,0,0,8,4,1,0,1,0,,,0,Matches
57,Ashley Barnes,eng ENG,FW,Burnley,34,1989,1.5,1,0,0,3,7,3,1,2,0,,,0,Matches
58,Louie Barry,eng ENG,MF,Hull City,21,2003,1.8,0,0,0,3,1,1,12,1,1,,,0,Matches
59,Kyle Bartley,eng ENG,DF,West Bromwich Albion,33,1991,29,5,1,0,26,14,3,1,21,14,,,0,Matches
60,Norman Bassette,be BEL,FW,Coventry City,19,2004,10.1,5,0,0,22,13,15,10,0,4,,,0,Matches
61,Danny Batth,eng ENG,DF,Blackburn Rovers,33,1990,33.4,5,0,0,31,22,1,0,32,22,,,0,Matches
62,Patrick Bauer,de GER,DF,Preston North End,31,1992,0.1,0,0,0,0,0,0,0,0,0,,,0,Matches
63,Vakoun Bayo,ci CIV,FW,Watford,27,1997,24.9,5,1,0,44,19,20,3,5,13,,,0,Matches
64,James Beadle,eng ENG,GK,Sheffield Weds,20,2004,38,2,0,0,0,6,0,0,0,0,,,0,Matches
65,Owen Beck,wls WAL,"DF,MF",Blackburn Rovers,21,2002,20.8,3,1,0,34,13,4,72,18,39,,,0,Matches
66,Chris Bedia,ci CIV,FW,Hull City,28,1996,10.2,0,0,0,19,6,4,0,0,5,,,0,Matches
67,Amari'i Bell,jm JAM,"DF,MF",Luton Town,30,1994,30.1,1,0,0,18,39,1,15,22,30,,,0,Matches
68,Sam Bell,eng ENG,"FW,MF",Bristol City,22,2002,4.9,0,0,0,6,6,5,15,2,7,,,0,Matches
69,Jobe Bellingham,eng ENG,MF,Sunderland,18,2005,39,10,1,0,41,59,2,10,33,46,,,0,Matches
70,Bachir Belloumi,dz ALG,"FW,MF",Hull City,22,2002,9.1,1,0,0,8,9,11,58,9,9,,,0,Matches
71,Anis Ben Slimane,tn TUN,MF,Norwich City,23,2001,23.2,6,0,0,38,21,1,15,16,25,,,0,Matches
72,Anis Ben Slimane,tn TUN,MF,Sheffield United,23,2001,0.5,0,0,0,2,0,0,0,0,0,,,0,Matches
73,Joe Bennett,eng ENG,DF,Oxford United,34,1990,8.3,1,0,0,3,8,0,2,8,8,,,0,Matches
74,Daniel Bennie,au AUS,FW,Queens Park Rangers,18,2006,2.4,1,0,0,5,1,0,5,1,0,,,0,Matches
75,Jóhann Berg Guðmundsson,is ISL,"FW,MF",Burnley,33,1990,0.2,0,0,0,0,1,0,0,0,0,,,0,Matches
Rk,Player,Nation,Pos,Squad,Age,Born,90s,CrdY,CrdR,2CrdY,Fls,Fld,Off,Crs,Int,TklW,PKwon,PKcon,OG,Matches
76,Di'Shon Bernard,jm JAM,DF,Sheffield Weds,23,2000,24.8,9,2,1,26,13,0,2,28,19,,,0,Matches
77,Kian Best,eng ENG,DF,Preston North End,18,2005,0,0,0,0,0,2,0,2,0,1,,,0,Matches
78,Florian Bianchini,fr FRA,FW,Swansea City,23,2001,12.3,2,0,0,22,12,12,24,2,12,,,0,Matches
79,Jake Bidwell,eng ENG,"DF,MF",Coventry City,31,1993,22.9,5,0,0,21,14,0,85,19,13,,,0,Matches
80,Luis Binks,eng ENG,DF,Coventry City,22,2001,20.6,7,0,0,12,7,0,8,21,11,,,0,Matches
81,Max Bird,eng ENG,MF,Bristol City,23,2000,38.7,1,0,0,13,21,2,126,30,56,,,0,Matches
82,Colby Bishop,eng ENG,FW,Portsmouth,27,1996,29.2,3,0,0,38,35,13,9,4,17,,,0,Matches
83,Billy Blacker,eng ENG,FW,Sheffield United,18,2006,0,0,0,0,0,0,0,0,0,0,,,0,Matches
84,Corey Blackett-Taylor,eng ENG,"MF,FW",Derby County,26,1997,4.5,1,0,0,2,6,1,20,3,1,,,0,Matches
85,Harvey Blair,eng ENG,MF,Portsmouth,20,2003,3.3,3,0,0,10,6,2,6,3,3,,,0,Matches
86,Malachi Boateng,eng ENG,MF,Plymouth Argyle,22,2002,2.2,0,0,0,4,1,0,0,3,3,,,0,Matches
87,Eric Bocat,fr FRA,DF,Stoke City,25,1999,22.7,1,0,0,12,19,1,60,32,22,,,0,Matches
88,Jayden Bogle,eng ENG,DF,Leeds United,24,2000,42.5,12,0,0,52,58,6,84,39,72,,,0,Matches
89,Jonathan Bond,eng ENG,GK,Watford,31,1993,8.9,0,0,0,0,1,0,0,0,0,,,0,Matches
90,Neto Borges,br BRA,DF,Middlesbrough,27,1996,32.1,4,0,0,30,31,4,48,44,37,,,0,Matches
91,Raphael Borges Rodrigues,au AUS,MF,Coventry City,20,2003,0.1,0,0,0,0,0,0,0,0,0,,,0,Matches
92,Josh Bowler,eng ENG,"MF,FW",Preston North End,25,1999,5.1,0,0,0,1,14,0,13,3,5,,,0,Matches
93,Josh Bowler,eng ENG,MF,Luton Town,25,1999,1.7,0,0,0,2,2,0,6,1,2,,,0,Matches
94,Sonny Bradley,eng ENG,DF,Derby County,32,1991,3.4,1,0,0,2,2,0,1,4,2,,,0,Matches
95,Tom Bradshaw,wls WAL,FW,Oxford United,32,1992,4,1,0,0,6,2,1,0,1,0,,,0,Matches
96,Tom Bradshaw,wls WAL,FW,Millwall,32,1992,5,0,0,0,11,5,2,1,0,2,,,0,Matches
97,Robbie Brady,ie IRL,MF,Preston North End,32,1992,18.2,8,0,0,30,13,3,132,20,30,,,0,Matches
98,Cohen Bramall,eng ENG,DF,Portsmouth,28,1996,5.1,2,0,0,4,5,1,20,3,5,,,0,Matches
99,Cameron Brannagan,eng ENG,MF,Oxford United,28,1996,32.2,10,0,0,33,33,0,63,30,38,,,0,Matches
100,Ben Brereton,cl CHI,MF,Sheffield United,25,1999,10.9,4,0,0,16,7,4,11,7,3,,,0,Matches
Rk,Player,Nation,Pos,Squad,Age,Born,90s,CrdY,CrdR,2CrdY,Fls,Fld,Off,Crs,Int,TklW,PKwon,PKcon,OG,Matches
101,Rhian Brewster,eng ENG,"MF,FW",Sheffield United,24,2000,17.3,2,0,0,16,25,5,28,5,9,,,0,Matches
102,Callum Brittain,eng ENG,DF,Blackburn Rovers,26,1998,29.5,5,0,0,24,16,0,123,21,33,,,0,Matches
103,Andre Brooks,eng ENG,MF,Sheffield United,20,2003,10.6,3,0,0,20,10,1,17,5,19,,,0,Matches
104,Ciaron Brown,nir NIR,DF,Oxford United,26,1998,40.1,6,0,0,20,33,0,13,54,21,,,0,Matches
105,Dajaune Brown,jm JAM,FW,Derby County,18,2005,4.3,0,0,0,7,3,0,1,2,4,,,0,Matches
106,Jacob Brown,sct SCO,"MF,FW",Luton Town,26,1998,13.5,4,0,0,19,36,3,12,5,8,,,0,Matches
107,Alan Browne,ie IRL,"MF,DF",Sunderland,29,1995,13.5,1,0,0,17,27,1,25,10,11,,,0,Matches
108,Josh Brownhill,eng ENG,MF,Burnley,28,1995,38.6,5,0,0,51,24,4,57,32,42,,,0,Matches
109,Joe Bryan,eng ENG,DF,Millwall,30,1993,36.4,8,0,0,42,39,0,160,71,63,,,2,Matches
110,Solomon Brynn,eng ENG,GK,Middlesbrough,23,2000,5.7,0,0,0,0,0,0,0,0,2,,,0,Matches
111,John Buckley,eng ENG,MF,Blackburn Rovers,24,1999,9.5,5,0,0,20,15,1,21,15,16,,,0,Matches
112,Mustapha Bundu,sl SLE,"FW,MF",Plymouth Argyle,27,1997,25.6,4,0,0,43,29,15,36,14,17,,,0,Matches
113,Wouter Burger,nl NED,MF,Stoke City,23,2001,33.4,10,0,0,72,19,0,18,56,55,,,0,Matches
114,Delano Burgzorg,sr SUR,MF,Middlesbrough,25,1998,24.3,2,0,0,21,45,12,10,3,20,,,0,Matches
115,Reece Burke,eng ENG,"DF,MF",Luton Town,27,1996,9.5,4,0,0,7,5,0,13,14,12,,,0,Matches
116,Finley Burns,eng ENG,"DF,MF",Hull City,21,2003,3.5,1,0,0,6,1,0,0,9,3,,,0,Matches
117,Harrison Burrows,eng ENG,DF,Sheffield United,22,2002,38.4,2,0,0,20,51,9,212,30,56,,,1,Matches
118,Mason Burstow,eng ENG,"FW,MF",Hull City,20,2003,10.6,1,0,0,20,10,8,18,3,9,,,0,Matches
119,Sam Byram,eng ENG,DF,Leeds United,30,1993,15.7,4,0,0,19,13,5,18,22,20,,,1,Matches
120,Ben Cabango,wls WAL,DF,Swansea City,24,2000,44.8,9,0,0,32,20,0,4,41,60,,,1,Matches
121,Tyrese Campbell,eng ENG,FW,Sheffield United,24,1999,17.6,2,0,0,18,18,9,16,0,4,,,0,Matches
122,Thomas Cannon,ie IRL,FW,Stoke City,21,2002,20.6,3,0,0,27,22,12,9,1,10,,,0,Matches
123,Thomas Cannon,ie IRL,FW,Sheffield United,21,2002,7.6,0,0,0,5,3,4,3,0,0,,,0,Matches
124,Todd Cantwell,eng ENG,MF,Blackburn Rovers,26,1998,27.5,6,0,0,37,82,7,138,21,40,,,0,Matches
125,Theo Carroll,eng ENG,MF,Preston North End,17,2007,0,0,0,0,0,0,0,1,0,1,,,0,Matches
Rk,Player,Nation,Pos,Squad,Age,Born,90s,CrdY,CrdR,2CrdY,Fls,Fld,Off,Crs,Int,TklW,PKwon,PKcon,OG,Matches
126,Hayden Carter,eng ENG,DF,Blackburn Rovers,24,1999,15.1,5,0,0,23,4,1,14,20,15,,,0,Matches
127,Eiran Cashin,ie IRL,DF,Derby County,22,2001,19.8,5,0,0,19,13,1,7,42,34,,,0,Matches
128,Žan Celar,si SVN,FW,Queens Park Rangers,25,1999,10.5,1,0,0,9,6,12,3,0,1,,,0,Matches
129,Ilias Chair,ma MAR,"MF,FW",Queens Park Rangers,26,1997,18.9,2,0,0,8,9,3,117,6,11,,,0,Matches
130,Giorgi Chakvetadze,ge GEO,"MF,FW",Watford,24,1999,36.5,6,0,0,32,51,3,169,11,34,,,0,Matches
131,Nathaniel Chalobah,eng ENG,MF,Sheffield Weds,29,1994,4.9,3,0,0,11,7,0,3,12,3,,,0,Matches
132,Calum Chambers,eng ENG,"DF,MF",Cardiff City,29,1995,39,8,1,0,52,13,3,20,54,46,,,1,Matches
133,Samuel Chambers,eng ENG,MF,Leeds United,16,2007,0.2,0,0,0,0,0,0,0,0,0,,,0,Matches
134,Pierce Charles,nir NIR,GK,Sheffield Weds,19,2005,8,1,0,0,0,2,0,0,0,0,,,0,Matches
135,Shea Charles,nir NIR,MF,Sheffield Weds,20,2003,40.3,10,0,0,57,80,1,158,55,58,,,0,Matches
136,Tawanda Chirewa,zw ZIM,MF,Derby County,20,2003,1.7,1,0,0,6,0,0,0,1,6,,,0,Matches
137,Tahith Chong,cw CUW,"MF,FW",Luton Town,24,1999,22.5,5,0,0,29,49,3,59,9,14,,,0,Matches
138,Hamza Choudhury,bd BAN,"MF,DF",Sheffield United,26,1997,12.3,2,0,0,12,10,0,6,27,21,,,0,Matches
139,Benjamin Chrisene,eng ENG,DF,Norwich City,20,2004,12.8,2,0,0,16,18,2,20,13,24,,,0,Matches
140,Cyrus Christie,ie IRL,DF,Swansea City,31,1992,3.1,1,0,0,4,2,0,2,3,1,,,0,Matches
141,Dennis Cirkin,eng ENG,DF,Sunderland,22,2002,30.4,6,0,0,45,51,1,53,42,49,,,0,Matches
142,Ibrahim Cissoko,nl NED,MF,Plymouth Argyle,21,2003,7.3,2,1,0,8,23,1,22,4,4,,,0,Matches
143,Ibrahim Cissoko,nl NED,MF,Sheffield Weds,21,2003,0.6,1,0,0,1,1,1,2,1,0,,,0,Matches
144,Jordan Clark,eng ENG,MF,Luton Town,30,1993,35.9,10,0,0,42,39,2,156,26,34,,,0,Matches
145,Harry Clarke,eng ENG,DF,Sheffield United,23,2001,5.2,3,0,0,9,1,0,8,6,8,,,0,Matches
146,Jack Clarke,eng ENG,MF,Sunderland,23,2000,2,0,0,0,2,7,2,7,0,1,,,0,Matches
147,Matthew Clarke,eng ENG,DF,Derby County,27,1996,15.2,2,0,0,17,8,2,2,22,18,,,0,Matches
148,Matthew Clarke,eng ENG,DF,Middlesbrough,27,1996,12.4,0,0,0,6,8,0,4,18,18,,,0,Matches
149,Jake Clarke-Salter,eng ENG,DF,Queens Park Rangers,26,1997,8.4,3,0,0,7,4,0,2,8,7,,,0,Matches
150,Josh Coburn,eng ENG,FW,Middlesbrough,21,2002,0.1,0,0,0,0,0,0,0,0,0,,,0,Matches
Rk,Player,Nation,Pos,Squad,Age,Born,90s,CrdY,CrdR,2CrdY,Fls,Fld,Off,Crs,Int,TklW,PKwon,PKcon,OG,Matches
151,Josh Coburn,eng ENG,FW,Millwall,21,2002,13.5,0,0,0,30,18,11,8,2,7,,,0,Matches
152,Jack Colback,eng ENG,MF,Queens Park Rangers,34,1989,16.1,8,1,1,24,22,0,7,13,14,,,0,Matches
153,Devante Cole,eng ENG,FW,West Bromwich Albion,29,1995,1.8,0,0,0,0,4,3,1,1,1,,,0,Matches
154,Bradley Collins,eng ENG,GK,Coventry City,27,1997,14.6,2,0,0,0,2,0,0,0,0,,,0,Matches
155,James Collins,ie IRL,FW,Derby County,33,1990,2.5,1,0,0,12,3,1,1,1,1,,,0,Matches
156,Jamilu Collins,ng NGA,DF,Cardiff City,29,1994,1.8,1,0,0,2,2,1,4,4,3,,,0,Matches
157,Rubin Colwill,wls WAL,"MF,FW",Cardiff City,22,2002,28,3,0,0,36,25,7,77,11,37,,,0,Matches
158,Aaron Connolly,ie IRL,"MF,FW",Sunderland,24,2000,2.7,0,0,0,2,11,1,0,0,1,,,0,Matches
159,Aaron Connolly,ie IRL,"MF,FW",Millwall,24,2000,7.3,3,0,0,7,28,0,6,1,3,,,0,Matches
160,Tommy Conway,sct SCO,"FW,MF",Middlesbrough,21,2002,26.2,1,0,0,16,27,22,14,2,9,,,0,Matches
161,Steve Cook,eng ENG,DF,Queens Park Rangers,33,1991,29.1,4,0,0,12,18,0,18,21,16,,,0,Matches
162,Jake Cooper,eng ENG,DF,Millwall,29,1995,35.5,4,0,0,37,17,7,3,23,24,,,2,Matches
163,Michael Cooper,eng ENG,GK,Sheffield United,24,1999,43,3,0,0,1,5,0,0,0,0,,,0,Matches
164,Oliver Cooper,wls WAL,MF,Swansea City,24,1999,11.6,0,0,0,19,41,2,17,6,11,,,0,Matches
165,José Cordoba,pa PAN,DF,Norwich City,23,2001,23.4,4,1,1,26,13,0,3,18,14,,,0,Matches
166,David Cornell,wls WAL,GK,Preston North End,33,1991,9,0,0,0,0,1,0,0,0,0,,,0,Matches
167,Harry Cornick,eng ENG,"FW,MF",Bristol City,29,1995,0.4,0,0,0,1,0,0,0,0,0,,,0,Matches
168,Lewie Coyle,eng ENG,DF,Hull City,28,1995,41.3,6,0,0,40,73,2,165,26,64,,,0,Matches
169,Amario Cozier-Duberry,eng ENG,MF,Blackburn Rovers,19,2005,8,0,0,0,9,10,0,18,1,10,,,0,Matches
170,Tristan Crama,fr FRA,DF,Millwall,22,2001,18.2,1,0,0,22,10,2,51,29,21,,,0,Matches
171,Charlie Crew,wls WAL,MF,Leeds United,18,2006,0.1,0,0,0,0,0,0,0,0,0,,,0,Matches
172,Ante Crnac,hr CRO,"FW,MF",Norwich City,20,2003,27.7,2,0,0,31,12,9,9,6,33,,,1,Matches
173,Matt Crooks,eng ENG,"MF,FW",Hull City,30,1994,8.8,4,1,1,25,4,5,1,3,12,,,0,Matches
174,Josh Cullen,ie IRL,MF,Burnley,28,1996,42.2,11,0,0,58,76,0,38,35,33,,,0,Matches
175,Liam Cullen,wls WAL,"MF,FW",Swansea City,25,1999,33.3,8,0,0,40,28,4,16,8,19,,,0,Matches
Rk,Player,Nation,Pos,Squad,Age,Born,90s,CrdY,CrdR,2CrdY,Fls,Fld,Off,Crs,Int,TklW,PKwon,PKcon,OG,Matches
176,Jamie Cumming,eng ENG,GK,Oxford United,24,1999,45,1,0,0,1,7,0,0,1,0,,,1,Matches
177,Luke Cundle,eng ENG,MF,Millwall,22,2002,10.9,2,0,0,29,13,1,3,8,10,,,0,Matches
178,Jesper Daland,no NOR,DF,Cardiff City,24,2000,15.9,2,0,0,12,3,2,4,11,7,,,0,Matches
179,Owen Dale,eng ENG,MF,Oxford United,25,1998,3.9,0,0,0,8,4,1,7,4,4,,,0,Matches
180,Harry Darling,eng ENG,DF,Swansea City,24,1999,37.1,4,1,0,19,54,8,2,28,15,,,0,Matches
181,Karl Darlow,wls WAL,GK,Leeds United,33,1990,7,1,0,0,1,0,0,0,0,0,,,0,Matches
182,Jay Dasilva,wls WAL,"DF,MF",Coventry City,26,1998,20.1,2,1,0,22,5,1,49,23,38,,,0,Matches
183,Adam Davies,wls WAL,GK,Sheffield United,32,1992,3,0,0,0,0,0,0,0,0,0,,,0,Matches
184,Isaak Davies,wls WAL,MF,Cardiff City,22,2001,3.2,1,0,0,4,5,1,10,1,6,,,0,Matches
185,Tom Davies,eng ENG,MF,Sheffield United,26,1998,7.5,4,0,0,9,17,0,5,5,15,,,0,Matches
186,James Debayo,eng ENG,DF,Leeds United,19,2005,0,0,0,0,0,0,0,0,0,0,,,0,Matches
187,Hannes Delcroix,ht HAI,DF,Swansea City,25,1999,9.9,2,0,0,12,4,0,1,13,20,,,0,Matches
188,Tom Dele-Bashiru,ng NGA,MF,Watford,24,1999,22.9,0,0,0,19,41,0,3,19,17,,,0,Matches
189,Karamoko Dembélé,eng ENG,MF,Queens Park Rangers,21,2003,13.2,2,0,0,11,37,4,59,6,9,,,0,Matches
190,Siriki Dembélé,ci CIV,MF,Oxford United,27,1996,15.2,2,0,0,18,46,4,38,9,19,,,0,Matches
191,Rav van den Berg,nl NED,DF,Middlesbrough,20,2004,23.6,4,1,1,15,8,1,1,24,16,,,0,Matches
192,Emmanuel Dennis,ng NGA,MF,Blackburn Rovers,26,1997,1.8,3,1,1,6,6,0,2,1,1,,,0,Matches
193,Terry Devlin,nir NIR,"DF,MF",Portsmouth,20,2003,17.4,2,0,0,18,25,2,20,37,20,,,0,Matches
194,Ousmane Diakité,ml MLI,"MF,DF",West Bromwich Albion,24,2000,9.6,1,0,0,10,17,0,0,17,16,,,0,Matches
195,Grady Diangana,cd COD,"MF,FW",West Bromwich Albion,26,1998,16.6,1,0,0,22,37,3,13,8,25,,,0,Matches
196,Robert Dickie,eng ENG,DF,Bristol City,28,1996,34.7,5,1,0,15,34,0,0,38,24,,,0,Matches
197,Seny Dieng,sn SEN,GK,Middlesbrough,29,1994,17,0,0,0,0,2,0,1,0,0,,,1,Matches
198,Anfernee Dijksteel,sr SUR,DF,Middlesbrough,27,1996,28.1,5,0,0,23,46,0,21,31,41,,,1,Matches
199,Daryl Dike,us USA,MF,West Bromwich Albion,24,2000,2.5,1,0,0,8,7,1,0,0,1,,,0,Matches
200,Jaden Dixon,eng ENG,DF,Stoke City,17,2007,0.1,0,0,0,1,0,0,0,0,0,,,0,Matches
Rk,Player,Nation,Pos,Squad,Age,Born,90s,CrdY,CrdR,2CrdY,Fls,Fld,Off,Crs,Int,TklW,PKwon,PKcon,OG,Matches
201,Elijah Dixon-Bonner,eng ENG,MF,Queens Park Rangers,23,2001,0.1,1,0,0,1,0,0,1,0,0,,,0,Matches
202,Lewis Dobbin,eng ENG,"FW,MF",Norwich City,21,2003,7.1,1,0,0,7,10,2,9,0,5,,,0,Matches
203,Lewis Dobbin,eng ENG,MF,West Bromwich Albion,21,2003,3.8,0,0,0,2,7,1,4,2,3,,,0,Matches
204,Tyrhys Dolan,eng ENG,MF,Blackburn Rovers,22,2001,35.3,12,0,0,41,54,19,63,28,39,,,0,Matches
205,Alfie Doughty,eng ENG,MF,Luton Town,24,1999,22.6,5,0,0,34,7,4,277,30,41,,,0,Matches
206,Mamadou Doumbia,ml MLI,FW,Watford,18,2006,10.8,2,0,0,25,13,9,2,3,8,,,0,Matches
207,Oliver Dovin,se SWE,GK,Coventry City,22,2002,27.4,1,0,0,0,3,0,0,0,0,,,0,Matches
208,Callum Doyle,eng ENG,DF,Norwich City,20,2003,38.2,11,0,0,32,13,0,48,54,34,,,0,Matches
209,Andre Dozzell,eng ENG,MF,Portsmouth,25,1999,31.3,11,0,0,45,18,2,47,24,32,,,0,Matches
210,Cody Drameh,eng ENG,DF,Hull City,22,2001,18.3,2,0,0,16,23,2,28,22,51,,,0,Matches
211,Shane Duffy,ie IRL,DF,Norwich City,32,1992,44.9,4,0,0,28,16,7,3,30,20,,,0,Matches
212,Jimmy Dunne,ie IRL,DF,Queens Park Rangers,26,1997,45,9,0,0,49,31,7,40,45,74,,,1,Matches
213,Leonard Duru,eng ENG,DF,Blackburn Rovers,19,2005,0,0,0,0,1,0,0,0,0,0,,,0,Matches
214,Pierre Dwomoh,be BEL,MF,Watford,20,2004,5.9,1,0,0,4,6,0,1,17,4,,,0,Matches
215,Lyndon Dykes,sct SCO,"FW,MF",Queens Park Rangers,28,1995,0.1,0,0,0,0,0,0,0,0,0,,,0,Matches
216,George Earthy,eng ENG,"MF,FW",Bristol City,19,2004,16.2,3,0,0,17,9,1,24,12,9,,,0,Matches
217,Malcolm Ebiowei,eng ENG,MF,Oxford United,20,2003,0.8,1,0,0,2,1,1,3,1,4,,,0,Matches
218,Festy Ebosele,ie IRL,"MF,DF",Watford,21,2002,8.4,7,0,0,14,17,2,18,3,21,,,0,Matches
219,Josh Eccles,eng ENG,MF,Coventry City,24,2000,26,6,0,0,36,33,1,39,21,32,,,0,Matches
220,George Edmundson,eng ENG,DF,Middlesbrough,26,1997,23.2,9,0,0,19,14,2,0,26,18,,,0,Matches
221,Joe Edwards,eng ENG,DF,Plymouth Argyle,33,1990,12.6,4,1,0,21,17,0,4,17,27,,,0,Matches
222,Kyle Edwards,eng ENG,MF,Oxford United,26,1998,2.2,0,0,0,0,5,0,8,2,1,,,0,Matches
223,Marcus Edwards,eng ENG,MF,Burnley,25,1998,10.4,1,0,0,4,24,1,26,5,5,,,0,Matches
224,Ronnie Edwards,eng ENG,"DF,MF",Queens Park Rangers,21,2003,20.2,2,0,0,19,11,0,2,29,17,,,0,Matches
225,John Egan,ie IRL,DF,Burnley,31,1992,1.8,0,0,0,2,0,0,0,0,1,,,0,Matches
Rk,Player,Nation,Pos,Squad,Age,Born,90s,CrdY,CrdR,2CrdY,Fls,Fld,Off,Crs,Int,TklW,PKwon,PKcon,OG,Matches
226,John Egan,ie IRL,DF,Hull City,31,1992,8.1,1,0,0,4,3,0,0,6,1,,,0,Matches
227,CJ Egan-Riley,eng ENG,DF,Burnley,21,2003,40,7,1,0,17,29,0,3,38,42,,,0,Matches
228,Callum Elder,au AUS,"DF,MF",Derby County,29,1995,23.9,8,0,0,35,20,5,114,27,29,,,0,Matches
229,Aidomo Emakhu,ie IRL,MF,Millwall,20,2003,7.7,3,1,0,10,16,3,25,5,12,,,0,Matches
230,Lukas Engel,dk DEN,DF,Middlesbrough,25,1998,4.1,1,0,0,4,4,0,18,5,5,,,0,Matches
231,Niall Ennis,eng ENG,FW,Stoke City,25,1999,2.2,0,0,0,4,2,1,0,0,0,,,0,Matches
232,Romain Esse,eng ENG,MF,Millwall,19,2005,22.4,4,0,0,40,63,5,69,7,44,,,0,Matches
233,Maxime Estève,fr FRA,DF,Burnley,22,2002,45.1,3,0,0,18,20,0,5,39,29,,,0,Matches
234,Oscar Estupiñan,co COL,FW,Hull City,27,1996,1.6,0,0,0,2,1,4,0,0,0,,,0,Matches
235,Ched Evans,wls WAL,FW,Preston North End,35,1988,1.1,0,0,0,2,3,0,2,0,1,,,0,Matches
236,George Evans,eng ENG,GK,Millwall,19,2005,4,0,0,0,0,0,0,0,0,0,,,0,Matches
237,Milan van Ewijk,nl NED,"DF,MF",Coventry City,23,2000,44.6,1,0,0,37,40,3,129,60,72,,,0,Matches
238,Malachi Fagan-Walcott,eng ENG,DF,Cardiff City,22,2002,0.3,0,0,0,0,0,0,0,0,1,,,0,Matches
239,Akin Famewo,eng ENG,DF,Sheffield Weds,25,1998,10.4,2,0,0,10,14,0,0,24,11,,,0,Matches
240,Lamine Fanne,es ESP,"MF,FW",Luton Town,20,2004,6.5,1,0,0,15,10,1,4,6,3,,,0,Matches
241,Jacob Farrell,au AUS,DF,Portsmouth,21,2002,1,0,0,0,0,1,0,1,5,1,,,0,Matches
242,Christian Fassnacht,ch SUI,FW,Norwich City,30,1993,0.9,0,0,0,3,0,0,1,0,1,,,0,Matches
243,Tom Fellows,eng ENG,MF,West Bromwich Albion,21,2003,31.9,4,0,0,20,45,5,126,9,20,,,0,Matches
244,Marselino Ferdinan,id IDN,MF,Oxford United,19,2004,0.2,0,0,0,0,1,0,0,0,1,,,0,Matches
245,Sam Field,eng ENG,MF,Queens Park Rangers,26,1998,32.3,8,0,0,28,40,1,5,38,41,,,0,Matches
246,Tegan Finn,,MF,Plymouth Argyle,,,1.6,0,0,0,3,2,0,3,4,1,,,0,Matches
247,Junior Firpo,do DOM,DF,Leeds United,27,1996,29.1,7,0,0,46,42,9,63,37,31,,,1,Matches
248,Will Fish,eng ENG,DF,Cardiff City,21,2003,15.3,4,0,0,14,9,0,3,18,10,,,1,Matches
249,Kellen Fisher,eng ENG,"DF,MF",Norwich City,20,2004,29.9,10,0,0,50,46,1,48,36,48,,,0,Matches
250,Zian Flemming,nl NED,FW,Burnley,25,1998,26.9,3,0,0,57,51,12,10,6,14,,,0,Matches
Rk,Player,Nation,Pos,Squad,Age,Born,90s,CrdY,CrdR,2CrdY,Fls,Fld,Off,Crs,Int,TklW,PKwon,PKcon,OG,Matches
251,Tyrese Fornah,sl SLE,MF,Derby County,24,1999,0.1,0,0,0,0,0,0,0,0,0,,,0,Matches
252,Adam Forshaw,eng ENG,MF,Plymouth Argyle,32,1991,7.6,5,1,1,14,15,0,7,5,13,,,0,Matches
253,Adam Forshaw,eng ENG,MF,Blackburn Rovers,32,1991,6.3,2,0,0,7,11,0,3,6,11,,,0,Matches
254,Amankwah Forson,gh GHA,"MF,FW",Norwich City,21,2002,8.1,2,0,0,9,11,0,7,3,9,,,1,Matches
255,Marcus Forss,fi FIN,"MF,FW",Middlesbrough,25,1999,7.4,1,0,0,7,3,2,10,6,8,,,0,Matches
256,Craig Forsyth,sct SCO,"DF,MF",Derby County,35,1989,28.4,4,0,0,17,17,2,35,37,25,,,0,Matches
257,Gabriel Forsyth,sct SCO,MF,Norwich City,17,2006,1.8,0,0,0,8,5,0,11,2,2,,,0,Matches
258,Lyle Foster,za RSA,"FW,MF",Burnley,23,2000,17.7,4,0,0,30,16,6,6,2,13,,,0,Matches
259,Morgan Fox,wls WAL,DF,Queens Park Rangers,30,1993,14.9,3,0,0,8,3,0,6,10,15,,,2,Matches
260,Gianluca Frabotta,it ITA,"DF,MF",West Bromwich Albion,25,1999,0.7,0,0,0,0,0,0,3,1,4,,,0,Matches
261,Gonçalo Franco,pt POR,MF,Swansea City,23,2000,34.9,6,0,0,69,44,2,33,42,72,,,0,Matches
262,Michael Frey,ch SUI,FW,Queens Park Rangers,30,1994,19.8,6,0,0,46,24,20,2,5,14,,,0,Matches
263,Dael Fry,eng ENG,DF,Middlesbrough,26,1997,15.7,1,0,0,12,7,3,0,20,2,,,0,Matches
264,Mads Frøkjær-Jensen,dk DEN,"MF,FW",Preston North End,25,1999,26.2,8,0,0,55,15,3,51,13,19,,,0,Matches
265,Leo Fuhr Hjelde,no NOR,DF,Sunderland,20,2003,4.6,3,0,0,10,0,0,6,4,7,,,0,Matches
266,Jay Fulton,sct SCO,MF,Swansea City,30,1994,14.3,6,0,0,29,14,3,5,14,15,,,0,Matches
267,Darnell Furlong,eng ENG,DF,West Bromwich Albion,28,1995,41.2,8,1,0,46,72,2,83,31,25,,,1,Matches
268,Sam Gallagher,eng ENG,"FW,MF",Stoke City,28,1995,11.4,5,0,0,23,13,8,7,2,9,,,0,Matches
269,Brendan Galloway,zw ZIM,DF,Plymouth Argyle,28,1996,10.9,0,0,0,13,10,0,6,22,22,,,1,Matches
270,Ben Gannon-Doak,sct SCO,MF,Middlesbrough,18,2005,19.8,7,0,0,26,25,14,49,6,18,,,0,Matches
271,Djeidi Gassama,fr FRA,MF,Sheffield Weds,20,2003,33.1,4,0,0,54,110,10,42,11,32,,,0,Matches
272,Joe Gelhardt,eng ENG,"FW,MF",Leeds United,22,2002,0.1,0,0,0,1,1,0,0,0,0,,,0,Matches
273,Joe Gelhardt,eng ENG,"MF,FW",Hull City,22,2002,17.7,4,0,0,25,33,0,58,3,11,,,0,Matches
274,Anwar El Ghazi,nl NED,"MF,FW",Cardiff City,29,1995,13.1,0,0,0,14,19,8,37,2,6,,,0,Matches
275,Liam Gibbs,eng ENG,MF,Norwich City,21,2002,2.4,0,0,0,4,1,0,11,0,1,,,0,Matches
Rk,Player,Nation,Pos,Squad,Age,Born,90s,CrdY,CrdR,2CrdY,Fls,Fld,Off,Crs,Int,TklW,PKwon,PKcon,OG,Matches
276,Ben Gibson,eng ENG,DF,Stoke City,31,1993,21.6,6,0,0,15,13,3,0,18,5,,,2,Matches
277,Lewis Gibson,eng ENG,DF,Preston North End,24,2000,18.2,2,0,0,11,19,1,7,26,20,,,0,Matches
278,Lewis Gibson,eng ENG,DF,Plymouth Argyle,24,2000,18,1,0,0,6,16,0,3,19,21,,,0,Matches
279,Alexander Gilbert,ie IRL,MF,Middlesbrough,22,2001,0.9,0,0,0,2,0,0,5,0,0,,,0,Matches
280,Alfie Gilchrist,eng ENG,DF,Sheffield United,20,2003,23.4,5,0,0,25,12,0,23,28,31,,,0,Matches
281,Ryan Giles,eng ENG,DF,Middlesbrough,24,2000,3.4,0,0,0,1,0,0,19,2,4,,,1,Matches
282,Ryan Giles,eng ENG,DF,Hull City,24,2000,10,0,0,0,2,2,1,61,4,4,,,0,Matches
283,Josh Ginnelly,eng ENG,"FW,MF",Swansea City,27,1997,0.4,0,0,0,0,3,0,5,0,0,,,0,Matches
284,Tom Glover,au AUS,GK,Middlesbrough,26,1997,6.3,0,0,0,0,2,0,0,0,1,,,0,Matches
285,Wilfried Gnonto,it ITA,MF,Leeds United,20,2003,25.3,5,0,0,30,62,14,42,15,11,,,0,Matches
286,Lynden Gooch,us USA,"DF,MF",Stoke City,28,1995,11.5,3,0,0,13,4,0,62,14,22,,,0,Matches
287,Tyler Goodhram,eng ENG,MF,Oxford United,20,2003,33.9,5,0,0,49,43,5,95,22,42,,,0,Matches
288,Will Goodwin,eng ENG,FW,Oxford United,22,2002,0.3,0,0,0,0,1,0,0,0,0,,,0,Matches
289,Kaide Gordon,eng ENG,FW,Norwich City,19,2004,2,1,0,0,3,5,2,7,2,5,,,0,Matches
290,Kaide Gordon,eng ENG,FW,Portsmouth,19,2004,1.7,0,0,0,2,1,0,8,1,4,,,0,Matches
291,Kenzo Goudmijn,nl NED,MF,Derby County,22,2001,25.8,4,0,0,28,21,1,92,19,23,,,0,Matches
292,Dimitris Goutas,gr GRE,DF,Cardiff City,30,1994,32.4,3,1,0,19,6,1,1,38,20,,,0,Matches
293,Karlan Grant,eng ENG,"MF,FW",West Bromwich Albion,26,1997,32.6,2,0,0,21,30,19,107,18,17,,,0,Matches
294,Andre Gray,jm JAM,FW,Plymouth Argyle,33,1991,6.1,1,0,0,6,5,8,2,1,2,,,0,Matches
295,Harry Gray,eng ENG,FW,Leeds United,15,2008,0.1,0,0,0,1,0,0,0,0,0,,,0,Matches
296,Sam Greenwood,eng ENG,"MF,FW",Preston North End,22,2002,27,9,2,1,59,50,8,135,8,26,,,0,Matches
297,Joshua Griffiths,eng ENG,GK,West Bromwich Albion,22,2001,6,0,0,0,0,1,0,0,0,0,,,0,Matches
298,Matt Grimes,eng ENG,MF,Coventry City,29,1995,15.2,4,0,0,10,13,0,58,10,17,,,0,Matches
299,Matt Grimes,eng ENG,MF,Swansea City,29,1995,29,4,0,0,13,32,0,105,24,29,,,0,Matches
300,Daniel Grimshaw,eng ENG,GK,Plymouth Argyle,26,1998,21,2,0,0,0,1,0,0,0,0,,,0,Matches
Rk,Player,Nation,Pos,Squad,Age,Born,90s,CrdY,CrdR,2CrdY,Fls,Fld,Off,Crs,Int,TklW,PKwon,PKcon,OG,Matches
301,Ilia Gruev,bg BUL,MF,Leeds United,24,2000,18.9,3,0,0,25,13,0,80,18,22,,,0,Matches
302,Makhtar Gueye,sn SEN,FW,Blackburn Rovers,26,1997,24.4,10,1,1,65,24,20,12,7,13,,,0,Matches
303,Josuha Guilavogui,fr FRA,"DF,MF",Leeds United,33,1990,0.7,0,0,0,1,1,0,0,2,4,,,0,Matches
304,Angus Gunn,sct SCO,GK,Norwich City,28,1996,34.5,1,0,0,0,8,0,0,0,1,,,0,Matches
305,Darko Gyabi,eng ENG,MF,Plymouth Argyle,20,2004,31.6,10,0,0,50,69,0,6,21,49,,,0,Matches
306,Hayden Hackney,eng ENG,MF,Middlesbrough,22,2002,42.1,9,1,1,76,62,1,34,29,57,,,0,Matches
307,Rami Al Hajj,se SWE,MF,Plymouth Argyle,22,2001,15.3,1,0,0,12,13,2,7,6,19,,,0,Matches
308,Ali Al Hamadi,iq IRQ,FW,Stoke City,22,2002,9.2,2,0,0,17,14,2,2,1,7,,,0,Matches
309,Gustavo Hamer,nl NED,MF,Sheffield United,27,1997,34.7,13,0,0,60,43,2,138,28,30,,,0,Matches
310,Micah Hamilton,eng ENG,MF,Middlesbrough,20,2003,3.5,0,0,0,2,5,0,5,0,4,,,0,Matches
311,Grant Hanley,sct SCO,DF,Norwich City,32,1991,0.9,0,0,0,0,0,0,0,0,1,,,0,Matches
312,Ryan Hardie,sct SCO,"FW,MF",Plymouth Argyle,27,1997,25.2,0,0,0,15,10,20,14,6,7,,,0,Matches
313,Wes Harding,jm JAM,DF,Millwall,27,1996,2.1,1,0,0,1,0,0,7,1,3,,,0,Matches
314,Marcus Harness,eng ENG,"MF,FW",Derby County,28,1996,26.2,11,0,0,56,14,6,89,13,31,,,0,Matches
315,Mark Harris,wls WAL,FW,Oxford United,25,1998,32.1,3,0,0,50,26,29,4,3,20,,,0,Matches
316,Daiki Hashioka,jp JPN,"DF,MF",Luton Town,25,1999,13.4,3,0,0,14,16,1,24,15,22,,,0,Matches
317,Joseph Hatch,wls WAL,MF,Plymouth Argyle,17,2006,0,0,0,0,0,0,0,0,0,0,,,0,Matches
318,Ryo Hatsuse,jp JPN,DF,Sheffield Weds,27,1997,3.9,1,0,0,7,2,0,19,2,4,,,0,Matches
319,Isaac Hayden,jm JAM,MF,Portsmouth,29,1995,10.4,2,0,0,22,7,1,10,8,18,,,0,Matches
320,Conor Hazard,nir NIR,GK,Plymouth Argyle,26,1998,25,4,0,0,0,3,0,0,1,0,,,0,Matches
321,Ryan Hedges,wls WAL,MF,Blackburn Rovers,29,1995,28.5,4,0,0,46,41,4,79,32,44,,,0,Matches
322,Torbjørn Heggem,no NOR,DF,West Bromwich Albion,25,1999,44.6,3,0,0,22,19,0,28,29,48,,,1,Matches
323,Michał Helik,pl POL,DF,Oxford United,28,1995,20,4,0,0,15,15,2,2,21,11,,,1,Matches
324,Onel Hernández,cu CUB,FW,Norwich City,31,1993,7.1,2,0,0,7,9,2,28,3,4,,,0,Matches
325,Brad Hills,eng ENG,DF,Norwich City,20,2004,0.2,0,0,0,0,0,0,0,0,0,,,0,Matches
Rk,Player,Nation,Pos,Squad,Age,Born,90s,CrdY,CrdR,2CrdY,Fls,Fld,Off,Crs,Int,TklW,PKwon,PKcon,OG,Matches
326,Yu Hirakawa,jp JPN,MF,Bristol City,23,2001,18.4,0,0,0,12,39,2,84,5,22,,,0,Matches
327,Václav Hladký,cz CZE,GK,Burnley,33,1990,1,0,0,0,0,0,0,0,0,0,,,0,Matches
328,Rob Holding,eng ENG,DF,Sheffield United,28,1995,4.7,1,0,0,2,3,0,1,5,4,,,0,Matches
329,Mason Holgate,jm JAM,DF,West Bromwich Albion,27,1996,22,2,0,0,19,24,1,9,27,19,,,1,Matches
330,Duane Holmes,us USA,MF,Preston North End,29,1994,9.3,4,0,0,15,25,1,25,5,13,,,0,Matches
331,Tom Holmes,eng ENG,DF,Luton Town,24,2000,14.6,4,1,1,14,3,0,9,16,20,,,0,Matches
332,George Honeyman,eng ENG,MF,Millwall,29,1994,26.9,7,0,0,48,47,10,115,20,55,,,0,Matches
333,Ethan Horvath,us USA,GK,Cardiff City,29,1995,17,0,0,0,0,4,0,0,0,0,,,1,Matches
334,Jordan Houghton,eng ENG,MF,Plymouth Argyle,28,1995,17,2,0,0,25,18,0,9,8,24,,,0,Matches
335,Andreas Hountondji,bj BEN,"MF,FW",Burnley,22,2002,2.3,0,0,0,2,1,1,0,0,1,,,0,Matches
336,Jonny Howson,eng ENG,"DF,MF",Middlesbrough,36,1988,15.5,0,0,0,6,7,1,12,20,17,,,0,Matches
337,Andrew Hughes,wls WAL,"DF,MF",Preston North End,32,1992,36,8,0,0,46,29,2,41,37,39,,,0,Matches
338,Charlie Hughes,eng ENG,DF,Hull City,20,2003,26.1,9,0,0,30,18,0,10,39,18,,,0,Matches
339,Trai Hume,nir NIR,DF,Sunderland,22,2002,42.3,11,1,0,43,32,3,136,50,76,,,0,Matches
340,Bashir Humphreys,eng ENG,DF,Burnley,21,2003,19.7,3,1,1,12,25,0,25,20,30,,,0,Matches
341,Shaun Hutchinson,eng ENG,DF,Millwall,33,1990,4.4,1,0,0,7,5,1,0,3,9,,,0,Matches
342,Dominic Hyam,sct SCO,DF,Blackburn Rovers,28,1995,46,5,0,0,27,23,6,3,29,26,,,0,Matches
343,Adam Idah,ie IRL,FW,Norwich City,23,2001,0.3,0,0,0,0,0,1,2,0,0,,,0,Matches
344,Kelechi Iheanacho,ng NGA,"MF,FW",Middlesbrough,27,1996,8.5,0,0,0,11,2,2,4,0,8,,,0,Matches
345,Michael Ihiekwe,eng ENG,DF,Sheffield Weds,31,1992,20.2,2,0,0,15,15,4,0,24,13,,,0,Matches
346,Samuel Iling-Junior,eng ENG,"DF,MF",Middlesbrough,20,2003,11.7,2,0,0,19,12,0,60,11,16,,,0,Matches
347,Tom Ince,eng ENG,MF,Watford,32,1992,14.3,1,0,0,13,13,3,16,8,10,,,0,Matches
348,Svante Ingelsson,se SWE,MF,Sheffield Weds,26,1998,18.8,5,0,0,31,11,4,57,13,31,,,0,Matches
349,Matt Ingram,eng ENG,GK,Oxford United,30,1993,1,0,0,0,0,0,0,0,0,0,,,0,Matches
350,Dominic Iorfa,eng ENG,DF,Sheffield Weds,29,1995,15.9,4,0,0,25,15,4,1,22,12,,,0,Matches
Rk,Player,Nation,Pos,Squad,Age,Born,90s,CrdY,CrdR,2CrdY,Fls,Fld,Off,Crs,Int,TklW,PKwon,PKcon,OG,Matches
351,Wilson Isidor,fr FRA,FW,Sunderland,23,2000,34.6,9,0,0,27,27,34,14,7,6,,,0,Matches
352,Frederick Issaka,wls WAL,MF,Plymouth Argyle,18,2006,6.6,0,1,0,9,7,3,8,4,6,,,0,Matches
353,Mihailo Ivanović,rs SRB,"FW,MF",Millwall,19,2004,24.2,2,0,0,38,21,15,13,3,10,,,0,Matches
354,Kayden Jackson,eng ENG,"MF,FW",Derby County,30,1994,28.6,6,0,0,32,34,13,77,14,23,,,0,Matches
355,Matty Jacob,eng ENG,DF,Hull City,23,2001,5,2,0,0,10,4,0,5,5,5,,,0,Matches
356,Daniel James,wls WAL,MF,Leeds United,26,1997,29,4,0,0,22,37,10,169,5,14,,,0,Matches
357,William Jarvis,eng ENG,MF,Hull City,21,2002,1.8,0,0,0,3,8,0,3,0,4,,,0,Matches
358,Daniel Jebbison,ca CAN,FW,Watford,20,2003,4.3,2,0,0,4,7,5,1,0,2,,,0,Matches
359,Lukas Jensen,dk DEN,GK,Millwall,25,1999,41,1,0,0,0,4,0,0,0,1,,,0,Matches
360,Eom Jisung,kr KOR,MF,Swansea City,22,2002,25.4,2,0,0,27,42,12,124,16,22,,,0,Matches
361,Viktor Johansson,se SWE,GK,Stoke City,25,1998,46,4,0,0,0,14,0,0,0,0,,,1,Matches
362,Daniel Johnson,jm JAM,MF,Stoke City,31,1992,0.1,0,0,0,0,0,0,0,0,0,,,0,Matches
363,Joseph Johnson,eng ENG,"DF,MF",Luton Town,18,2006,5.2,3,1,1,5,3,0,9,2,6,,,0,Matches
364,Marvin Johnson,eng ENG,"MF,DF",Sheffield Weds,33,1990,31.1,3,0,0,32,31,1,158,28,32,,,0,Matches
365,Michael Johnston,ie IRL,MF,West Bromwich Albion,25,1999,23,3,0,0,15,19,11,98,11,17,,,0,Matches
366,Alfie Jones,ca CAN,DF,Hull City,26,1997,37.7,8,0,0,24,15,2,5,39,22,,,1,Matches
367,Harrison Jones,eng ENG,MF,Sunderland,19,2004,1.5,1,0,0,1,1,0,6,0,2,,,0,Matches
368,Isaiah Jones,gy GUY,MF,Middlesbrough,25,1999,8.8,1,0,0,9,17,3,25,5,12,,,0,Matches
369,Isaiah Jones,gy GUY,MF,Luton Town,25,1999,14.6,4,0,0,23,22,1,37,13,18,,,0,Matches
370,Kyle Joseph,sct SCO,"FW,MF",Hull City,22,2001,11.2,0,0,0,15,4,5,12,4,9,,,0,Matches
371,Mateo Joseph,es ESP,FW,Leeds United,20,2003,14.3,0,0,0,11,16,4,6,3,7,,,0,Matches
372,Mads Juel Andersen,dk DEN,DF,Luton Town,26,1997,4.6,3,0,0,4,1,1,1,5,3,,,0,Matches
373,Bae Junho,kr KOR,MF,Stoke City,20,2003,36.2,5,0,0,36,58,4,96,34,49,,,0,Matches
374,Matěj Jurásek,cz CZE,FW,Norwich City,20,2003,0.9,0,0,0,4,1,0,4,0,0,,,0,Matches
375,Abdoulaye Kamara,gn GUI,MF,Portsmouth,19,2004,1.4,1,0,0,2,0,0,1,0,3,,,0,Matches
Rk,Player,Nation,Pos,Squad,Age,Born,90s,CrdY,CrdR,2CrdY,Fls,Fld,Off,Crs,Int,TklW,PKwon,PKcon,OG,Matches
376,Abu Kamara,eng ENG,"FW,MF",Norwich City,21,2003,0.2,0,0,0,1,0,0,0,1,1,,,0,Matches
377,Abu Kamara,eng ENG,"MF,FW",Hull City,21,2003,25.1,1,0,0,19,28,6,55,15,25,,,0,Matches
378,Thomas Kaminski,be BEL,GK,Luton Town,31,1992,44.3,5,1,1,2,3,0,0,0,0,,,0,Matches
379,Wilfried Kanga,ci CIV,FW,Cardiff City,26,1998,5.1,0,0,0,11,2,6,1,0,0,,,0,Matches
380,Augustus Kargbo,sl SLE,MF,Blackburn Rovers,24,1999,2.1,0,0,0,8,2,1,7,1,5,,,0,Matches
381,Nikola Katić,ba BIH,DF,Plymouth Argyle,27,1996,13.6,2,0,0,16,6,0,1,17,20,,,0,Matches
382,Edo Kayembe,cd COD,"MF,FW",Watford,26,1998,35.5,11,1,1,41,23,4,33,16,26,,,0,Matches
383,Will Keane,ie IRL,"FW,MF",Preston North End,31,1993,12.5,0,0,0,22,11,5,2,3,3,,,0,Matches
384,Kévin Keben Biakolo,cm CMR,DF,Watford,20,2004,2.8,0,1,0,4,0,0,1,0,4,,,0,Matches
385,Daniel Kelly,sct SCO,MF,Millwall,18,2005,0.2,0,0,0,0,0,0,0,0,0,,,0,Matches
386,Kaine Kesler-Hayden,eng ENG,"MF,DF",Preston North End,21,2002,40.8,6,0,0,22,72,6,48,23,41,,,0,Matches
387,Josh Key,eng ENG,DF,Swansea City,24,1999,38.5,3,0,0,31,37,5,111,33,32,,,0,Matches
388,Ben Killip,eng ENG,GK,Portsmouth,28,1995,2,0,0,0,0,0,0,0,0,0,,,0,Matches
389,Peter Kioso,cd COD,DF,Oxford United,25,1998,25.6,6,0,0,33,48,1,31,37,33,,,0,Matches
390,Liam Kitching,eng ENG,DF,Coventry City,24,1999,25.4,7,0,0,23,22,4,6,19,19,,,1,Matches
391,Jason Knight,ie IRL,MF,Bristol City,23,2001,46,6,0,0,44,81,1,48,44,42,,,0,Matches
392,Olaf Kobacki,pl POL,"FW,MF",Sheffield Weds,23,2001,4.1,1,0,0,9,4,0,4,2,7,,,0,Matches
393,Luca Koleosho,it ITA,MF,Burnley,19,2004,18.6,4,0,0,44,15,5,74,8,17,,,0,Matches
394,Rayan Kolli,dz ALG,"FW,MF",Queens Park Rangers,19,2005,9.1,2,0,0,12,18,10,11,5,6,,,0,Matches
395,Lewis Koumas,wls WAL,MF,Stoke City,18,2005,27.1,5,0,0,33,19,15,40,9,33,,,0,Matches
396,Ronan Kpakio,wls WAL,DF,Cardiff City,17,2007,1.2,0,0,0,3,1,0,2,1,4,,,0,Matches
397,Tom Krauß,de GER,MF,Luton Town,23,2001,17.8,1,0,0,33,17,0,11,17,53,,,0,Matches
398,Paddy Lane,nir NIR,MF,Portsmouth,23,2001,11.9,2,0,0,6,14,4,39,4,9,,,0,Matches
399,Callum Lang,eng ENG,MF,Portsmouth,25,1998,27.1,9,0,0,47,53,9,54,12,18,,,0,Matches
400,Sondre Langås,no NOR,DF,Derby County,23,2001,12.4,3,0,0,14,4,0,1,11,12,,,0,Matches
Rk,Player,Nation,Pos,Squad,Age,Born,90s,CrdY,CrdR,2CrdY,Fls,Fld,Off,Crs,Int,TklW,PKwon,PKcon,OG,Matches
401,Macaulay Langstaff,eng ENG,FW,Millwall,27,1997,15.4,0,0,0,14,16,12,12,2,5,,,0,Matches
402,Will Lankshear,eng ENG,FW,West Bromwich Albion,19,2005,3.9,2,0,0,5,14,4,0,1,1,,,0,Matches
403,Yasser Larouci,dz ALG,"MF,DF",Watford,23,2001,23.7,3,0,0,27,26,5,88,31,19,,,0,Matches
404,Joël Latibeaudière,jm JAM,DF,Coventry City,24,2000,28.6,5,0,0,30,37,1,9,27,32,,,1,Matches
405,Emmanuel Latte Lath,ci CIV,FW,Middlesbrough,25,1999,19.6,3,0,0,29,19,25,3,5,13,,,0,Matches
406,Josh Laurent,eng ENG,MF,Stoke City,29,1995,3,3,0,0,5,2,0,3,3,5,,,0,Matches
407,Josh Laurent,eng ENG,MF,Burnley,29,1995,27.2,4,0,0,40,31,1,17,28,34,,,0,Matches
408,Mohammed Lawal,ie IRL,DF,Stoke City,21,2003,2.3,0,0,0,3,6,1,1,2,3,,,0,Matches
409,Dylan Lawlor,wls WAL,DF,Cardiff City,18,2006,0.6,0,0,0,0,1,0,0,2,1,,,0,Matches
410,Enzo Le Fée,fr FRA,MF,Sunderland,24,2000,11.1,2,0,0,14,19,2,62,15,22,,,0,Matches
411,Tom Leahy,eng ENG,FW,Millwall,20,2004,0,0,0,0,0,0,0,0,0,0,,,0,Matches
412,Ryan Ledson,eng ENG,MF,Preston North End,26,1997,13.5,7,0,0,34,19,2,27,10,23,,,0,Matches
413,Greg Leigh,jm JAM,"DF,MF",Oxford United,29,1994,26,1,0,0,7,14,5,48,33,22,,,0,Matches
414,Harry Leonard,eng ENG,FW,Blackburn Rovers,20,2003,1.7,0,0,0,3,0,2,0,1,0,,,0,Matches
415,Ryan Leonard,eng ENG,DF,Millwall,32,1992,29.2,8,0,0,43,41,0,60,39,50,,,0,Matches
416,Lincoln,br BRA,MF,Hull City,25,1998,4.7,0,0,0,5,4,3,15,3,6,,,0,Matches
417,Liam Lindsay,sct SCO,DF,Preston North End,28,1995,29,10,2,2,40,22,4,1,46,23,,,0,Matches
418,Alfie Lloyd,eng ENG,"MF,FW",Queens Park Rangers,21,2003,8.3,4,0,0,22,19,4,3,1,9,,,0,Matches
419,Ben Lloyd,wls WAL,FW,Swansea City,19,2005,0.1,0,0,0,2,0,0,1,0,0,,,0,Matches
420,George Long,eng ENG,GK,Norwich City,30,1993,8.5,0,0,0,1,0,0,0,0,0,,,0,Matches
421,Sam Long,eng ENG,DF,Oxford United,29,1995,18.4,2,0,0,10,11,2,11,26,17,,,0,Matches
422,Ryan Longman,eng ENG,"MF,FW",Hull City,23,2000,5.3,0,0,0,5,0,1,21,2,8,,,0,Matches
423,Imran Louza,ma MAR,MF,Watford,25,1999,29.7,11,0,0,62,35,2,143,34,39,,,0,Matches
424,Jamal Lowe,jm JAM,"FW,MF",Sheffield Weds,30,1994,10.7,2,0,0,24,10,6,4,4,7,,,0,Matches
425,Max Lowe,eng ENG,DF,Sheffield Weds,27,1997,29.8,2,0,0,34,8,0,12,42,57,,,0,Matches
Rk,Player,Nation,Pos,Squad,Age,Born,90s,CrdY,CrdR,2CrdY,Fls,Fld,Off,Crs,Int,TklW,PKwon,PKcon,OG,Matches
426,Nathan Lowe,eng ENG,"FW,MF",Stoke City,18,2005,5.2,2,0,0,7,5,8,2,1,4,,,0,Matches
427,Lucas,br BRA,DF,Burnley,23,2001,31,7,0,0,27,10,3,112,49,41,,,0,Matches
428,Nicolas Madsen,dk DEN,MF,Queens Park Rangers,24,2000,19.5,2,0,0,17,13,0,62,11,13,,,0,Matches
429,Lucien Mahovo,eng ENG,DF,Norwich City,19,2005,5.8,0,0,0,7,3,0,23,3,7,,,0,Matches
430,Josh Maja,ng NGA,FW,West Bromwich Albion,25,1998,22.8,2,0,0,13,32,4,3,11,8,,,0,Matches
431,Christ Makosso,cg CGO,DF,Luton Town,20,2004,10.6,0,0,0,13,4,0,10,6,8,,,0,Matches
432,Million Manhoef,nl NED,"MF,FW",Stoke City,22,2002,26.9,1,0,0,29,27,10,135,5,14,,,0,Matches
433,Sivert Mannsverk,no NOR,MF,Cardiff City,22,2002,11.2,4,0,0,18,6,0,7,16,14,,,0,Matches
434,Benson Manuel,ao ANG,"FW,MF",Burnley,27,1997,0.5,1,0,0,0,3,0,4,0,2,,,0,Matches
435,Emiliano Marcondes,dk DEN,"MF,FW",Norwich City,29,1995,25.3,5,0,0,37,47,6,73,23,27,,,0,Matches
436,Ephron Mason-Clark,eng ENG,"MF,FW",Coventry City,24,1999,18.1,2,0,0,31,30,16,48,6,14,,,0,Matches
437,Han-Noah Massengo,fr FRA,MF,Burnley,23,2001,1.1,1,0,0,2,1,0,2,1,2,,,0,Matches
438,Zavier Massiah,eng ENG,FW,Watford,17,2007,0.6,0,0,0,2,1,0,0,0,1,,,0,Matches
439,Eliot Matazo,be BEL,MF,Hull City,22,2002,3.3,1,0,0,6,6,1,9,3,2,,,0,Matches
440,Alex Matos,eng ENG,"MF,FW",Oxford United,19,2004,10.4,5,0,0,28,25,1,4,20,28,,,0,Matches
441,Hayden Matthews,au AUS,DF,Portsmouth,20,2004,3.5,0,0,0,1,1,0,1,1,5,,,0,Matches
442,Eliezer Mayenda,es ESP,"FW,MF",Sunderland,19,2005,23.9,2,0,0,19,30,11,18,5,7,,,0,Matches
443,Fally Mayulu,fr FRA,FW,Bristol City,22,2002,4.5,0,0,0,12,4,4,0,0,3,,,0,Matches
444,Sam McCallum,eng ENG,"DF,MF",Sheffield United,23,2000,11.7,1,0,0,8,17,0,29,22,13,,,0,Matches
445,Alistair McCann,nir NIR,MF,Preston North End,24,1999,26.9,9,0,0,44,24,1,15,26,68,,,0,Matches
446,Ruairi Mcconville,nir NIR,DF,Norwich City,19,2005,2.3,0,0,0,5,1,0,0,4,3,,,0,Matches
447,George McCormick,eng ENG,DF,Middlesbrough,19,2005,0,0,0,0,0,0,0,0,0,0,,,0,Matches
448,Ross McCrorie,sct SCO,"MF,DF",Bristol City,26,1998,16.4,10,1,1,34,17,6,37,22,33,,,0,Matches
449,Josh McEachran,eng ENG,MF,Oxford United,31,1993,5.6,1,0,0,4,3,0,14,6,8,,,0,Matches
450,Kyle McFadzean,sct SCO,DF,Blackburn Rovers,37,1987,0,0,0,0,0,0,0,0,0,0,,,0,Matches
Rk,Player,Nation,Pos,Squad,Age,Born,90s,CrdY,CrdR,2CrdY,Fls,Fld,Off,Crs,Int,TklW,PKwon,PKcon,OG,Matches
451,Riley McGree,au AUS,MF,Middlesbrough,25,1998,10.5,2,0,0,8,9,0,29,2,6,,,0,Matches
452,Marcus McGuane,eng ENG,MF,Bristol City,25,1999,11.8,1,0,0,13,27,0,4,8,14,,,0,Matches
453,Mark McGuinness,ie IRL,DF,Luton Town,23,2001,41.7,4,0,0,37,20,3,1,56,24,,,1,Matches
454,Tom McIntyre,sct SCO,DF,Portsmouth,25,1998,11.3,3,0,0,12,9,0,1,16,13,,,0,Matches
455,Kenny McLean,sct SCO,"MF,DF",Norwich City,32,1992,33.3,6,1,0,24,67,0,80,37,46,,,0,Matches
456,Sean McLoughlin,ie IRL,DF,Hull City,27,1996,35.7,6,0,0,22,23,3,24,41,22,,,1,Matches
457,Paddy McNair,nir NIR,DF,West Bromwich Albion,29,1995,1,0,0,0,1,0,0,0,1,1,,,0,Matches
458,Luke McNally,ie IRL,DF,Bristol City,24,1999,25.8,5,0,0,22,11,1,3,35,28,,,0,Matches
459,Luke McNally,ie IRL,DF,Burnley,24,1999,0,0,0,0,1,0,0,0,0,1,,,0,Matches
460,Dan McNamara,ie IRL,DF,Millwall,25,1998,7.6,1,0,0,6,7,0,5,13,8,,,0,Matches
461,Charlie McNeill,eng ENG,FW,Sheffield Weds,20,2003,0.6,0,0,0,2,1,0,1,1,1,,,0,Matches
462,Jayden Meghoma,eng ENG,"MF,DF",Preston North End,18,2006,8.5,1,0,0,7,2,2,18,9,11,,,0,Matches
463,Marvin Mehlem,de GER,MF,Hull City,26,1997,10,2,0,0,16,21,3,14,3,15,,,0,Matches
464,Anis Mehmeti,al ALB,"MF,FW",Bristol City,23,2001,28.4,3,0,0,43,31,9,64,7,22,,,0,Matches
465,Yakou Méïte,ci CIV,"MF,FW",Cardiff City,28,1996,13.3,1,0,0,22,20,5,17,8,15,,,0,Matches
466,Hannibal Mejbri,tn TUN,MF,Burnley,21,2003,21.4,8,1,0,53,57,5,43,10,23,,,0,Matches
467,Nathaniel Mendez-Laing,gt GUA,"MF,FW",Derby County,32,1992,23.3,4,0,0,16,16,8,155,23,35,,,0,Matches
468,Teden Mengi,eng ENG,DF,Luton Town,22,2002,17.4,3,0,0,11,5,0,8,29,19,,,0,Matches
469,Chris Mepham,wls WAL,DF,Sunderland,26,1997,36.4,10,1,0,40,10,1,0,32,30,,,0,Matches
470,Illan Meslier,fr FRA,GK,Leeds United,24,2000,39,0,0,0,0,11,0,0,0,0,,,1,Matches
471,Liam Millar,ca CAN,"MF,FW",Hull City,24,1999,6.9,3,0,0,11,10,1,37,4,7,,,0,Matches
472,Stanley Mills,eng ENG,MF,Oxford United,20,2003,3.9,2,0,0,4,4,1,19,1,11,,,0,Matches
473,Yang Minhyeok,kr KOR,"MF,FW",Queens Park Rangers,18,2006,7.7,1,0,0,9,7,3,11,8,7,,,0,Matches
474,Billy Mitchell,eng ENG,MF,Millwall,24,2000,9.9,1,0,0,11,4,0,14,14,16,,,0,Matches
475,Idris El Mizouni,tn TUN,MF,Oxford United,23,2000,13.8,2,0,0,20,7,1,6,14,22,,,0,Matches
Rk,Player,Nation,Pos,Squad,Age,Born,90s,CrdY,CrdR,2CrdY,Fls,Fld,Off,Crs,Int,TklW,PKwon,PKcon,OG,Matches
476,Ryan Mmaee,ma MAR,FW,Stoke City,26,1997,1.2,0,0,0,1,3,0,0,0,0,,,0,Matches
477,Jayson Molumby,ie IRL,MF,West Bromwich Albion,24,1999,30,11,1,0,42,43,1,21,26,31,,,0,Matches
478,Kristi Montgomery,sct SCO,DF,Blackburn Rovers,20,2004,1.5,2,1,1,2,0,0,2,2,2,,,0,Matches
479,Elliott Moore,eng ENG,DF,Oxford United,27,1997,22.9,7,0,0,15,4,0,0,15,11,,,0,Matches
480,Kieffer Moore,wls WAL,FW,Sheffield United,31,1992,19.6,1,0,0,30,24,12,6,4,9,,,0,Matches
481,Simon Moore,eng ENG,GK,Sunderland,34,1990,4,1,0,0,0,1,0,0,0,0,,,0,Matches
482,Andrew Moran,ie IRL,MF,Stoke City,20,2003,26.2,9,0,0,35,34,4,11,18,43,,,0,Matches
483,Kieran Morgan,eng ENG,MF,Queens Park Rangers,18,2006,17.6,5,0,0,28,9,0,20,10,13,,,0,Matches
484,Aidan Morris,us USA,MF,Middlesbrough,22,2001,32.4,4,0,0,33,73,1,15,33,65,,,0,Matches
485,Carlton Morris,eng ENG,"FW,MF",Luton Town,28,1995,34.7,10,0,0,61,60,28,25,5,9,,,0,Matches
486,James Morris,eng ENG,DF,Watford,22,2001,12.1,3,0,0,10,2,0,10,9,20,,,0,Matches
487,Elijah Morrison,eng ENG,MF,Bristol City,18,2006,0.4,1,0,0,2,0,0,2,1,2,,,0,Matches
488,Liam Morrison,sct SCO,DF,Queens Park Rangers,21,2003,14.5,3,0,0,12,4,0,0,15,11,,,0,Matches
489,Victor Moses,ng NGA,MF,Luton Town,33,1990,12.6,0,0,0,10,24,5,45,8,18,,,0,Matches
490,Alex Mowatt,eng ENG,MF,West Bromwich Albion,29,1995,37.2,5,0,0,27,58,0,119,24,40,,,0,Matches
491,Owen Moxon,eng ENG,MF,Portsmouth,26,1998,3.1,3,0,0,10,2,1,10,1,6,,,0,Matches
492,Bali Mumba,eng ENG,"MF,DF",Plymouth Argyle,22,2001,37.7,3,0,0,32,46,6,48,21,59,,,0,Matches
493,Romaine Mundle,eng ENG,"MF,FW",Sunderland,21,2003,15.9,1,0,0,32,37,2,80,7,19,,,0,Matches
494,Josh Murphy,eng ENG,MF,Portsmouth,29,1995,38.1,6,0,0,25,68,7,267,29,23,,,0,Matches
495,Anthony Musaba,nl NED,"MF,FW",Sheffield Weds,23,2000,14.8,0,0,0,7,17,2,33,5,9,,,0,Matches
496,Elliot Myles,wls WAL,FW,Norwich City,17,2007,0.5,0,0,0,2,0,0,0,0,0,,,0,Matches
497,Amin Nabizada,eng ENG,FW,Watford,17,2007,0.2,0,0,0,1,0,0,0,0,0,,,0,Matches
498,Kal Naismith,sct SCO,DF,Bristol City,32,1992,3.2,0,0,0,2,3,0,0,1,6,,,0,Matches
499,Kal Naismith,sct SCO,"DF,MF",Luton Town,32,1992,5.1,2,1,1,4,8,0,3,7,6,,,0,Matches
500,Marvelous Nakamba,zw ZIM,MF,Luton Town,30,1994,14.4,2,0,0,19,10,0,4,13,15,,,0,Matches
Rk,Player,Nation,Pos,Squad,Age,Born,90s,CrdY,CrdR,2CrdY,Fls,Fld,Off,Crs,Int,TklW,PKwon,PKcon,OG,Matches
501,Paul Nardi,fr FRA,GK,Queens Park Rangers,30,1994,45,2,0,0,0,14,0,0,0,1,,,0,Matches
502,Kyle Naughton,eng ENG,DF,Swansea City,35,1988,9.2,1,0,0,3,8,0,7,10,16,,,0,Matches
503,Camiel Neghli,nl NED,MF,Millwall,22,2001,2.1,0,0,0,0,1,0,10,2,4,,,0,Matches
504,Dan Neil,eng ENG,MF,Sunderland,22,2001,43.1,4,1,1,42,52,1,13,49,50,,,0,Matches
505,Benjamin Nelson,eng ENG,DF,Oxford United,20,2004,15.2,1,0,0,16,6,0,1,22,15,,,0,Matches
506,Curtis Nelson,eng ENG,DF,Derby County,31,1993,27,3,0,0,30,7,0,3,28,22,,,0,Matches
507,Zack Nelson,eng ENG,"MF,FW",Luton Town,19,2004,8.9,4,0,0,9,12,2,25,5,10,,,0,Matches
508,Perry Ng,eng ENG,DF,Cardiff City,28,1996,31,9,0,0,35,55,0,40,28,51,,,0,Matches
509,Jeremy Ngakia,,"DF,MF",Watford,23,2000,20.9,5,0,0,23,10,2,63,29,54,,,0,Matches
510,Kevin Nisbet,sct SCO,FW,Millwall,27,1997,0.1,0,0,0,0,0,0,1,0,0,,,0,Matches
511,Lasse Nordås,no NOR,FW,Luton Town,22,2002,2.8,0,0,0,8,5,1,2,1,1,,,0,Matches
512,Casper de Norre,be BEL,MF,Millwall,27,1997,40.1,5,0,0,42,11,1,26,65,68,,,0,Matches
513,Rhys Norrington-Davies,wls WAL,DF,Sheffield United,25,1999,2.8,1,0,0,3,1,0,6,4,2,,,0,Matches
514,Will Norris,eng ENG,GK,Portsmouth,30,1993,8,2,0,0,1,3,0,0,0,1,,,0,Matches
515,Marcelino Núñez,cl CHI,MF,Norwich City,24,2000,24.9,5,0,0,44,17,0,130,15,37,,,0,Matches
516,Tanatswa Nyakuhwa,wls WAL,FW,Cardiff City,18,2005,0.2,0,0,0,0,0,0,2,0,0,,,0,Matches
517,Ryan Nyambe,na NAM,"DF,MF",Derby County,26,1997,12.5,2,0,0,11,7,0,11,10,20,,,0,Matches
518,Lewis O'Brien,eng ENG,MF,Swansea City,25,1998,15.8,2,0,0,24,36,0,18,9,20,,,0,Matches
519,Gatlin O'Donkor,eng ENG,FW,Oxford United,19,2004,0,0,0,0,0,0,0,0,0,0,,,0,Matches
520,Callum O'Dowda,ie IRL,"DF,MF",Cardiff City,29,1995,39.4,7,0,0,37,44,3,141,32,52,,,0,Matches
521,Callum O'Hare,eng ENG,MF,Sheffield United,26,1998,34.9,2,0,0,39,57,8,21,7,30,,,0,Matches
522,Max O'Leary,ie IRL,GK,Bristol City,27,1996,46,3,0,0,0,4,0,0,0,0,,,0,Matches
523,Mark O'Mahony,ie IRL,FW,Portsmouth,19,2005,6.6,1,0,0,14,7,7,1,2,2,,,0,Matches
524,Luke O'Nien,eng ENG,DF,Sunderland,29,1994,43.7,9,0,0,36,51,4,19,43,29,,,2,Matches
525,Dara O'Shea,ie IRL,DF,Burnley,25,1999,2,0,0,0,1,1,2,1,3,0,,,0,Matches
Rk,Player,Nation,Pos,Squad,Age,Born,90s,CrdY,CrdR,2CrdY,Fls,Fld,Off,Crs,Int,TklW,PKwon,PKcon,OG,Matches
526,Michael Obafemi,ie IRL,"FW,MF",Plymouth Argyle,24,2000,13.3,0,0,0,11,13,4,7,0,4,,,0,Matches
527,Wilson Odobert,fr FRA,MF,Burnley,19,2004,1,0,0,0,0,1,0,0,0,1,,,0,Matches
528,Chiedozie Ogbene,ie IRL,MF,Luton Town,27,1997,2.7,0,0,0,3,4,1,9,1,1,,,0,Matches
529,Nathanael Ogbeta,eng ENG,"MF,DF",Plymouth Argyle,23,2001,7,1,0,0,10,4,0,20,4,13,,,1,Matches
530,Angelo Ogbonna,it ITA,DF,Watford,36,1988,4.4,0,0,0,1,2,0,0,7,5,,,0,Matches
531,Connor Ogilvie,eng ENG,DF,Portsmouth,28,1996,44.8,5,0,0,30,55,4,54,63,27,,,1,Matches
532,Yuki Ohashi,jp JPN,"FW,MF",Blackburn Rovers,28,1996,24.7,3,0,0,43,34,21,16,5,22,,,0,Matches
533,Jeppe Okkels,dk DEN,MF,Preston North End,25,1999,1.4,0,0,0,1,0,0,2,1,1,,,0,Matches
534,Abdülkadir Ömür,tr TUR,"MF,FW",Hull City,25,1999,11.8,1,0,0,10,18,2,39,4,12,,,0,Matches
535,Ryan One,sct SCO,FW,Sheffield United,18,2006,3.2,2,0,0,4,3,2,2,1,0,,,0,Matches
536,Ben Osborn,eng ENG,"MF,DF",Derby County,29,1994,18.9,2,0,0,12,20,0,81,22,21,,,0,Matches
537,Milutin Osmajić,me MNE,FW,Preston North End,25,1999,21.3,4,0,0,29,23,22,6,2,5,,,0,Matches
538,Gabriel Otegbayo,,DF,Sheffield Weds,,,5.3,0,0,0,10,3,1,0,4,4,,,0,Matches
539,David Ozoh,eng ENG,MF,Derby County,19,2005,7.8,0,0,0,6,10,0,1,13,24,,,0,Matches
540,Kenneth Paal,sr SUR,DF,Queens Park Rangers,27,1997,32,4,0,0,29,34,0,127,42,29,,,0,Matches
541,Marlon Pack,eng ENG,"DF,MF",Portsmouth,33,1991,30.1,8,1,0,40,28,2,44,36,19,,,1,Matches
542,Alex Palmer,eng ENG,GK,West Bromwich Albion,27,1996,30,2,0,0,0,5,0,0,0,2,,,0,Matches
543,Kasey Palmer,jm JAM,MF,Hull City,27,1996,12.1,2,0,0,26,16,3,31,4,10,,,0,Matches
544,Kasey Palmer,jm JAM,MF,Coventry City,27,1996,0.6,1,0,0,1,4,0,1,0,0,,,0,Matches
545,Liam Palmer,sct SCO,"DF,MF",Sheffield Weds,32,1991,9.7,3,0,0,13,9,2,9,8,8,,,0,Matches
546,Victor Pálsson,is ISL,DF,Plymouth Argyle,33,1991,19.3,3,0,0,13,3,1,3,30,19,,,0,Matches
547,Ivor Pandur,hr CRO,GK,Hull City,24,2000,44,3,0,0,0,5,0,0,0,0,,,0,Matches
548,Samuel Parker,wls WAL,DF,Swansea City,18,2006,1,0,0,0,4,1,0,4,1,2,,,0,Matches
549,Callum Paterson,sct SCO,"MF,FW",Sheffield Weds,29,1994,13.2,2,0,0,12,24,1,21,5,10,,,0,Matches
550,Jamie Paterson,eng ENG,"FW,MF",Coventry City,32,1991,0.9,1,0,0,1,0,0,4,1,2,,,0,Matches
Rk,Player,Nation,Pos,Squad,Age,Born,90s,CrdY,CrdR,2CrdY,Fls,Fld,Off,Crs,Int,TklW,PKwon,PKcon,OG,Matches
551,Anthony Patterson,eng ENG,GK,Sunderland,24,2000,42,3,0,0,0,8,0,0,0,1,,,2,Matches
552,Aynsley Pears,eng ENG,GK,Blackburn Rovers,26,1998,40,3,0,0,0,6,0,0,1,1,,,0,Matches
553,Ben Pearson,eng ENG,MF,Stoke City,29,1995,6.3,5,0,0,13,7,1,3,9,13,,,0,Matches
554,Myles Peart-Harris,eng ENG,MF,Swansea City,21,2002,18.5,6,0,0,22,27,7,39,9,12,,,0,Matches
555,Sydie Peck,eng ENG,MF,Sheffield United,19,2004,32.5,6,0,0,37,35,1,45,22,34,,,0,Matches
556,João Pedro,it ITA,FW,Hull City,32,1992,23.8,4,1,0,51,29,13,2,5,7,,,0,Matches
557,Ashley Phillips,wls WAL,DF,Stoke City,19,2005,34.2,6,0,0,21,19,3,0,33,17,,,0,Matches
558,Joshua Phillips,eng ENG,MF,Luton Town,18,2005,0,0,0,0,0,0,0,1,0,0,,,0,Matches
559,Matt Phillips,sct SCO,"MF,DF",Oxford United,33,1991,10.6,2,0,0,16,11,1,34,4,6,,,0,Matches
560,Nathaniel Phillips,eng ENG,DF,Derby County,27,1997,24.8,5,0,0,27,12,3,5,21,24,,,1,Matches
561,Harry Pickering,eng ENG,DF,Blackburn Rovers,25,1998,11.5,2,0,0,13,12,0,42,7,11,,,0,Matches
562,Erik Pieters,nl NED,"DF,MF",Derby County,35,1988,0,0,0,0,0,0,0,0,0,0,,,0,Matches
563,Joël Piroe,nl NED,FW,Leeds United,24,1999,34.2,2,0,0,24,15,18,6,6,11,,,0,Matches
564,Julio Pleguezuelo,es ESP,DF,Plymouth Argyle,27,1997,21.8,8,0,0,24,18,0,1,33,46,,,0,Matches
565,Matthew Pollock,eng ENG,DF,Watford,22,2001,42.4,7,0,0,43,22,4,10,59,33,,,0,Matches
566,Regan Poole,wls WAL,DF,Portsmouth,26,1998,23.8,5,0,0,18,23,4,5,45,20,,,1,Matches
567,Ryan Porteous,sct SCO,DF,Preston North End,25,1999,9.1,2,0,0,17,15,1,8,15,13,,,0,Matches
568,Ryan Porteous,sct SCO,DF,Watford,25,1999,18.5,7,0,0,26,34,4,5,31,24,,,0,Matches
569,Brad Potts,eng ENG,"MF,DF",Preston North End,30,1994,22.8,4,0,0,32,38,8,42,15,35,,,0,Matches
570,Freddie Potts,eng ENG,MF,Portsmouth,20,2003,34,7,0,0,37,54,0,94,41,40,,,0,Matches
571,Ian Poveda,eng ENG,"FW,MF",Sunderland,24,2000,1,2,0,0,4,3,1,5,0,5,,,0,Matches
572,Isaac Price,nir NIR,MF,West Bromwich Albion,20,2003,11.7,2,0,0,11,15,1,63,12,20,,,0,Matches
573,Cameron Pring,eng ENG,"DF,MF",Bristol City,26,1998,24.8,8,0,0,25,42,1,52,28,37,,,0,Matches
574,Tymoteusz Puchacz,pl POL,"MF,DF",Plymouth Argyle,25,1999,12.5,1,0,0,7,7,0,89,19,16,,,0,Matches
575,Gustavo Puerta,co COL,MF,Hull City,21,2003,21,3,1,1,36,37,3,83,8,29,,,0,Matches
Rk,Player,Nation,Pos,Squad,Age,Born,90s,CrdY,CrdR,2CrdY,Fls,Fld,Off,Crs,Int,TklW,PKwon,PKcon,OG,Matches
576,Przemysław Płacheta,pl POL,MF,Oxford United,26,1998,23,4,0,0,25,23,2,59,12,21,,,0,Matches
577,Uroš Račić,rs SRB,MF,West Bromwich Albion,26,1998,10.2,2,0,0,14,9,0,8,11,15,,,0,Matches
578,Mileta Rajovic,dk DEN,FW,Watford,25,1999,0.5,2,0,0,2,0,0,0,0,0,,,0,Matches
579,Jesurun Rak Sakyi,eng ENG,MF,Sheffield United,21,2002,19.2,1,0,0,19,23,5,35,11,22,,,0,Matches
580,Joe Ralls,eng ENG,MF,Cardiff City,30,1993,12.8,6,0,0,27,10,0,60,14,11,,,0,Matches
581,Largie Ramazani,be BEL,MF,Leeds United,23,2001,8.9,2,0,0,15,11,2,26,3,14,,,0,Matches
582,Aaron Ramsey,wls WAL,MF,Cardiff City,33,1990,6.2,1,0,0,15,7,4,20,6,11,,,1,Matches
583,Aaron Ramsey,eng ENG,MF,Burnley,21,2003,0.1,0,0,0,0,0,0,0,0,0,,,0,Matches
584,Adam Randell,eng ENG,MF,Plymouth Argyle,23,2000,37.5,7,0,0,40,45,2,132,55,35,,,0,Matches
585,Joe Rankin-Costello,eng ENG,"DF,MF",Blackburn Rovers,25,1999,13.9,4,0,0,16,3,0,25,23,16,,,0,Matches
586,Nathan Redmond,eng ENG,"FW,MF",Burnley,30,1994,0.2,0,0,0,1,0,0,1,0,0,,,0,Matches
587,Michael Reindorf,eng ENG,MF,Cardiff City,19,2005,0.6,0,0,0,0,0,1,2,0,0,,,0,Matches
588,Vicente Reyes,cl CHI,GK,Norwich City,20,2003,3,0,0,0,0,0,0,0,0,0,,,0,Matches
589,Yuri Ribeiro,pt POR,DF,Blackburn Rovers,27,1997,15,0,0,0,11,21,1,75,15,17,,,0,Matches
590,Chris Rigg,eng ENG,"MF,FW",Sunderland,17,2007,33.9,8,0,0,31,54,3,65,17,34,,,0,Matches
591,Emil Riis Jakobsen,dk DEN,FW,Preston North End,26,1998,30.2,2,0,0,25,24,17,14,6,17,,,0,Matches
592,Andy Rinomhota,zw ZIM,"MF,DF",Cardiff City,27,1997,23.4,6,0,0,36,44,1,19,20,41,,,0,Matches
593,Matt Ritchie,sct SCO,MF,Portsmouth,34,1989,24.3,7,0,0,38,31,8,166,9,16,,,0,Matches
594,Caleb Roberts,eng ENG,MF,Plymouth Argyle,19,2004,2.1,1,0,0,5,3,0,0,6,4,,,0,Matches
595,Connor Roberts,wls WAL,DF,Burnley,28,1995,40.4,4,0,0,24,64,3,81,15,32,,,0,Matches
596,Haydon Roberts,eng ENG,"MF,DF",Bristol City,22,2002,18.2,5,0,0,18,11,4,60,11,11,,,0,Matches
597,Liam Roberts,eng ENG,GK,Millwall,29,1994,1,0,0,0,0,0,0,0,0,0,,,0,Matches
598,Patrick Roberts,eng ENG,"MF,FW",Sunderland,27,1997,36.4,8,0,0,26,38,6,177,16,42,,,0,Matches
599,Alexander Robertson,au AUS,MF,Cardiff City,21,2003,26.8,7,0,0,53,42,4,133,33,37,,,0,Matches
600,Callum Robinson,ie IRL,FW,Cardiff City,29,1995,22.5,1,1,0,6,23,21,27,6,4,,,0,Matches
Rk,Player,Nation,Pos,Squad,Age,Born,90s,CrdY,CrdR,2CrdY,Fls,Fld,Off,Crs,Int,TklW,PKwon,PKcon,OG,Matches
601,Jack Robinson,eng ENG,DF,Sheffield United,30,1993,31.6,9,0,0,18,28,2,4,29,26,,,0,Matches
602,Joe Rodon,wls WAL,DF,Leeds United,26,1997,45.9,5,0,0,28,34,0,0,32,23,,,0,Matches
603,Ruben Rodrigues,pt POR,MF,Oxford United,27,1996,25,3,0,0,19,49,3,9,17,27,,,0,Matches
604,Jay Rodriguez,eng ENG,FW,Burnley,35,1989,8.3,1,0,0,13,2,4,2,2,6,,,0,Matches
605,Ole Romeny,id IDN,"FW,MF",Oxford United,24,2000,6.6,2,0,0,4,5,6,8,0,1,,,1,Matches
606,Ronald,br BRA,MF,Swansea City,23,2001,41.8,3,0,0,51,110,30,180,32,61,,,1,Matches
607,Kemar Roofe,jm JAM,"FW,MF",Derby County,31,1993,0.1,0,0,0,1,1,0,0,0,0,,,0,Matches
608,Michael Rose,sct SCO,DF,Stoke City,28,1995,14.4,3,0,0,7,4,2,2,12,11,,,0,Matches
609,Joe Rothwell,eng ENG,MF,Leeds United,29,1995,25,2,0,0,9,12,1,175,24,13,,,0,Matches
610,Pelly Ruddock Mpanzu,cd COD,MF,Luton Town,31,1993,2.5,1,0,0,2,4,0,6,1,2,,,0,Matches
611,Jack Rudoni,eng ENG,MF,Coventry City,24,2000,38.9,3,0,0,44,36,2,288,23,31,,,0,Matches
612,Carl Rushworth,eng ENG,GK,Hull City,23,2001,2,0,0,0,0,1,0,0,0,0,,,0,Matches
613,Nazariy Rusyn,ua UKR,"FW,MF",Sunderland,25,1998,0.8,1,0,0,6,2,0,1,0,2,,,0,Matches
614,Georginio Rutter,fr FRA,MF,Leeds United,22,2002,1,0,0,0,2,6,0,4,0,0,,,0,Matches
615,Sai Sachdev,eng ENG,DF,Sheffield United,19,2005,0,0,0,0,0,0,0,0,0,0,,,0,Matches
616,Borja Sainz,es ESP,"FW,MF",Norwich City,23,2001,40.1,8,0,0,58,84,37,64,17,43,,,0,Matches
617,Koki Saito,jp JPN,MF,Queens Park Rangers,22,2001,25.5,0,1,0,32,58,8,30,17,46,,,0,Matches
618,Tatsuhiro Sakamoto,jp JPN,"MF,FW",Coventry City,27,1996,28.7,4,0,0,29,53,5,72,9,30,,,0,Matches
619,Yousef Salech,dk DEN,FW,Cardiff City,22,2002,14.2,2,0,0,31,22,6,2,3,8,,,0,Matches
620,Lars-Jørgen Salvesen,no NOR,FW,Derby County,28,1996,5.4,0,0,0,10,3,6,3,0,4,,,0,Matches
621,Shurandy Sambo,cw CUW,DF,Burnley,22,2001,0.2,0,0,0,2,1,0,1,2,0,,,0,Matches
622,Dion Sanderson,eng ENG,DF,Blackburn Rovers,24,1999,6.3,1,0,0,7,5,1,0,5,0,,,0,Matches
623,Hevertton Santos,br BRA,DF,Queens Park Rangers,23,2001,3.5,1,0,0,1,1,0,7,4,3,,,0,Matches
624,Josh Sargent,us USA,FW,Norwich City,24,2000,27.8,3,0,0,14,28,10,6,2,12,,,0,Matches
625,Jeremy Sarmiento,ec ECU,MF,Burnley,22,2002,13,4,0,0,21,23,0,17,7,21,,,0,Matches
Rk,Player,Nation,Pos,Squad,Age,Born,90s,CrdY,CrdR,2CrdY,Fls,Fld,Off,Crs,Int,TklW,PKwon,PKcon,OG,Matches
626,George Saville,nir NIR,MF,Millwall,31,1993,36.7,8,0,0,53,49,7,127,57,70,,,0,Matches
627,Christian Saydee,lr LBR,"MF,FW",Portsmouth,22,2002,12.8,5,0,0,28,15,3,11,7,7,,,0,Matches
628,Calum Scanlon,eng ENG,MF,Millwall,19,2005,1.9,0,0,0,2,5,1,3,1,3,,,0,Matches
629,Dane Scarlett,eng ENG,FW,Oxford United,20,2004,8.8,1,0,0,17,14,11,2,6,0,,,0,Matches
630,Nicolas Schmid,at AUT,GK,Portsmouth,27,1997,34.3,1,0,0,0,6,0,0,0,0,,,0,Matches
631,Isaac Schmidt,ch SUI,"DF,MF",Leeds United,24,1999,0.9,0,0,0,1,2,0,0,4,4,,,0,Matches
632,Oscar Schwartau,dk DEN,"MF,FW",Norwich City,18,2006,17.4,3,0,0,13,13,2,14,14,7,,,0,Matches
633,Jenson Seelt,nl NED,DF,Sunderland,21,2003,0.2,0,0,0,1,0,0,0,1,0,,,0,Matches
634,Tatsuki Seko,jp JPN,MF,Stoke City,26,1997,17.7,1,0,0,21,18,0,30,17,25,,,0,Matches
635,Tyrell Sellars-Fleming,eng ENG,MF,Hull City,19,2005,0.1,0,0,0,1,1,0,1,1,0,,,0,Matches
636,Egil Selvik,no NOR,GK,Watford,27,1997,16,2,0,0,0,0,0,0,0,0,,,0,Matches
637,Ken Sema,se SWE,MF,Watford,30,1993,5.8,0,0,0,7,9,1,12,4,12,,,0,Matches
638,Femi Seriki,eng ENG,DF,Sheffield United,22,2002,12.1,2,0,0,17,23,0,32,9,26,,,0,Matches
639,Jamie Shackleton,eng ENG,"MF,DF",Sheffield United,24,1999,3.2,0,0,0,4,8,1,1,1,9,,,0,Matches
640,Conor Shaughnessy,ie IRL,DF,Portsmouth,28,1996,5.7,2,0,0,9,3,0,1,9,0,,,0,Matches
641,James Shea,eng ENG,GK,Luton Town,33,1991,1.6,0,0,0,0,1,0,0,0,0,,,0,Matches
642,Ben Sheaf,eng ENG,MF,Coventry City,26,1998,23.7,6,0,0,35,31,0,20,22,38,,,0,Matches
643,Jonjo Shelvey,eng ENG,MF,Burnley,32,1992,0.1,0,0,0,0,0,0,0,1,0,,,0,Matches
644,Louie Sibley,eng ENG,MF,Oxford United,22,2001,1.9,3,0,0,4,3,0,1,1,1,,,0,Matches
645,Sol Sidibé,eng ENG,MF,Stoke City,17,2007,3.4,0,0,0,3,2,0,4,2,3,,,0,Matches
646,Francisco Sierralta,cl CHI,DF,Watford,27,1997,21.1,9,0,0,23,12,1,0,28,25,,,0,Matches
647,Arnór Sigurðsson,is ISL,"FW,MF",Blackburn Rovers,25,1999,0.7,0,0,0,1,2,0,1,0,1,,,0,Matches
648,Sam Silvera,au AUS,MF,Portsmouth,23,2000,5,0,0,0,6,8,0,13,1,9,,,0,Matches
649,Ellis Simms,eng ENG,FW,Coventry City,23,2001,25.4,1,0,0,26,9,3,12,2,3,,,0,Matches
650,Xavier Simons,eng ENG,MF,Hull City,21,2003,13.4,3,0,0,15,7,0,8,10,12,,,0,Matches
Rk,Player,Nation,Pos,Squad,Age,Born,90s,CrdY,CrdR,2CrdY,Fls,Fld,Off,Crs,Int,TklW,PKwon,PKcon,OG,Matches
651,Nathan Simpson,eng ENG,MF,Middlesbrough,20,2004,0,0,0,0,0,0,0,0,0,0,,,0,Matches
652,Emmanouil Siopis,gr GRE,MF,Cardiff City,30,1994,16,4,0,0,11,28,0,3,19,29,,,0,Matches
653,Moussa Sissoko,fr FRA,MF,Watford,34,1989,32.1,6,1,1,42,27,4,25,15,29,,,0,Matches
654,Regan Slater,eng ENG,MF,Hull City,24,1999,33,6,0,0,25,17,0,40,16,26,,,0,Matches
655,Michael Smith,eng ENG,FW,Sheffield Weds,32,1991,20.5,3,0,0,44,11,11,10,6,10,,,0,Matches
656,Paul Smyth,nir NIR,"MF,FW",Queens Park Rangers,26,1997,30.8,6,0,0,41,70,6,113,12,29,,,0,Matches
657,Manor Solomon,il ISR,MF,Leeds United,25,1999,28.8,3,0,0,14,43,15,142,13,21,,,0,Matches
658,Oliver Sonne,pe PER,DF,Burnley,23,2000,0.3,0,0,0,1,0,0,0,0,0,,,0,Matches
659,Matthew Sorinola,eng ENG,"MF,DF",Plymouth Argyle,23,2001,18.6,9,1,1,19,42,1,68,19,33,,,0,Matches
660,Harry Souttar,au AUS,DF,Sheffield United,25,1998,19.6,5,1,1,18,4,0,3,26,15,,,0,Matches
661,Vinicius Souza,br BRA,MF,Sheffield United,25,1999,31,8,0,0,65,38,1,5,43,75,,,0,Matches
662,Jack Stacey,eng ENG,"DF,MF",Norwich City,28,1996,23.8,5,0,0,32,11,2,79,22,41,,,0,Matches
663,Enda Stevens,ie IRL,DF,Stoke City,34,1990,13.3,3,0,0,15,4,2,32,11,21,,,0,Matches
664,Ben Stevenson,eng ENG,MF,Portsmouth,27,1997,0.1,0,0,0,0,0,0,0,0,0,,,0,Matches
665,Jordan Storey,eng ENG,DF,Preston North End,26,1997,34,6,0,0,28,36,1,15,61,33,,,0,Matches
666,Pascal Struijk,nl NED,DF,Leeds United,24,1999,31.4,3,0,0,27,21,1,1,28,25,,,0,Matches
667,Zak Sturge,eng ENG,DF,Millwall,20,2004,3.4,0,0,0,1,2,0,4,2,8,,,0,Matches
668,Callum Styles,hu HUN,"DF,MF",West Bromwich Albion,24,2000,29,11,1,1,46,33,1,46,39,47,,,0,Matches
669,Emmerson Sutton,eng ENG,FW,Queens Park Rangers,17,2006,0.6,0,0,0,1,1,0,3,0,1,,,0,Matches
670,Zak Swanson,eng ENG,DF,Portsmouth,23,2000,21.9,5,0,0,33,16,1,42,37,44,,,1,Matches
671,John Swift,eng ENG,MF,West Bromwich Albion,29,1995,19.3,4,0,0,16,21,2,86,7,20,,,0,Matches
672,Mark Sykes,ie IRL,MF,Bristol City,26,1997,19,5,0,0,20,20,5,78,20,21,,,0,Matches
673,Sammie Szmodics,ie IRL,"FW,MF",Blackburn Rovers,28,1995,0.3,0,0,0,0,0,0,0,0,0,,,0,Matches
674,Kornél Szűcs,hu HUN,DF,Plymouth Argyle,22,2001,31.5,6,0,0,38,11,2,12,25,22,,,0,Matches
675,Elias Sørensen,dk DEN,"MF,FW",Portsmouth,24,1999,3.6,0,0,0,6,0,2,2,2,4,,,0,Matches
Rk,Player,Nation,Pos,Squad,Age,Born,90s,CrdY,CrdR,2CrdY,Fls,Fld,Off,Crs,Int,TklW,PKwon,PKcon,OG,Matches
676,Jakob Sørensen,dk DEN,MF,Norwich City,26,1998,14.7,2,0,0,14,16,2,5,13,23,,,0,Matches
677,Maksym Talovierov,ua UKR,DF,Plymouth Argyle,24,2000,10.4,3,0,0,14,3,1,3,8,21,,,0,Matches
678,Ao Tanaka,jp JPN,MF,Leeds United,25,1998,36.8,8,0,0,49,50,4,17,53,58,,,0,Matches
679,Japhet Tanganga,eng ENG,DF,Millwall,25,1999,39.5,6,0,0,36,45,3,7,49,39,,,0,Matches
680,George Tanner,eng ENG,"DF,MF",Bristol City,24,1999,22.2,2,0,0,20,13,0,38,20,38,,,0,Matches
681,Ollie Tanner,eng ENG,MF,Cardiff City,22,2002,15.4,1,0,0,21,7,10,45,12,29,,,0,Matches
682,Fabio Tavares,eng ENG,FW,Coventry City,23,2001,0,0,0,0,0,0,0,0,0,0,,,0,Matches
683,Joseph Taylor,wls WAL,FW,Luton Town,21,2002,1.7,0,0,0,2,3,1,1,0,0,,,0,Matches
684,Junior Tchamadeu,cm CMR,DF,Stoke City,20,2003,34.8,10,0,0,41,36,9,65,19,31,,,1,Matches
685,Hidde ter Avest,nl NED,"DF,MF",Oxford United,27,1997,11.1,1,0,0,10,7,1,17,13,15,,,0,Matches
686,Emre Tezgel,eng ENG,FW,Stoke City,18,2005,3.3,1,0,0,6,2,0,3,1,1,,,0,Matches
687,Bobby Thomas,eng ENG,DF,Coventry City,23,2001,37,4,0,0,22,29,7,3,38,31,,,1,Matches
688,Joshua Thomas,wls WAL,FW,Swansea City,21,2002,0,1,0,0,1,0,0,0,0,0,,,0,Matches
689,Brandon Thomas-Asante,gh GHA,FW,Coventry City,25,1998,16.1,3,0,0,15,21,10,15,11,9,,,0,Matches
690,Jordan Thompson,nir NIR,MF,Stoke City,27,1997,15,7,0,0,19,17,0,14,15,8,,,0,Matches
691,Liam Thompson,eng ENG,MF,Derby County,22,2002,17.9,6,0,0,14,12,0,24,18,20,,,0,Matches
692,Jordan Thorniley,eng ENG,DF,Oxford United,27,1996,0.9,0,0,0,2,0,0,0,1,1,,,0,Matches
693,Muhamed Tijani,ng NGA,FW,Plymouth Argyle,24,2000,5,2,0,0,17,8,4,4,1,1,,,0,Matches
694,Nathan Tjoe-A-On,id IDN,DF,Swansea City,22,2001,0,0,0,0,0,0,0,1,0,0,,,0,Matches
695,Victor Torp,dk DEN,MF,Coventry City,25,1999,23.4,2,0,0,44,18,0,112,26,31,,,0,Matches
696,Balázs Tóth,hu HUN,GK,Blackburn Rovers,26,1997,6,1,0,0,0,0,0,0,0,0,,,0,Matches
697,Ryley Towler,eng ENG,DF,Portsmouth,23,2001,10.4,3,0,0,7,3,0,0,6,3,,,0,Matches
698,Andros Townsend,eng ENG,"FW,MF",Luton Town,33,1991,0.1,0,0,0,0,0,0,3,0,0,,,0,Matches
699,James Trafford,eng ENG,GK,Burnley,21,2002,45,7,0,0,0,4,0,0,0,1,,,0,Matches
700,Mark Travers,ie IRL,GK,Middlesbrough,25,1999,17,1,0,0,0,4,0,0,0,0,,,0,Matches
Rk,Player,Nation,Pos,Squad,Age,Born,90s,CrdY,CrdR,2CrdY,Fls,Fld,Off,Crs,Int,TklW,PKwon,PKcon,OG,Matches
701,Lewis Travis,eng ENG,MF,Blackburn Rovers,26,1997,35.7,11,0,0,56,62,0,18,36,63,,,0,Matches
702,Nectarios Triantis,gr GRE,"DF,MF",Sunderland,21,2003,0,0,0,0,0,0,0,0,0,0,,,0,Matches
703,Sondre Tronstad,no NOR,MF,Blackburn Rovers,28,1995,34.8,5,0,0,30,27,0,12,40,70,,,0,Matches
704,Auston Trusty,us USA,DF,Sheffield United,25,1998,1,0,0,0,0,0,0,0,0,1,,,0,Matches
705,David Turnbull,sct SCO,MF,Cardiff City,25,1999,9.2,2,0,0,10,1,0,51,6,15,,,0,Matches
706,Scott Twine,eng ENG,"MF,FW",Bristol City,25,1999,23.5,6,0,0,27,42,1,98,15,27,,,0,Matches
707,Igor Tyjon,eng ENG,FW,Blackburn Rovers,16,2008,0.1,0,0,0,0,0,0,0,0,0,,,0,Matches
708,Josh Tymon,eng ENG,DF,Swansea City,25,1999,43.8,7,0,0,18,28,3,261,62,28,,,1,Matches
709,Ike Ugbo,ca CAN,FW,Sheffield Weds,25,1998,14.2,1,0,0,19,12,6,1,4,6,,,0,Matches
710,Pol Valentín,es ESP,"MF,DF",Sheffield Weds,27,1997,17,4,0,0,22,19,5,71,24,27,,,0,Matches
711,Yan Valery,tn TUN,"DF,MF",Sheffield Weds,25,1999,35,7,0,0,45,36,2,74,46,32,,,0,Matches
712,Jonathan Varane,mq MTQ,MF,Queens Park Rangers,22,2001,28.9,8,1,0,40,53,0,12,46,42,,,0,Matches
713,Rocco Vata,ie IRL,"MF,FW",Watford,19,2005,17.1,0,0,0,9,20,1,36,9,17,,,0,Matches
714,Harry Vaughan,ie IRL,MF,Hull City,20,2004,1.1,1,0,0,4,5,0,0,1,3,,,0,Matches
715,Will Vaulks,wls WAL,MF,Oxford United,30,1993,37.1,4,0,0,38,22,0,88,36,60,,,0,Matches
716,Josh Vickers,eng ENG,GK,Derby County,28,1995,6,0,0,0,0,2,0,0,0,0,,,0,Matches
717,André Vidigal,ao ANG,"FW,MF",Stoke City,25,1998,1.2,0,0,0,2,4,3,8,2,3,,,0,Matches
718,Lawrence Vigouroux,cl CHI,GK,Swansea City,30,1993,46,0,0,0,0,5,0,0,0,3,,,0,Matches
719,Žan Vipotnik,si SVN,FW,Swansea City,22,2002,23.2,1,0,0,21,18,9,0,2,3,,,0,Matches
720,Vitinho,br BRA,MF,Burnley,25,1999,2.6,0,0,0,5,3,0,5,1,6,,,0,Matches
721,Zak Vyner,ke KEN,DF,Bristol City,27,1997,46,3,0,0,35,9,1,35,42,50,,,0,Matches
722,Thomas Waddingham,au AUS,FW,Portsmouth,19,2005,1.1,1,0,0,2,0,1,0,0,0,,,0,Matches
723,Ben Waine,nz NZL,FW,Plymouth Argyle,23,2001,0.1,0,0,0,0,0,0,0,0,0,,,0,Matches
724,Jed Wallace,eng ENG,"MF,FW",West Bromwich Albion,30,1994,9,2,0,0,10,10,6,31,2,12,,,0,Matches
725,Murray Wallace,sct SCO,DF,Millwall,31,1993,8.1,0,0,0,3,4,1,1,5,5,,,0,Matches
Rk,Player,Nation,Pos,Squad,Age,Born,90s,CrdY,CrdR,2CrdY,Fls,Fld,Off,Crs,Int,TklW,PKwon,PKcon,OG,Matches
726,Joe Walsh,eng ENG,GK,Queens Park Rangers,22,2002,1,0,0,0,0,1,0,0,0,0,,,0,Matches
727,Liam Walsh,eng ENG,MF,Luton Town,26,1997,15.7,3,3,0,31,21,0,72,10,21,,,0,Matches
728,Reuell Walters,eng ENG,"DF,MF",Luton Town,19,2004,10.9,2,0,0,10,7,1,13,4,27,,,0,Matches
729,Joe Ward,eng ENG,DF,Derby County,28,1995,1.7,1,0,0,2,0,0,15,4,2,,,0,Matches
730,Duncan Watmore,eng ENG,MF,Millwall,30,1994,17.5,0,0,0,18,28,3,12,6,14,,,0,Matches
731,Tom Watson,eng ENG,MF,Sunderland,18,2006,9.9,2,0,0,10,19,1,54,4,10,,,0,Matches
732,Wout Weghorst,nl NED,FW,Burnley,31,1992,0.3,0,0,0,0,0,0,0,0,0,,,0,Matches
733,Andreas Weimann,at AUT,MF,Blackburn Rovers,32,1991,15.7,2,0,0,13,7,6,14,4,4,,,0,Matches
734,Nahki Wells,bm BER,FW,Bristol City,34,1990,22.8,3,0,0,40,22,23,28,12,21,,,0,Matches
735,Jack Whatmough,eng ENG,DF,Preston North End,27,1996,12.4,4,0,0,11,6,1,2,14,18,,,1,Matches
736,Lennon Wheeldon,eng ENG,FW,Derby County,17,2006,0,0,0,0,0,0,0,0,0,0,,,0,Matches
737,Ben Whiteman,eng ENG,MF,Preston North End,28,1996,27.7,12,0,0,35,9,0,54,20,30,,,0,Matches
738,Morgan Whittaker,eng ENG,MF,Plymouth Argyle,23,2001,19.4,3,0,0,22,34,3,36,2,26,,,0,Matches
739,Morgan Whittaker,eng ENG,MF,Middlesbrough,23,2001,11,0,0,0,9,23,0,23,6,4,,,0,Matches
740,Harry Whitwell,eng ENG,MF,West Bromwich Albion,18,2005,0.1,0,0,0,0,1,0,0,0,1,,,0,Matches
741,Jacob Widell Zetterström,se SWE,GK,Derby County,26,1998,40,2,0,0,2,7,0,0,2,2,,,0,Matches
742,Joe Wildsmith,eng ENG,GK,West Bromwich Albion,28,1995,10,1,0,0,0,2,0,0,0,1,,,0,Matches
743,Caleb Wiley,us USA,"DF,MF",Watford,19,2004,8,0,0,0,2,9,2,16,8,13,,,0,Matches
744,Joe Williams,eng ENG,MF,Bristol City,27,1996,15.7,6,1,0,23,23,0,62,14,20,,,0,Matches
745,Jordan Williams,eng ENG,DF,Portsmouth,24,1999,14.1,6,0,0,19,10,1,18,16,32,,,0,Matches
746,Chris Willock,eng ENG,"MF,FW",Cardiff City,26,1998,17.2,0,0,0,15,36,9,80,6,23,,,0,Matches
747,Ben Wilmot,eng ENG,DF,Stoke City,24,1999,36,9,0,0,33,21,3,16,52,36,,,1,Matches
748,Ben Wilson,eng ENG,GK,Coventry City,31,1992,4,1,0,0,0,3,0,0,0,0,,,0,Matches
749,Kane Wilson,eng ENG,"DF,MF",Derby County,24,2000,27,0,0,0,30,29,2,113,19,28,,,0,Matches
750,Josh Wilson-Esbrand,eng ENG,"DF,MF",Stoke City,21,2002,3,0,0,0,3,4,1,14,2,1,,,0,Matches
Rk,Player,Nation,Pos,Squad,Age,Born,90s,CrdY,CrdR,2CrdY,Fls,Fld,Off,Crs,Int,TklW,PKwon,PKcon,OG,Matches
751,Josh Windass,eng ENG,"MF,FW",Sheffield Weds,30,1994,35.8,8,0,0,27,35,19,117,11,22,,,0,Matches
752,Ryan Wintle,eng ENG,MF,Millwall,27,1997,5.7,3,0,0,6,4,0,6,9,5,,,0,Matches
753,Maximilian Wöber,at AUT,DF,Leeds United,26,1998,3.7,1,0,0,7,1,2,11,10,5,,,1,Matches
754,Freddie Woodman,eng ENG,GK,Preston North End,27,1997,37,6,1,0,1,5,0,1,0,1,,,0,Matches
755,Cauley Woodrow,eng ENG,MF,Blackburn Rovers,29,1994,2.5,0,0,0,7,1,0,2,0,0,,,0,Matches
756,Cauley Woodrow,eng ENG,FW,Luton Town,29,1994,3,1,0,0,5,5,1,11,1,4,,,0,Matches
757,Joe Worrall,eng ENG,DF,Burnley,27,1997,3.2,1,0,0,2,2,0,0,2,0,,,0,Matches
758,Callum Wright,eng ENG,MF,Plymouth Argyle,24,2000,16.2,0,1,0,28,19,9,29,5,17,,,0,Matches
759,Haji Wright,us USA,"MF,FW",Coventry City,26,1998,21.6,1,0,0,30,33,14,29,7,9,,,0,Matches
760,Jacob Wright,eng ENG,MF,Norwich City,18,2005,9.9,2,0,0,17,5,0,51,12,21,,,0,Matches
761,Jerry Yates,eng ENG,FW,Derby County,27,1996,38,1,0,0,45,31,26,14,8,9,,,0,Matches
762,Kusini Yengi,au AUS,FW,Portsmouth,25,1999,6,2,0,0,15,8,3,5,0,2,,,0,Matches
763,Óscar Zambrano,ec ECU,MF,Hull City,20,2004,4.3,0,0,0,8,4,0,0,3,4,,,0,Matches
764,Anass Zaroury,ma MAR,"FW,MF",Burnley,23,2000,0.3,0,0,0,0,1,0,2,0,1,,,0,Matches
765,Stefán Þórðarson,is ISL,MF,Preston North End,25,1998,27.8,6,0,0,16,38,2,63,22,25,,,0,Matches
