Performance,,,,,,,,,,,,,,,,,,,,
Rk,Player,Nation,Pos,Squad,Age,Born,90s,CrdY,CrdR,2CrdY,Fls,Fld,Off,Crs,Int,TklW,PKwon,PKcon,OG,Matches
1,Tristan Abrahams,eng ENG,"FW,MF",Maidenhead United,25,1998,31.6,9,1,1,,,,,,,,,0,Matches
2,Ben Acquaye,eng ENG,MF,Tamworth,24,1999,9.4,7,0,0,,,,,,,,,0,Matches
3,Jacob Adams,,GK,Wealdstone FC,,,3.5,0,0,0,,,,,,,,,0,Matches
4,Tobi Adebayo-Rowling,eng ENG,"MF,DF",Rochdale,27,1996,35.6,4,0,0,,,,,,,,,0,Matches
5,Oluwalopemiwa Aderoju,eng ENG,FW,Boston United,,,9.4,1,0,0,,,,,,,,,0,Matches
6,Jason Adigun,eng ENG,MF,Dagenham & Redbridge,20,2003,0,0,0,0,,,,,,,,,0,Matches
7,Kain Adom,,"MF,FW",Gateshead,,,8.7,1,0,0,,,,,,,,,0,Matches
8,Kain Adom,,"FW,MF",Fylde,,,1.5,0,0,0,,,,,,,,,0,Matches
9,Kain Adom,,"MF,FW",Sutton United,,,4.3,0,0,0,,,,,,,,,0,Matches
10,Daniel Adshead,eng ENG,"MF,FW",Boston United,22,2001,1.2,0,0,0,,,,,,,,,0,Matches
11,Michael Adu-Poku,eng ENG,"MF,DF",Rochdale,18,2005,4.1,0,0,0,,,,,,,,,0,Matches
12,Michael Adu-Poku,eng ENG,"MF,FW",Solihull Moors,18,2005,10,1,0,0,,,,,,,,,0,Matches
13,Edwin Agbaje,ie IRL,DF,Sutton United,20,2004,0.5,0,0,0,,,,,,,,,0,Matches
14,Ricky Aguiar,eng ENG,"MF,DF",York City,23,2001,15.8,3,0,0,,,,,,,,,0,Matches
15,David Ajiboye,eng ENG,MF,York City,25,1998,4.8,0,0,0,,,,,,,,,0,Matches
16,Joseph Ajose,eng ENG,MF,Maidenhead United,23,2001,4.5,0,0,0,,,,,,,,,0,Matches
17,John Akinde,eng ENG,"FW,MF",Braintree Town,35,1989,28.4,12,1,1,,,,,,,,,0,Matches
18,Olatunji Akinola,eng ENG,"MF,DF",Woking,25,1998,35.6,8,0,0,,,,,,,,,2,Matches
19,Tim Akinola,eng ENG,MF,Gateshead,23,2001,5.2,0,0,0,,,,,,,,,0,Matches
20,Tim Akinola,eng ENG,"MF,DF",Dagenham & Redbridge,23,2001,2.6,0,0,0,,,,,,,,,0,Matches
21,Tim Akinola,eng ENG,MF,Solihull Moors,23,2001,1.6,1,0,0,,,,,,,,,0,Matches
22,Dipo Akinyemi,eng ENG,"MF,FW",York City,27,1997,13.8,3,0,0,,,,,,,,,0,Matches
23,Ashley Akpan,eng ENG,"MF,DF",Aldershot Town,20,2004,16.1,1,0,0,,,,,,,,,0,Matches
24,Ody Alfa,ng NGA,FW,Rochdale,25,1999,0.3,0,0,0,,,,,,,,,0,Matches
25,Adam Alimi-Adetoro,ie IRL,"DF,MF",FC Halifax Town,22,2002,29.4,12,0,0,,,,,,,,,0,Matches
Rk,Player,Nation,Pos,Squad,Age,Born,90s,CrdY,CrdR,2CrdY,Fls,Fld,Off,Crs,Int,TklW,PKwon,PKcon,OG,Matches
26,Thomas Allan,eng ENG,"FW,MF",Gateshead,24,1999,5.8,1,1,0,,,,,,,,,0,Matches
27,Tarryn Allarakhia,tz TAN,"MF,FW",Rochdale,26,1997,31.7,5,0,0,,,,,,,,,0,Matches
28,Luca Alonzi,eng ENG,FW,Boston United,16,2008,0.4,1,0,0,,,,,,,,,0,Matches
29,Justin Amaluzor,eng ENG,"MF,FW",Altrincham,27,1996,22.7,4,1,0,,,,,,,,,0,Matches
30,Francis Amartey,eng ENG,FW,Braintree Town,25,1999,0.1,0,0,0,,,,,,,,,0,Matches
31,Collin Andeng-Ndi,cm CMR,GK,Southend United,20,2003,22.9,2,0,0,,,,,,,,,0,Matches
32,Jermaine Anderson,eng ENG,MF,Woking,28,1996,11.9,7,0,0,,,,,,,,,0,Matches
33,Keane Anderson,eng ENG,MF,Aldershot Town,20,2003,6.5,1,0,0,,,,,,,,,0,Matches
34,Jamie Andrews,eng ENG,MF,Woking,21,2002,37.4,6,0,0,,,,,,,,,0,Matches
35,Louie Annesley,gi GIB,"DF,MF",Braintree Town,24,2000,40.4,8,0,0,,,,,,,,,0,Matches
36,Caleb Ansen,eng ENG,GK,Altrincham,18,2005,11.1,1,0,0,,,,,,,,,0,Matches
37,Elijah Anthony,eng ENG,DF,Ebbsfleet United,20,2004,0.4,1,0,0,,,,,,,,,0,Matches
38,Alex Aoraha,iq IRQ,"MF,FW",Ebbsfleet United,21,2003,10.2,2,0,0,,,,,,,,,0,Matches
39,Keenan Appiah-Forson,eng ENG,"MF,DF",Southend United,22,2001,17.9,3,0,0,,,,,,,,,0,Matches
40,Raphael Araoye,eng ENG,DF,Yeovil Town,20,2004,2.2,0,0,0,,,,,,,,,0,Matches
41,Will Armitage,eng ENG,DF,Aldershot Town,19,2005,19.7,3,0,0,,,,,,,,,0,Matches
42,Finlay Armstrong,eng ENG,"MF,DF",Rochdale,21,2003,3.1,0,0,0,,,,,,,,,0,Matches
43,Marvin Armstrong,eng ENG,"MF,FW",York City,25,1999,27,4,0,0,,,,,,,,,0,Matches
44,Steve Arnold,eng ENG,GK,Sutton United,34,1989,14,1,0,0,,,,,,,,,0,Matches
45,Festus Arthur,de GER,DF,FC Halifax Town,23,2001,6.2,1,0,0,,,,,,,,,0,Matches
46,Sam Ashford,eng ENG,"FW,MF",Wealdstone FC,28,1995,19.6,2,0,0,,,,,,,,,0,Matches
47,Sam Ashford,eng ENG,FW,Woking,28,1995,6.2,0,0,0,,,,,,,,,0,Matches
48,Nathan Asiimwe,ug UGA,"MF,DF",Hartlepool United,19,2004,3.2,0,0,0,,,,,,,,,0,Matches
49,Leon Ayinde,ie IRL,"FW,MF",Rochdale,19,2004,10.8,0,0,0,,,,,,,,,0,Matches
50,Lewis Baines,eng ENG,DF,Altrincham,25,1998,35.5,1,0,0,,,,,,,,,0,Matches
Rk,Player,Nation,Pos,Squad,Age,Born,90s,CrdY,CrdR,2CrdY,Fls,Fld,Off,Crs,Int,TklW,PKwon,PKcon,OG,Matches
51,Hazeem Bakre,eng ENG,MF,Dagenham & Redbridge,18,2005,0.9,0,0,0,,,,,,,,,0,Matches
52,Lanre Balogun,eng ENG,FW,Braintree Town,23,2000,0.6,0,0,0,,,,,,,,,0,Matches
53,Lewis Banks,eng ENG,DF,Altrincham,27,1997,41.1,8,0,0,,,,,,,,,0,Matches
54,Dante Baptiste,eng ENG,GK,Wealdstone FC,22,2002,7,1,0,0,,,,,,,,,0,Matches
55,Finley Barbrook,eng ENG,MF,Sutton United,19,2004,32.6,12,0,0,,,,,,,,,0,Matches
56,Max Bardell,eng ENG,DF,Fylde,21,2002,21.3,4,0,0,,,,,,,,,0,Matches
57,Jack Barham,eng ENG,FW,Aldershot Town,28,1996,31.3,4,0,0,,,,,,,,,0,Matches
58,Aidan Barlow,eng ENG,"FW,MF",Rochdale,24,2000,17.7,2,0,0,,,,,,,,,0,Matches
59,Sam Barratt,eng ENG,MF,Maidenhead United,28,1995,13.1,3,0,0,,,,,,,,,0,Matches
60,Josh Barrett,ie IRL,FW,Aldershot Town,26,1998,28.2,7,0,0,,,,,,,,,0,Matches
61,Killian Barrett,ie IRL,GK,Rochdale,20,2004,9,0,0,0,,,,,,,,,0,Matches
62,Killian Barrett,ie IRL,GK,Solihull Moors,20,2004,9,0,0,0,,,,,,,,,0,Matches
63,Mason Barrett,eng ENG,"DF,MF",Wealdstone FC,24,1999,7.8,1,0,0,,,,,,,,,0,Matches
64,Ryan Bartley,eng ENG,DF,Gateshead,20,2003,6,1,1,0,,,,,,,,,0,Matches
65,Daniel Batty,eng ENG,"MF,DF",York City,26,1997,31.3,5,0,0,,,,,,,,,0,Matches
66,Harry Beautyman,eng ENG,"MF,FW",Woking,32,1992,29.1,8,0,0,,,,,,,,,0,Matches
67,Mark Beck,sct SCO,"FW,MF",Gateshead,30,1994,4.4,0,0,0,,,,,,,,,0,Matches
68,Sam Beckwith,eng ENG,DF,Rochdale,23,2001,41.3,9,1,1,,,,,,,,,0,Matches
69,Jean Belehoua,fr FRA,DF,Gateshead,23,2000,19.1,1,0,0,,,,,,,,,0,Matches
70,Zac Bell,wls WAL,DF,Maidenhead United,21,2003,2.5,1,0,0,,,,,,,,,0,Matches
71,Giosue Bellagambi,ug UGA,GK,Barnet,22,2001,1,0,0,0,,,,,,,,,0,Matches
72,Dominic Bernard,ie IRL,DF,Yeovil Town,27,1997,24.4,8,1,0,,,,,,,,,0,Matches
73,Dylan Berry,nir NIR,GK,Ebbsfleet United,21,2003,1,0,0,0,,,,,,,,,0,Matches
74,Jake Bickerstaff,wls WAL,"FW,MF",Altrincham,22,2001,11.7,1,0,0,,,,,,,,,0,Matches
75,Rakish Bingham,eng ENG,"FW,MF",Ebbsfleet United,30,1993,11.7,3,0,0,,,,,,,,,0,Matches
Rk,Player,Nation,Pos,Squad,Age,Born,90s,CrdY,CrdR,2CrdY,Fls,Fld,Off,Crs,Int,TklW,PKwon,PKcon,OG,Matches
76,Jay Bird,eng ENG,FW,Rochdale,23,2001,5.1,0,0,0,,,,,,,,,0,Matches
77,Tom Blackwell,eng ENG,"MF,FW",Braintree Town,23,2000,23.6,2,0,0,,,,,,,,,0,Matches
78,Sonny Blu Lo-Everton,sct SCO,MF,Yeovil Town,21,2002,18.5,2,0,0,,,,,,,,,0,Matches
79,Nana Boateng,eng ENG,"MF,FW",Sutton United,21,2002,11.5,2,0,0,,,,,,,,,0,Matches
80,Ashley Boatswain,ms MSR,FW,Fylde,19,2005,7.3,0,0,0,,,,,,,,,0,Matches
81,Enzio Boldewijn,nl NED,"MF,DF",Wealdstone FC,31,1992,40.4,3,0,0,,,,,,,,,0,Matches
82,Aaron Bolger,ie IRL,MF,Ebbsfleet United,24,2000,15.5,3,0,0,,,,,,,,,0,Matches
83,Harrison Bond,eng ENG,GK,Gateshead,20,2003,1.5,0,0,0,,,,,,,,,0,Matches
84,Matthew Bondswell,eng ENG,DF,Hartlepool United,22,2002,0.1,0,0,0,,,,,,,,,0,Matches
85,Macauley Bonne,zw ZIM,FW,Southend United,28,1995,23.7,3,0,0,,,,,,,,,0,Matches
86,Regan Booty,eng ENG,MF,Gateshead,26,1998,42.9,10,0,0,,,,,,,,,0,Matches
87,Pedro Borges,pt POR,"MF,DF",Yeovil Town,19,2005,4.8,0,0,0,,,,,,,,,0,Matches
88,John Bostock,tt TRI,MF,Solihull Moors,32,1992,27,4,0,0,,,,,,,,,0,Matches
89,Michael Bostwick,eng ENG,"DF,MF",Boston United,36,1988,15.7,5,0,0,,,,,,,,,0,Matches
90,Noa Boutin,fr FRA,"MF,DF",Eastleigh,20,2003,25.5,5,0,0,,,,,,,,,0,Matches
91,Sam Bowen,wls WAL,MF,Solihull Moors,23,2001,26.8,3,0,0,,,,,,,,,0,Matches
92,Jamie Bramwell,eng ENG,"DF,MF",Gateshead,20,2004,3.2,1,0,0,,,,,,,,,0,Matches
93,Oliver Bray,eng ENG,FW,Aldershot Town,21,2003,1.2,0,0,0,,,,,,,,,0,Matches
94,Owen Bray,eng ENG,MF,FC Halifax Town,21,2003,12.8,4,0,0,,,,,,,,,0,Matches
95,Luke Brennan,eng ENG,MF,Fylde,22,2001,1.1,0,0,0,,,,,,,,,0,Matches
96,Jack Bridge,eng ENG,"MF,DF",Southend United,28,1995,32.1,1,0,0,,,,,,,,,0,Matches
97,Richard Brindley,eng ENG,"DF,MF",Eastleigh,31,1993,31.1,9,1,1,,,,,,,,,0,Matches
98,Tiernan Brooks,ie IRL,GK,Gateshead,22,2002,24,1,0,0,,,,,,,,,0,Matches
99,Michael Brothers,eng ENG,MF,Braintree Town,39,1985,0,0,0,0,,,,,,,,,0,Matches
100,Jedidiah Brown,eng ENG,FW,Wealdstone FC,25,1998,0,0,0,0,,,,,,,,,0,Matches
Rk,Player,Nation,Pos,Squad,Age,Born,90s,CrdY,CrdR,2CrdY,Fls,Fld,Off,Crs,Int,TklW,PKwon,PKcon,OG,Matches
101,Rhys Browne,ag ATG,"FW,MF",Barnet,28,1995,15.9,3,0,0,,,,,,,,,0,Matches
102,Rico Browne,kn SKN,DF,Tamworth,20,2003,3.5,0,0,0,,,,,,,,,0,Matches
103,Tyler Bruck,,FW,Solihull Moors,,,0.1,0,0,0,,,,,,,,,0,Matches
104,Zak Brunt,eng ENG,"MF,FW",Barnet,22,2001,28.6,5,0,0,,,,,,,,,0,Matches
105,Harvey Bunker,eng ENG,"MF,DF",Forest Green Rovers,21,2003,19.6,4,0,0,,,,,,,,,0,Matches
106,Jake Burger,eng ENG,"FW,MF",Rochdale,19,2005,14,2,0,0,,,,,,,,,0,Matches
107,Jacob Butterfield,eng ENG,"MF,FW",Gateshead,34,1990,14.4,1,0,0,,,,,,,,,0,Matches
108,Jili Buyabu,eng ENG,MF,Rochdale,22,2001,14.8,2,0,0,,,,,,,,,0,Matches
109,Lachlan Byrd,au AUS,DF,Aldershot Town,22,2002,15.2,2,0,0,,,,,,,,,0,Matches
110,Adam Campbell,eng ENG,"MF,FW",Hartlepool United,29,1995,24,3,0,0,,,,,,,,,0,Matches
111,Tahvon Campbell,eng ENG,"FW,MF",Solihull Moors,27,1997,5.7,2,0,0,,,,,,,,,0,Matches
112,Ted Cann,eng ENG,GK,Forest Green Rovers,23,2000,6,1,0,0,,,,,,,,,0,Matches
113,Angelo Cappello,bz BLZ,"MF,FW",FC Halifax Town,22,2002,27.6,5,0,0,,,,,,,,,0,Matches
114,Jake Caprice,eng ENG,"MF,DF",Oldham Athletic,31,1992,30.5,6,0,0,,,,,,,,,0,Matches
115,Mustapha Carayol,gm GAM,"DF,MF",Wealdstone FC,35,1988,6.4,1,0,0,,,,,,,,,0,Matches
116,Harry Cardwell,sct SCO,FW,Southend United,27,1996,5,0,0,0,,,,,,,,,0,Matches
117,Harry Cardwell,sct SCO,FW,Forest Green Rovers,27,1996,16.1,1,0,0,,,,,,,,,0,Matches
118,Ryan Carr,sct SCO,MF,Gateshead,19,2004,0,0,0,0,,,,,,,,,0,Matches
119,Ryan Carr,sct SCO,MF,Ebbsfleet United,19,2004,6.4,1,0,0,,,,,,,,,0,Matches
120,Ruben Carvalho,eng ENG,MF,Maidenhead United,23,2001,2.3,0,0,0,,,,,,,,,0,Matches
121,Kallum Cesay,sl SLE,MF,Wealdstone FC,21,2002,32.4,7,0,0,,,,,,,,,0,Matches
122,Billy Chadwick,eng ENG,FW,Boston United,24,2000,2.1,1,0,0,,,,,,,,,0,Matches
123,Billy Chadwick,eng ENG,MF,York City,24,2000,7.8,0,0,0,,,,,,,,,0,Matches
124,Leon Chambers-Parillon,eng ENG,MF,Southend United,22,2001,10.3,0,0,0,,,,,,,,,0,Matches
125,Ben Chapman,eng ENG,"MF,DF",Ebbsfleet United,25,1998,31,8,0,0,,,,,,,,,0,Matches
Rk,Player,Nation,Pos,Squad,Age,Born,90s,CrdY,CrdR,2CrdY,Fls,Fld,Off,Crs,Int,TklW,PKwon,PKcon,OG,Matches
126,Harry Chapman,eng ENG,"MF,FW",Barnet,26,1997,10.5,2,0,0,,,,,,,,,0,Matches
127,Luke Charman,eng ENG,"MF,FW",Hartlepool United,26,1997,25.2,6,0,0,,,,,,,,,0,Matches
128,Harry Charsley,ie IRL,"MF,FW",Oldham Athletic,27,1996,6.7,0,0,0,,,,,,,,,0,Matches
129,Adam Chicksen,zw ZIM,DF,Woking,32,1991,24.3,4,0,0,,,,,,,,,0,Matches
130,Ryan Clampin,eng ENG,DF,Braintree Town,25,1999,31.1,6,1,1,,,,,,,,,0,Matches
131,Taylor Clark,eng ENG,DF,Wealdstone FC,19,2005,0.6,0,0,0,,,,,,,,,0,Matches
132,Jahmari Clarke,jm JAM,FW,Wealdstone FC,20,2003,0.4,0,0,0,,,,,,,,,0,Matches
133,Jahmari Clarke,jm JAM,FW,Yeovil Town,20,2003,0.5,1,0,0,,,,,,,,,0,Matches
134,James Clarke,ie IRL,"DF,MF",Solihull Moors,24,2000,38.1,7,2,0,,,,,,,,,0,Matches
135,Regan Clayton,eng ENG,DF,Dagenham & Redbridge,19,2004,6.9,2,0,0,,,,,,,,,0,Matches
136,Reyes Cleary,eng ENG,"MF,FW",Hartlepool United,20,2004,17.1,3,0,0,,,,,,,,,0,Matches
137,Remy Clerima,fr FRA,DF,Maidenhead United,33,1990,10.7,0,0,0,,,,,,,,,0,Matches
138,Billy Clifford,eng ENG,"MF,FW",Barnet,31,1992,7.1,3,0,0,,,,,,,,,0,Matches
139,Ben Close,eng ENG,MF,Eastleigh,27,1996,14.4,1,0,0,,,,,,,,,0,Matches
140,Sam Clucas,eng ENG,MF,Oldham Athletic,33,1990,6.4,4,0,0,,,,,,,,,0,Matches
141,Kieran Coates,eng ENG,DF,Boston United,22,2001,4.3,1,0,0,,,,,,,,,0,Matches
142,Owen Cochrane,,"DF,MF",Maidenhead United,,,22.5,0,0,0,,,,,,,,,0,Matches
143,Callum Cockerill-Mollett,eng ENG,DF,Tamworth,25,1999,18.3,0,0,0,,,,,,,,,0,Matches
144,Ben Coker,eng ENG,"DF,MF",Barnet,35,1989,19.1,5,0,0,,,,,,,,,0,Matches
145,Oliver Coker,,"MF,FW",Southend United,,,21.2,3,0,0,,,,,,,,,0,Matches
146,Josh Coley,eng ENG,MF,Sutton United,26,1998,23,6,0,0,,,,,,,,,0,Matches
147,Charlie Colkett,eng ENG,"MF,FW",Gateshead,27,1996,6.4,0,0,0,,,,,,,,,0,Matches
148,Danny Collinge,eng ENG,DF,Barnet,26,1998,25.5,3,1,0,,,,,,,,,0,Matches
149,Tom Conlon,eng ENG,MF,Oldham Athletic,28,1996,26.2,6,0,0,,,,,,,,,0,Matches
150,Raheem Conte,eng ENG,"MF,DF",Woking,21,2002,6.2,0,0,0,,,,,,,,,0,Matches
Rk,Player,Nation,Pos,Squad,Age,Born,90s,CrdY,CrdR,2CrdY,Fls,Fld,Off,Crs,Int,TklW,PKwon,PKcon,OG,Matches
151,Jack Cook,eng ENG,DF,Wealdstone FC,30,1993,34.7,12,0,0,,,,,,,,,0,Matches
152,Jamie Cooke,eng ENG,"MF,FW",FC Halifax Town,22,2002,34.3,9,1,1,,,,,,,,,0,Matches
153,Charlie Cooper,eng ENG,MF,Yeovil Town,27,1997,36,10,0,0,,,,,,,,,0,Matches
154,Chay Cooper,eng ENG,MF,Braintree Town,22,2001,25.6,6,1,1,,,,,,,,,0,Matches
155,Kai Corbett,eng ENG,"FW,MF",Aldershot Town,21,2002,11.6,1,0,0,,,,,,,,,0,Matches
156,Tyler Cordner,eng ENG,DF,Ebbsfleet United,25,1998,13.8,4,0,0,,,,,,,,,0,Matches
157,Aaron Cosgrave,eng ENG,"FW,MF",FC Halifax Town,25,1999,0.9,0,0,0,,,,,,,,,0,Matches
158,Aaron Cosgrave,eng ENG,FW,Ebbsfleet United,25,1999,25.5,2,0,0,,,,,,,,,0,Matches
159,Finn Cousin-Dawson,nir NIR,"DF,MF",Yeovil Town,21,2002,28.5,10,1,0,,,,,,,,,0,Matches
160,Mark Cousins,eng ENG,GK,Ebbsfleet United,37,1987,43,1,0,0,,,,,,,,,0,Matches
161,Aidan Coyne,au AUS,DF,Maidenhead United,20,2004,0.1,0,0,0,,,,,,,,,0,Matches
162,Oliver Crankshaw,eng ENG,MF,Altrincham,25,1998,1.7,2,0,0,,,,,,,,,0,Matches
163,Ellis Craven,eng ENG,GK,Boston United,19,2004,0.4,0,0,0,,,,,,,,,0,Matches
164,Tom Crawford,eng ENG,MF,Altrincham,25,1999,39.3,12,2,2,,,,,,,,,0,Matches
165,Daniel Creaney,eng ENG,FW,Tamworth,30,1994,31.5,12,0,0,,,,,,,,,0,Matches
166,Romoney Crichlow-Noble,eng ENG,DF,Dagenham & Redbridge,25,1999,9.5,6,1,1,,,,,,,,,0,Matches
167,Ben Crompton,eng ENG,DF,Tamworth,20,2003,21,6,0,0,,,,,,,,,0,Matches
168,Adam Crookes,eng ENG,DF,York City,26,1997,8.5,0,0,0,,,,,,,,,0,Matches
169,Jordan Cropper,eng ENG,DF,Barnet,24,2000,4.5,0,0,0,,,,,,,,,0,Matches
170,Adam Crowther,eng ENG,DF,Southend United,23,2001,19.4,1,0,0,,,,,,,,,0,Matches
171,Jordan Cullinane-Liburd,eng ENG,DF,Tamworth,29,1995,22.5,11,2,1,,,,,,,,,0,Matches
172,Jo Cummings,eng ENG,DF,FC Halifax Town,25,1998,11.4,1,0,0,,,,,,,,,0,Matches
173,Greg Cundle,eng ENG,FW,Ebbsfleet United,27,1997,4.8,0,0,0,,,,,,,,,0,Matches
174,Robbie Cundy,eng ENG,DF,Solihull Moors,27,1997,6.9,1,0,0,,,,,,,,,0,Matches
175,Matt Curley,eng ENG,DF,Tamworth,29,1995,9.4,2,0,0,,,,,,,,,0,Matches
Rk,Player,Nation,Pos,Squad,Age,Born,90s,CrdY,CrdR,2CrdY,Fls,Fld,Off,Crs,Int,TklW,PKwon,PKcon,OG,Matches
176,Tom Dallison,eng ENG,DF,Ebbsfleet United,28,1996,28.9,9,0,0,,,,,,,,,0,Matches
177,Campbell Darcy,eng ENG,MF,Hartlepool United,18,2006,0.1,0,0,0,,,,,,,,,0,Matches
178,Jezreel Davies,eng ENG,"MF,FW",Ebbsfleet United,20,2004,4.1,1,1,0,,,,,,,,,0,Matches
179,Will Davies,eng ENG,FW,Sutton United,25,1999,40.9,8,0,0,,,,,,,,,0,Matches
180,Harry Davis,eng ENG,DF,Fylde,32,1991,23.8,8,1,0,,,,,,,,,0,Matches
181,Dillon De Silva,lk SRI,"MF,FW",Sutton United,22,2002,10.3,1,0,0,,,,,,,,,0,Matches
182,Jake Dennis,wls WAL,GK,Oldham Athletic,19,2004,1,0,0,0,,,,,,,,,0,Matches
183,Matthew Dennis,eng ENG,FW,Rochdale,22,2002,1,0,0,0,,,,,,,,,0,Matches
184,Marcus Dewhurst,eng ENG,GK,Aldershot Town,23,2001,43,3,0,0,,,,,,,,,0,Matches
185,Emmanuel Dieseruvwe,eng ENG,"FW,MF",Hartlepool United,29,1995,42.2,6,0,0,,,,,,,,,0,Matches
186,Kennedy Digie,eng ENG,DF,Tamworth,27,1996,27.3,2,0,0,,,,,,,,,0,Matches
187,Joel Dixon,eng ENG,GK,Hartlepool United,30,1993,5.4,0,0,0,,,,,,,,,0,Matches
188,Daniel Dodds,eng ENG,"DF,MF",Hartlepool United,23,2001,16.2,2,1,0,,,,,,,,,0,Matches
189,Joe Dodoo,eng ENG,"FW,MF",Solihull Moors,29,1995,5.5,1,0,0,,,,,,,,,0,Matches
190,Christian Doidge,wls WAL,FW,Forest Green Rovers,31,1992,20.9,0,0,0,,,,,,,,,0,Matches
191,Brad Dolaghan,eng ENG,FW,Aldershot Town,19,2004,0.7,0,0,0,,,,,,,,,0,Matches
192,Callum Dolan,eng ENG,"MF,FW",Oldham Athletic,23,2000,2.8,1,0,0,,,,,,,,,0,Matches
193,Callum Dolan,eng ENG,MF,Altrincham,23,2000,3.7,0,0,0,,,,,,,,,0,Matches
194,Franklin Domi,al ALB,"MF,DF",Ebbsfleet United,23,2000,25.1,7,1,1,,,,,,,,,0,Matches
195,Tom Donaghy,eng ENG,GK,Oldham Athletic,21,2003,10,0,0,0,,,,,,,,,0,Matches
196,Tom Donaghy,eng ENG,GK,Boston United,21,2003,2,0,0,0,,,,,,,,,0,Matches
197,Luke Dreher,eng ENG,MF,Wealdstone FC,25,1998,1.5,0,0,0,,,,,,,,,0,Matches
198,Kane Drummond,eng ENG,FW,Oldham Athletic,23,2000,3.5,0,0,0,,,,,,,,,0,Matches
199,Immanuelson Duku,nl NED,FW,Solihull Moors,31,1992,6.8,0,0,0,,,,,,,,,0,Matches
200,Tyrese Dyce,eng ENG,DF,Maidenhead United,23,2001,7.1,1,0,0,,,,,,,,,0,Matches
Rk,Player,Nation,Pos,Squad,Age,Born,90s,CrdY,CrdR,2CrdY,Fls,Fld,Off,Crs,Int,TklW,PKwon,PKcon,OG,Matches
201,Max Dyche,eng ENG,DF,Woking,21,2003,20.8,7,0,0,,,,,,,,,0,Matches
202,Alex Dyer,ms MSR,MF,Wealdstone FC,34,1990,22.5,9,0,0,,,,,,,,,0,Matches
203,Ryan East,eng ENG,MF,Rochdale,26,1998,35.4,2,0,0,,,,,,,,,0,Matches
204,Tom Eastman,eng ENG,DF,Dagenham & Redbridge,32,1991,24.5,3,0,0,,,,,,,,,0,Matches
205,Craig Eastmond,eng ENG,MF,Wealdstone FC,33,1990,7.2,7,2,1,,,,,,,,,0,Matches
206,Ethan Ebanks-Landell,eng ENG,DF,Rochdale,31,1992,10.8,2,0,0,,,,,,,,,0,Matches
207,Junior Eccleston,eng ENG,DF,Sutton United,17,2007,0.5,1,0,0,,,,,,,,,0,Matches
208,Charlie Edge,,,Tamworth,,,0,0,0,0,,,,,,,,,0,Matches
209,Toby Edser,eng ENG,MF,Ebbsfleet United,25,1999,32.3,11,1,1,,,,,,,,,0,Matches
210,Corey Edwards,,MF,Rochdale,,,4.6,0,0,0,,,,,,,,,0,Matches
211,Inih Effiong,eng ENG,"FW,MF",Braintree Town,33,1991,15.4,4,0,0,,,,,,,,,0,Matches
212,Inih Effiong,eng ENG,FW,Woking,33,1991,18.4,2,0,0,,,,,,,,,0,Matches
213,Dan Ellison,eng ENG,DF,Aldershot Town,19,2005,17.3,7,1,1,,,,,,,,,0,Matches
214,Josh Emmanuel,eng ENG,DF,FC Halifax Town,26,1997,10.3,0,0,0,,,,,,,,,0,Matches
215,Zac Emmerson,eng ENG,"FW,MF",FC Halifax Town,19,2004,13.8,1,0,0,,,,,,,,,0,Matches
216,Beck-Ray Enoru,cm CMR,MF,Tamworth,21,2002,18,2,0,0,,,,,,,,,0,Matches
217,Corry Evans,nir NIR,MF,Oldham Athletic,34,1990,1.8,0,0,0,,,,,,,,,0,Matches
218,George Evans,eng ENG,GK,Sutton United,19,2005,1,0,0,0,,,,,,,,,0,Matches
219,Jack Evans,eng ENG,"MF,DF",FC Halifax Town,23,2000,33.8,4,0,0,,,,,,,,,0,Matches
220,Owen Evans,wls WAL,GK,Barnet,27,1996,18,3,0,0,,,,,,,,,0,Matches
221,Owen Evans,eng ENG,"DF,MF",Fylde,23,2000,26.4,2,0,0,,,,,,,,,1,Matches
222,Dubem Eze,eng ENG,MF,FC Halifax Town,19,2005,1.2,0,0,0,,,,,,,,,0,Matches
223,Mo Fadera,gm GAM,FW,York City,19,2004,0.5,0,0,0,,,,,,,,,0,Matches
224,Malachi Fagan-Walcott,eng ENG,"DF,MF",York City,22,2002,36.6,6,0,0,,,,,,,,,0,Matches
225,Luke Fairlamb,eng ENG,DF,Tamworth,30,1993,25.9,3,0,0,,,,,,,,,0,Matches
Rk,Player,Nation,Pos,Squad,Age,Born,90s,CrdY,CrdR,2CrdY,Fls,Fld,Off,Crs,Int,TklW,PKwon,PKcon,OG,Matches
226,Louie Fallon,eng ENG,GK,Altrincham,17,2006,0.2,0,0,0,,,,,,,,,0,Matches
227,Ryan Fallowfield,eng ENG,DF,York City,28,1996,19.6,3,0,0,,,,,,,,,0,Matches
228,Nicky Featherstone,eng ENG,MF,Hartlepool United,35,1988,31,4,0,0,,,,,,,,,0,Matches
229,Joe Felix,eng ENG,"DF,MF",York City,24,1999,44.6,6,0,0,,,,,,,,,0,Matches
230,James Fennelow,,FW,Sutton United,,,0.1,0,0,0,,,,,,,,,0,Matches
231,Kane Ferdinand,ie IRL,MF,Maidenhead United,31,1992,15.9,1,0,0,,,,,,,,,0,Matches
232,David Ferguson,eng ENG,DF,Hartlepool United,30,1994,43.2,5,1,1,,,,,,,,,2,Matches
233,Kyle Ferguson,sct SCO,DF,Rochdale,24,1999,7.3,1,0,0,,,,,,,,,0,Matches
234,Kyle Ferguson,sct SCO,"DF,MF",Yeovil Town,24,1999,4,3,0,0,,,,,,,,,0,Matches
235,Nathan Ferguson,gy GUY,MF,Maidenhead United,28,1995,32.8,5,0,0,,,,,,,,,0,Matches
236,Luis Fernandez,eng ENG,DF,Eastleigh,22,2001,21.4,7,0,0,,,,,,,,,1,Matches
237,Kyle Finn,eng ENG,MF,Tamworth,25,1998,13.2,4,0,0,,,,,,,,,0,Matches
238,Sonny Fish,eng ENG,FW,Solihull Moors,20,2004,0.5,0,0,0,,,,,,,,,0,Matches
239,Brandon Fleming,eng ENG,MF,Forest Green Rovers,24,1999,2.8,2,0,0,,,,,,,,,0,Matches
240,Alex Fletcher,eng ENG,"MF,DF",Tamworth,27,1996,14.1,1,0,0,,,,,,,,,0,Matches
241,Louis Flower,eng ENG,"FW,MF",Gateshead,19,2004,2.7,1,0,0,,,,,,,,,0,Matches
242,Samuel Folarin,ng NGA,"MF,FW",Hartlepool United,23,2000,4.5,1,0,0,,,,,,,,,0,Matches
243,Mike Fondop-Talom,cm CMR,FW,Oldham Athletic,30,1993,35.4,7,0,0,,,,,,,,,0,Matches
244,Wesley Fonguck,eng ENG,"MF,FW",Ebbsfleet United,27,1997,8.3,0,0,0,,,,,,,,,0,Matches
245,Taylor Foran,eng ENG,DF,Southend United,20,2003,1,0,0,0,,,,,,,,,0,Matches
246,Nathaniel Ford,eng ENG,GK,FC Halifax Town,20,2004,0.6,0,0,0,,,,,,,,,0,Matches
247,Kian Foreman,,FW,Hartlepool United,,,0.1,0,0,0,,,,,,,,,0,Matches
248,Ludwig Francillette,gp GLP,DF,Eastleigh,25,1999,42.6,9,1,1,,,,,,,,,0,Matches
249,Aidan Francis,eng ENG,"DF,FW",Braintree Town,20,2004,18.5,3,0,0,,,,,,,,,0,Matches
250,Chris Francis,eng ENG,"DF,MF",Dagenham & Redbridge,21,2002,8.5,2,1,0,,,,,,,,,0,Matches
Rk,Player,Nation,Pos,Squad,Age,Born,90s,CrdY,CrdR,2CrdY,Fls,Fld,Off,Crs,Int,TklW,PKwon,PKcon,OG,Matches
251,Jermaine Francis,gd GRN,MF,Barnet,22,2002,0.2,0,0,0,,,,,,,,,0,Matches
252,Jermaine Francis,gd GRN,"MF,FW",Braintree Town,22,2002,26.6,8,0,0,,,,,,,,,0,Matches
253,Kieron Freeman,wls WAL,DF,Hartlepool United,32,1992,3.9,0,0,0,,,,,,,,,0,Matches
254,Tyler French,eng ENG,DF,Sutton United,25,1999,38.8,10,1,0,,,,,,,,,0,Matches
255,Tyler Frost,eng ENG,MF,Aldershot Town,25,1999,28.9,2,0,0,,,,,,,,,1,Matches
256,Jamal Fyfield,eng ENG,DF,Braintree Town,35,1989,14.8,2,0,0,,,,,,,,,0,Matches
257,James Gale,eng ENG,"MF,FW",Boston United,22,2001,6.9,3,0,0,,,,,,,,,0,Matches
258,James Gale,eng ENG,"FW,MF",Solihull Moors,22,2001,7.2,4,0,0,,,,,,,,,0,Matches
259,Oisin Gallagher,nir NIR,"MF,DF",Boston United,19,2004,3.5,1,0,0,,,,,,,,,0,Matches
260,Ryan Galvin,eng ENG,"DF,MF",FC Halifax Town,23,2001,29.8,3,0,0,,,,,,,,,0,Matches
261,Patrick Gamble,eng ENG,DF,Fylde,20,2003,6.3,2,0,0,,,,,,,,,0,Matches
262,Dominic Gape,eng ENG,MF,Eastleigh,29,1994,7.1,2,0,0,,,,,,,,,0,Matches
263,Dan Gardner,eng ENG,"MF,FW",Oldham Athletic,34,1990,10.5,5,0,0,,,,,,,,,0,Matches
264,Joe Garner,eng ENG,"FW,MF",Oldham Athletic,36,1988,5.1,2,0,0,,,,,,,,,0,Matches
265,Jordan Garrick,eng ENG,MF,Forest Green Rovers,26,1998,11.3,3,0,0,,,,,,,,,0,Matches
266,Anthony Georgiou,cy CYP,"DF,MF",Wealdstone FC,27,1997,25.7,4,0,0,,,,,,,,,0,Matches
267,Hady Ghandour,lb LIB,FW,Aldershot Town,24,2000,15.1,1,0,0,,,,,,,,,0,Matches
268,Harvey Gilmour,eng ENG,MF,Rochdale,25,1998,33.2,4,0,0,,,,,,,,,0,Matches
269,Ryan Glover,eng ENG,"MF,DF",Barnet,23,2000,38.4,9,0,0,,,,,,,,,0,Matches
270,Felix Goddard,eng ENG,GK,Ebbsfleet United,20,2004,1,0,0,0,,,,,,,,,0,Matches
271,Tylor Golden,eng ENG,DF,Altrincham,24,1999,37.8,10,0,0,,,,,,,,,0,Matches
272,James Golding,ie IRL,"DF,MF",Southend United,19,2004,13,1,0,0,,,,,,,,,1,Matches
273,James Golding,ie IRL,"MF,DF",Maidenhead United,19,2004,6.8,1,0,0,,,,,,,,,0,Matches
274,Anthony Gomez Mancini,fr FRA,"MF,FW",Hartlepool United,23,2001,10.3,3,0,0,,,,,,,,,0,Matches
275,Ben Goodliffe,eng ENG,DF,Southend United,25,1999,14.3,2,0,0,,,,,,,,,0,Matches
Rk,Player,Nation,Pos,Squad,Age,Born,90s,CrdY,CrdR,2CrdY,Fls,Fld,Off,Crs,Int,TklW,PKwon,PKcon,OG,Matches
276,Kyron Gordon,eng ENG,DF,Rochdale,22,2002,37.6,3,0,0,,,,,,,,,1,Matches
277,Dale Gorman,nir NIR,MF,Woking,28,1996,31.5,18,1,1,,,,,,,,,0,Matches
278,Joshua Grant,eng ENG,"DF,MF",Wealdstone FC,25,1998,16.3,2,0,0,,,,,,,,,0,Matches
279,Henry Gray,nz NZL,GK,Braintree Town,19,2005,20,3,0,0,,,,,,,,,1,Matches
280,Joe Grayson,eng ENG,DF,Gateshead,25,1999,10.8,3,0,0,,,,,,,,,0,Matches
281,Cameron Green,eng ENG,"DF,MF",Boston United,25,1999,41.4,8,0,0,,,,,,,,,0,Matches
282,Oliver Green,eng ENG,MF,Boston United,21,2003,0.8,0,0,0,,,,,,,,,0,Matches
283,Harvey Greenslade,eng ENG,"FW,MF",Yeovil Town,20,2004,9.9,2,0,0,,,,,,,,,0,Matches
284,Reece Grego-Cox,ie IRL,FW,Dagenham & Redbridge,27,1996,7.4,2,0,0,,,,,,,,,0,Matches
285,Cameron Gregory,eng ENG,GK,Boston United,24,2000,30.5,1,1,0,,,,,,,,,0,Matches
286,Joe Grey,eng ENG,"FW,MF",Hartlepool United,21,2003,31,4,0,0,,,,,,,,,0,Matches
287,Regan Griffiths,eng ENG,MF,Altrincham,24,2000,0.5,1,0,0,,,,,,,,,0,Matches
288,Joe Grimwood,eng ENG,DF,Barnet,22,2001,7.2,1,1,0,,,,,,,,,0,Matches
289,Joe Grimwood,eng ENG,"DF,FW",Braintree Town,22,2001,7,0,0,0,,,,,,,,,0,Matches
290,George Grumley,,MF,York City,,,0,0,0,0,,,,,,,,,0,Matches
291,Joe Gubbins,eng ENG,DF,Southend United,22,2001,12.8,4,0,0,,,,,,,,,1,Matches
292,Luca Gunter,eng ENG,GK,Wealdstone FC,19,2005,14,1,0,0,,,,,,,,,0,Matches
293,Reece Hall-Johnson,eng ENG,MF,Barnet,29,1995,2.9,0,0,0,,,,,,,,,0,Matches
294,Reece Hall-Johnson,eng ENG,DF,Solihull Moors,29,1995,5.5,3,0,0,,,,,,,,,0,Matches
295,Oliver Hammond,wls WAL,"MF,FW",Oldham Athletic,21,2002,5.4,0,0,0,,,,,,,,,0,Matches
296,Luke Hannant,eng ENG,"MF,DF",Gateshead,30,1993,43.7,10,0,0,,,,,,,,,0,Matches
297,Ollie Harfield,eng ENG,DF,Aldershot Town,26,1998,5.2,0,0,0,,,,,,,,,0,Matches
298,Cameron Hargreaves,eng ENG,MF,Aldershot Town,25,1998,37.9,7,1,0,,,,,,,,,0,Matches
299,Nathan Harness,eng ENG,GK,Southend United,24,2000,2.8,1,0,0,,,,,,,,,0,Matches
300,Kayden Harrack,gd GRN,"DF,MF",Dagenham & Redbridge,20,2003,7.3,2,0,0,,,,,,,,,0,Matches
Rk,Player,Nation,Pos,Squad,Age,Born,90s,CrdY,CrdR,2CrdY,Fls,Fld,Off,Crs,Int,TklW,PKwon,PKcon,OG,Matches
301,Kian Harratt,eng ENG,FW,Oldham Athletic,22,2002,6.4,0,0,0,,,,,,,,,0,Matches
302,Cian Harries,wls WAL,DF,Woking,27,1997,23.4,5,0,0,,,,,,,,,0,Matches
303,Cian Harries,wls WAL,DF,Forest Green Rovers,27,1997,12.2,2,0,0,,,,,,,,,0,Matches
304,Callum Harriott,gy GUY,"MF,FW",Ebbsfleet United,30,1994,4.1,2,0,0,,,,,,,,,0,Matches
305,Callum Harriott,gy GUY,MF,York City,30,1994,1.7,1,0,0,,,,,,,,,0,Matches
306,Jayden Harris,eng ENG,"MF,FW",Sutton United,24,1999,14.4,5,0,0,,,,,,,,,0,Matches
307,Anthony Hartigan,eng ENG,"MF,DF",Barnet,24,2000,45.8,4,0,0,,,,,,,,,0,Matches
308,Nathan Harvey,eng ENG,GK,Dagenham & Redbridge,22,2002,4.1,0,0,0,,,,,,,,,0,Matches
309,Nick Haughton,eng ENG,"MF,FW",Fylde,29,1994,40.5,3,0,0,,,,,,,,,0,Matches
310,Brandon Haunstrup,eng ENG,"DF,MF",Gateshead,27,1996,5.9,0,0,0,,,,,,,,,0,Matches
311,Will de Havilland,eng ENG,DF,Maidenhead United,29,1994,36.7,8,0,0,,,,,,,,,1,Matches
312,Nicholas Hayes,eng ENG,GK,Southend United,25,1999,18,1,0,0,,,,,,,,,0,Matches
313,Nicholas Hayes,eng ENG,GK,Barnet,25,1999,25,1,0,0,,,,,,,,,0,Matches
314,Maxwell Haygarth,eng ENG,MF,Altrincham,22,2002,2.7,2,0,0,,,,,,,,,0,Matches
315,Jacob Hazel,kn SKN,"FW,MF",Boston United,30,1994,35,7,0,0,,,,,,,,,0,Matches
316,Michael Hector,jm JAM,DF,Dagenham & Redbridge,32,1992,2,0,0,0,,,,,,,,,0,Matches
317,Ian Henderson,eng ENG,"FW,MF",Rochdale,39,1985,13.7,0,0,0,,,,,,,,,0,Matches
318,Aaron Henry,eng ENG,MF,Rochdale,20,2003,7.2,1,0,0,,,,,,,,,0,Matches
319,James Henry,eng ENG,"FW,MF",Aldershot Town,35,1989,23.9,6,0,0,,,,,,,,,0,Matches
320,Jake Hessenthaler,eng ENG,MF,Dagenham & Redbridge,30,1994,31,7,1,0,,,,,,,,,0,Matches
321,Scott High,sct SCO,MF,FC Halifax Town,23,2001,20.1,3,0,0,,,,,,,,,0,Matches
322,Dylan Hill,eng ENG,MF,Boston United,20,2004,39.3,8,0,0,,,,,,,,,0,Matches
323,Ryan Hill,eng ENG,MF,Dagenham & Redbridge,26,1998,32.6,9,0,0,,,,,,,,,0,Matches
324,Tariq Hinds,eng ENG,MF,Braintree Town,24,2000,0.9,0,0,0,,,,,,,,,0,Matches
325,Tariq Hinds,eng ENG,"DF,MF",Woking,24,2000,13.1,4,1,1,,,,,,,,,0,Matches
Rk,Player,Nation,Pos,Squad,Age,Born,90s,CrdY,CrdR,2CrdY,Fls,Fld,Off,Crs,Int,TklW,PKwon,PKcon,OG,Matches
326,Jack Hitchman,eng ENG,GK,Tamworth,20,2004,0.7,0,0,0,,,,,,,,,0,Matches
327,Bailey Hobson,eng ENG,"MF,FW",Barnet,21,2002,9.7,1,0,0,,,,,,,,,0,Matches
328,Shaun Hobson,eng ENG,DF,Oldham Athletic,26,1998,19.2,2,0,0,,,,,,,,,0,Matches
329,Lee Hodson,nir NIR,"MF,DF",Eastleigh,32,1991,15.1,2,0,0,,,,,,,,,0,Matches
330,Liam Hogan,eng ENG,DF,Rochdale,35,1989,26,3,0,0,,,,,,,,,1,Matches
331,Haydn Hollis,eng ENG,DF,Tamworth,31,1992,46,3,0,0,,,,,,,,,1,Matches
332,Fletcher Holman,eng ENG,"FW,MF",Solihull Moors,19,2004,11.5,1,0,0,,,,,,,,,0,Matches
333,Finley Holmes,eng ENG,MF,Solihull Moors,18,2006,0.2,0,0,0,,,,,,,,,0,Matches
334,Josh Home,eng ENG,MF,Gateshead,19,2005,0.2,0,0,0,,,,,,,,,0,Matches
335,Tom Hopper,eng ENG,FW,Southend United,30,1993,14.7,2,0,0,,,,,,,,,0,Matches
336,Branden Horton,eng ENG,"MF,DF",Gateshead,23,2000,15.8,5,0,0,,,,,,,,,0,Matches
337,Bryce Hosannah,eng ENG,"DF,MF",Fylde,25,1999,18.3,3,0,0,,,,,,,,,0,Matches
338,Florent Hoti,xk KVX,"MF,FW",FC Halifax Town,23,2000,30.1,7,0,0,,,,,,,,,0,Matches
339,Callum Howe,eng ENG,DF,York City,30,1994,46,3,0,0,,,,,,,,,0,Matches
340,Finn Howell,,DF,Solihull Moors,,,0.2,0,0,0,,,,,,,,,0,Matches
341,Samuel Howes,eng ENG,GK,Wealdstone FC,26,1997,7.2,0,0,0,,,,,,,,,0,Matches
342,Samuel Howes,eng ENG,GK,Maidenhead United,26,1997,6,0,0,0,,,,,,,,,0,Matches
343,Mathew Hudson,eng ENG,GK,Oldham Athletic,26,1998,35,3,0,0,,,,,,,,,0,Matches
344,Will Hugill,eng ENG,MF,Fylde,20,2004,19.6,4,0,0,,,,,,,,,0,Matches
345,Liam Humbles,eng ENG,MF,Gateshead,20,2003,15.1,0,0,0,,,,,,,,,0,Matches
346,Liam Humbles,eng ENG,"MF,FW",Altrincham,20,2003,5.3,0,0,0,,,,,,,,,0,Matches
347,Lloyd Humphries,wls WAL,"DF,MF",Eastleigh,26,1997,25.4,4,0,0,,,,,,,,,0,Matches
348,Alex Hunt,eng ENG,MF,York City,24,2000,40.2,10,0,0,,,,,,,,,0,Matches
349,Jack Hunter,eng ENG,"MF,DF",Hartlepool United,26,1997,21.8,8,1,1,,,,,,,,,0,Matches
350,Noor Husin,af AFG,MF,Southend United,27,1997,35.7,6,0,0,,,,,,,,,0,Matches
Rk,Player,Nation,Pos,Squad,Age,Born,90s,CrdY,CrdR,2CrdY,Fls,Fld,Off,Crs,Int,TklW,PKwon,PKcon,OG,Matches
351,Dominic Hutchinson,eng ENG,"MF,DF",Wealdstone FC,22,2001,16.7,3,0,0,,,,,,,,,0,Matches
352,Rohan Ince,ms MSR,"DF,FW",Woking,31,1992,0,0,0,0,,,,,,,,,0,Matches
353,Ryan Inniss,eng ENG,DF,Forest Green Rovers,29,1995,37.9,3,1,0,,,,,,,,,0,Matches
354,Alex Iwumene,eng ENG,MF,Eastleigh,19,2005,0,0,0,0,,,,,,,,,0,Matches
355,William Jääskeläinen,fi FIN,GK,Woking,26,1998,44,4,0,0,,,,,,,,,0,Matches
356,Ryan Jackson,eng ENG,"DF,MF",Sutton United,34,1990,19.2,1,0,0,,,,,,,,,0,Matches
357,Edward James,wls WAL,DF,Yeovil Town,19,2004,1.7,1,0,0,,,,,,,,,0,Matches
358,Aaron Jarvis,eng ENG,FW,Yeovil Town,26,1998,22,5,0,0,,,,,,,,,0,Matches
359,Zach Jeacock,eng ENG,GK,Southend United,23,2001,2.3,0,1,0,,,,,,,,,0,Matches
360,Jack Jenkins,eng ENG,MF,FC Halifax Town,22,2002,18.1,5,0,0,,,,,,,,,0,Matches
361,Luke Jenkins,eng ENG,"DF,MF",Aldershot Town,21,2002,5.8,2,0,0,,,,,,,,,0,Matches
362,Teddy Jenks,eng ENG,"DF,MF",Forest Green Rovers,22,2002,7.5,0,0,0,,,,,,,,,0,Matches
363,Cameron John,eng ENG,DF,York City,24,1999,26.3,6,0,0,,,,,,,,,0,Matches
364,Louis John,eng ENG,"DF,MF",Ebbsfleet United,30,1994,6.3,0,0,0,,,,,,,,,0,Matches
365,Lenell John-Lewis,eng ENG,"FW,MF",York City,35,1989,7.3,3,0,0,,,,,,,,,0,Matches
366,Brayden Johnson,eng ENG,MF,Gateshead,18,2006,0.9,0,0,0,,,,,,,,,0,Matches
367,Joshua Johnson,eng ENG,"MF,FW",Maidenhead United,19,2004,11.6,0,0,0,,,,,,,,,0,Matches
368,Sam Johnson,eng ENG,GK,FC Halifax Town,31,1992,37.4,0,0,0,,,,,,,,,0,Matches
369,Charlie Jolley,eng ENG,"FW,MF",Fylde,23,2001,23.7,9,0,0,,,,,,,,,0,Matches
370,Aaron Jones,eng ENG,"MF,DF",Aldershot Town,30,1994,30.3,11,2,1,,,,,,,,,0,Matches
371,Dan Jones,eng ENG,DF,Gateshead,29,1994,17.5,4,0,0,,,,,,,,,0,Matches
372,Edward Jones,wls WAL,DF,Altrincham,22,2001,9.3,4,1,0,,,,,,,,,0,Matches
373,Jacob Jones,wls WAL,"MF,DF",Woking,22,2001,6.9,2,0,0,,,,,,,,,0,Matches
374,James Jones,sct SCO,DF,Altrincham,27,1997,23,0,0,0,,,,,,,,,0,Matches
375,Louis Jones,eng ENG,GK,Dagenham & Redbridge,25,1998,6.9,0,0,0,,,,,,,,,0,Matches
Rk,Player,Nation,Pos,Squad,Age,Born,90s,CrdY,CrdR,2CrdY,Fls,Fld,Off,Crs,Int,TklW,PKwon,PKcon,OG,Matches
376,Ryan Jones,eng ENG,"MF,FW",Aldershot Town,22,2002,28.1,5,0,0,,,,,,,,,0,Matches
377,Sean Jordon Adarkwa,eng ENG,FW,Wealdstone FC,23,2000,0.4,0,0,0,,,,,,,,,0,Matches
378,Alan Judge,ie IRL,MF,Braintree Town,35,1988,5.1,0,0,0,,,,,,,,,0,Matches
379,Alan Judge,ie IRL,MF,Woking,35,1988,2.1,0,0,0,,,,,,,,,0,Matches
380,Elliot Justham,eng ENG,GK,Dagenham & Redbridge,34,1990,28,3,0,0,,,,,,,,,0,Matches
381,Nicke Kabamba,eng ENG,"FW,MF",Barnet,31,1993,14.3,1,0,0,,,,,,,,,0,Matches
382,Adan Kai George,eng ENG,"FW,MF",FC Halifax Town,22,2002,11.8,2,1,1,,,,,,,,,0,Matches
383,Paul Kalambayi,eng ENG,DF,Dagenham & Redbridge,25,1999,37.5,2,0,0,,,,,,,,,2,Matches
384,Todd Kane,eng ENG,"DF,MF",Ebbsfleet United,30,1993,8.5,0,0,0,,,,,,,,,0,Matches
385,Idris Kanu,sl SLE,"MF,FW",Barnet,24,1999,28.2,5,0,0,,,,,,,,,0,Matches
386,Josh Kay,eng ENG,MF,Oldham Athletic,27,1996,8.4,5,1,1,,,,,,,,,0,Matches
387,Bradley Keetch,eng ENG,MF,Maidenhead United,23,2000,2.7,1,0,0,,,,,,,,,0,Matches
388,Jim Kellerman,eng ENG,"MF,DF",Ebbsfleet United,26,1997,9.3,3,0,0,,,,,,,,,0,Matches
389,Bradley Kelly,eng ENG,GK,Rochdale,24,2000,0.2,0,0,0,,,,,,,,,0,Matches
390,Dion Kelly-Evans,eng ENG,"DF,MF",Woking,27,1996,22.2,1,1,0,,,,,,,,,0,Matches
391,Charlie Kendall,eng ENG,FW,Southend United,23,2000,11.9,0,0,0,,,,,,,,,0,Matches
392,Charlie Kendall,eng ENG,"FW,MF",Woking,23,2000,9.5,3,0,0,,,,,,,,,0,Matches
393,Myles Kenlock,eng ENG,"DF,MF",Barnet,27,1996,40.1,5,0,0,,,,,,,,,0,Matches
394,Ollie Kensdale,eng ENG,"DF,MF",Southend United,24,2000,3,0,0,0,,,,,,,,,0,Matches
395,Matt Kerbey,eng ENG,GK,Sutton United,22,2002,0.1,0,0,0,,,,,,,,,0,Matches
396,Rafiq Khaleel,eng ENG,MF,Dagenham & Redbridge,21,2003,3.5,0,0,0,,,,,,,,,0,Matches
397,Otis Khan,pk PAK,MF,Oldham Athletic,28,1995,2.7,2,1,1,,,,,,,,,0,Matches
398,Otis Khan,pk PAK,"MF,FW",Yeovil Town,28,1995,3.4,1,1,0,,,,,,,,,0,Matches
399,Brendan Kiernan,eng ENG,"MF,FW",Maidenhead United,31,1992,5.9,2,0,0,,,,,,,,,0,Matches
400,Jeff King,eng ENG,DF,York City,28,1995,4.4,1,0,0,,,,,,,,,0,Matches
Rk,Player,Nation,Pos,Squad,Age,Born,90s,CrdY,CrdR,2CrdY,Fls,Fld,Off,Crs,Int,TklW,PKwon,PKcon,OG,Matches
401,Jack Kingdon,sct SCO,DF,Rochdale,18,2005,10.6,2,0,0,,,,,,,,,0,Matches
402,Alex Kirk,eng ENG,"DF,MF",Sutton United,21,2002,9.4,0,0,0,,,,,,,,,0,Matches
403,Mark Kitching,eng ENG,"MF,DF",Oldham Athletic,28,1995,35.2,4,0,0,,,,,,,,,0,Matches
404,Harry Kite,eng ENG,MF,Yeovil Town,24,2000,4.8,3,0,0,,,,,,,,,0,Matches
405,Joe Kizzi,eng ENG,"DF,FW",Barnet,31,1993,8,1,0,0,,,,,,,,,1,Matches
406,Jacob Knightbridge,eng ENG,GK,Braintree Town,20,2004,2,0,0,0,,,,,,,,,0,Matches
407,Jimmy Knowles,eng ENG,"FW,MF",Boston United,23,2001,13.5,1,0,0,,,,,,,,,0,Matches
408,Tom Knowles,eng ENG,"FW,MF",Forest Green Rovers,25,1998,25.5,6,0,0,,,,,,,,,0,Matches
409,Corey Koerner,,,Yeovil Town,,,0,0,0,0,,,,,,,,,0,Matches
410,Ricky Korboa,eng ENG,MF,Maidenhead United,27,1996,2.9,0,0,0,,,,,,,,,0,Matches
411,Matty Kosylo,eng ENG,"MF,FW",Altrincham,31,1992,13.2,6,2,0,,,,,,,,,0,Matches
412,Max Kretzschmar,eng ENG,MF,Wealdstone FC,30,1993,32.1,9,1,1,,,,,,,,,0,Matches
413,Joss Labadie,eng ENG,"MF,DF",Solihull Moors,33,1990,3.9,2,1,1,,,,,,,,,0,Matches
414,Levi Laing,eng ENG,DF,Aldershot Town,21,2003,2.9,0,0,0,,,,,,,,,0,Matches
415,Rob Lainton,eng ENG,GK,Altrincham,34,1989,6.4,1,0,0,,,,,,,,,0,Matches
416,Reggie Lambe,bm BER,MF,Braintree Town,33,1991,1.2,2,0,0,,,,,,,,,0,Matches
417,George Langston,eng ENG,DF,Braintree Town,21,2002,41.5,9,0,0,,,,,,,,,1,Matches
418,Alex Lankshear,eng ENG,"DF,MF",Ebbsfleet United,21,2002,13.5,0,0,0,,,,,,,,,1,Matches
419,Thierry Latty Fairweather,eng ENG,DF,Maidenhead United,21,2002,28.9,7,1,0,,,,,,,,,0,Matches
420,Marcel Lavinier,eng ENG,"MF,DF",Yeovil Town,23,2000,3.8,1,0,0,,,,,,,,,0,Matches
421,Marcel Lavinier,eng ENG,DF,Forest Green Rovers,23,2000,1.1,0,0,0,,,,,,,,,0,Matches
422,Conor Lawless,eng ENG,MF,Dagenham & Redbridge,23,2001,0.7,1,0,0,,,,,,,,,0,Matches
423,Sha'mar Lawson,,MF,Ebbsfleet United,,,2.5,0,0,0,,,,,,,,,0,Matches
424,Sha'mar Lawson,,"MF,DF",Woking,,,2.8,2,0,0,,,,,,,,,0,Matches
425,Tom Leahy,eng ENG,"FW,MF",Woking,20,2004,4.7,1,0,0,,,,,,,,,0,Matches
Rk,Player,Nation,Pos,Squad,Age,Born,90s,CrdY,CrdR,2CrdY,Fls,Fld,Off,Crs,Int,TklW,PKwon,PKcon,OG,Matches
426,Tom Leak,eng ENG,DF,Boston United,23,2000,11.2,3,0,0,,,,,,,,,0,Matches
427,Jake Leake,eng ENG,"DF,MF",Oldham Athletic,21,2003,14,1,0,0,,,,,,,,,0,Matches
428,Lewis Leigh,eng ENG,"MF,FW",FC Halifax Town,20,2003,3.8,0,1,0,,,,,,,,,0,Matches
429,Dennon Lewis,eng ENG,MF,Woking,27,1997,10.9,0,0,0,,,,,,,,,0,Matches
430,Sam Ling,eng ENG,DF,Dagenham & Redbridge,27,1996,7.5,0,0,0,,,,,,,,,0,Matches
431,Regan Linney,eng ENG,"FW,MF",Altrincham,27,1997,34.2,9,0,0,,,,,,,,,0,Matches
432,Kyreece Lisbie,jm JAM,MF,Braintree Town,20,2003,4.5,2,0,0,,,,,,,,,0,Matches
433,Kyrell Lisbie,jm JAM,"MF,FW",Braintree Town,20,2003,28.4,7,0,0,,,,,,,,,0,Matches
434,Kai Lissimore,eng ENG,MF,Tamworth,20,2003,1,1,0,0,,,,,,,,,0,Matches
435,Paris Lock,eng ENG,FW,Braintree Town,19,2004,0.2,0,0,0,,,,,,,,,0,Matches
436,Kevin Lokko,eng ENG,DF,Maidenhead United,28,1995,25.3,4,1,0,,,,,,,,,0,Matches
437,Adam Long,eng ENG,DF,Fylde,23,2000,15,2,0,0,,,,,,,,,1,Matches
438,Sean Long,ie IRL,DF,Forest Green Rovers,29,1995,30.5,9,1,1,,,,,,,,,0,Matches
439,Aaron Loupalo-Bi,eng ENG,FW,Dagenham & Redbridge,18,2005,11.8,0,0,0,,,,,,,,,0,Matches
440,Kazenga LuaLua,cd COD,MF,Hartlepool United,33,1990,2.7,1,0,0,,,,,,,,,0,Matches
441,Junior Luamba,eng ENG,MF,York City,21,2003,7.2,0,0,0,,,,,,,,,0,Matches
442,Lucas,br BRA,GK,Braintree Town,33,1991,23,0,0,0,,,,,,,,,0,Matches
443,Lucas,br BRA,GK,Ebbsfleet United,33,1991,1,0,0,0,,,,,,,,,0,Matches
444,Josh Lundstram,eng ENG,"MF,FW",Oldham Athletic,25,1999,25.8,1,0,0,,,,,,,,,0,Matches
445,Lennon MacLorg,eng ENG,GK,Braintree Town,18,2005,1,0,0,0,,,,,,,,,0,Matches
446,Jacob Maddox,eng ENG,"MF,FW",Yeovil Town,25,1998,1.4,0,0,0,,,,,,,,,0,Matches
447,Gary Madine,eng ENG,FW,Hartlepool United,33,1990,15.8,1,0,0,,,,,,,,,0,Matches
448,Christian Maghoma,cd COD,"DF,MF",Aldershot Town,26,1997,21,5,0,0,,,,,,,,,0,Matches
449,Chris Maguire,sct SCO,"FW,MF",Eastleigh,35,1989,26.8,7,0,0,,,,,,,,,0,Matches
450,Frankie Maguire,eng ENG,MF,Boston United,21,2003,27.5,4,0,0,,,,,,,,,0,Matches
Rk,Player,Nation,Pos,Squad,Age,Born,90s,CrdY,CrdR,2CrdY,Fls,Fld,Off,Crs,Int,TklW,PKwon,PKcon,OG,Matches
451,Niall Maher,eng ENG,DF,Eastleigh,29,1995,33.8,6,0,0,,,,,,,,,0,Matches
452,Ronan Maher,ie IRL,MF,Tamworth,19,2004,9.2,1,0,0,,,,,,,,,0,Matches
453,Trent Mahorn,eng ENG,"DF,MF",Dagenham & Redbridge,22,2001,21.3,9,0,0,,,,,,,,,0,Matches
454,Emmanuel Maja-Awesu,eng ENG,MF,Aldershot Town,23,2001,2.8,1,0,0,,,,,,,,,0,Matches
455,Jovan Malcolm,eng ENG,"FW,MF",Gateshead,21,2002,22.9,2,0,0,,,,,,,,,0,Matches
456,Harrison Male,eng ENG,GK,York City,23,2000,40.2,4,0,0,,,,,,,,,0,Matches
457,Maxx Manktelow,,"DF,FW",Ebbsfleet United,,,10.6,3,0,0,,,,,,,,,0,Matches
458,Adrian Mariappa,jm JAM,DF,Wealdstone FC,37,1986,34.2,9,1,1,,,,,,,,,0,Matches
459,Adam Marriott,eng ENG,FW,Boston United,33,1991,5.4,0,0,0,,,,,,,,,0,Matches
460,Isaac Marriott,eng ENG,MF,Altrincham,24,1999,10.8,5,0,0,,,,,,,,,0,Matches
461,Marley Marshall-Miranda,eng ENG,"MF,DF",Braintree Town,21,2002,24.8,16,1,1,,,,,,,,,0,Matches
462,Brandon Mason,eng ENG,"MF,DF",Wealdstone FC,26,1997,4.4,3,0,0,,,,,,,,,0,Matches
463,Owen Mason,ie IRL,GK,Gateshead,20,2004,11,0,0,0,,,,,,,,,0,Matches
464,Alan Massey,eng ENG,DF,Maidenhead United,35,1989,14.6,2,1,1,,,,,,,,,2,Matches
465,Gavin Massey,eng ENG,"MF,FW",Fylde,31,1992,24.8,8,0,0,,,,,,,,,0,Matches
466,Roshaun Mathurin,eng ENG,"MF,FW",Hartlepool United,20,2004,3.3,0,0,0,,,,,,,,,0,Matches
467,Archie Matthews,eng ENG,GK,Wealdstone FC,22,2001,8.2,0,0,0,,,,,,,,,0,Matches
468,Adam May,eng ENG,MF,Forest Green Rovers,26,1997,45.4,5,0,0,,,,,,,,,0,Matches
469,Jokubas Mazionis,lt LTU,DF,Woking,18,2006,6,1,0,0,,,,,,,,,0,Matches
470,Kyle McAllister,sct SCO,"MF,FW",Forest Green Rovers,25,1999,38.3,5,0,0,,,,,,,,,0,Matches
471,Connor McAvoy,sct SCO,DF,Wealdstone FC,22,2002,13,4,0,0,,,,,,,,,0,Matches
472,Connor McBride,sct SCO,"FW,MF",Rochdale,23,2001,19,1,0,0,,,,,,,,,0,Matches
473,Paul McCallum,eng ENG,FW,Eastleigh,31,1993,25.8,10,0,0,,,,,,,,,1,Matches
474,Charlie McCann,nir NIR,MF,Forest Green Rovers,22,2002,34.5,8,0,0,,,,,,,,,0,Matches
475,Luke McCormick,eng ENG,MF,Forest Green Rovers,25,1999,1.8,0,0,0,,,,,,,,,0,Matches
Rk,Player,Nation,Pos,Squad,Age,Born,90s,CrdY,CrdR,2CrdY,Fls,Fld,Off,Crs,Int,TklW,PKwon,PKcon,OG,Matches
476,Shawn McCoulsky,eng ENG,FW,Maidenhead United,27,1997,36.7,6,0,0,,,,,,,,,0,Matches
477,Wesley McDonald,eng ENG,"FW,MF",Eastleigh,27,1997,1.4,1,0,0,,,,,,,,,0,Matches
478,Joe McDonnell,eng ENG,GK,Eastleigh,30,1994,46,4,0,0,,,,,,,,,1,Matches
479,Callum McFarlane,eng ENG,"FW,MF",Wealdstone FC,20,2003,7,0,0,0,,,,,,,,,0,Matches
480,Lincoln McFayden,eng ENG,"DF,MF",Fylde,22,2002,24.2,2,0,0,,,,,,,,,0,Matches
481,Brett McGavin,eng ENG,MF,Yeovil Town,24,1999,33.2,3,0,0,,,,,,,,,0,Matches
482,Tom McGlinchey,eng ENG,MF,Tamworth,27,1996,33,2,0,0,,,,,,,,,0,Matches
483,Will McGowan,eng ENG,"MF,FW",Gateshead,21,2002,9.6,0,0,0,,,,,,,,,0,Matches
484,Ciaran McGuckin,nir NIR,"FW,MF",Yeovil Town,20,2003,18.2,1,0,0,,,,,,,,,0,Matches
485,Sean McGurk,eng ENG,"FW,MF",Yeovil Town,21,2003,6.3,0,0,0,,,,,,,,,0,Matches
486,Patrick McLaughlin,nir NIR,"DF,MF",York City,33,1991,0.3,0,0,0,,,,,,,,,0,Matches
487,Ryan McLean,eng ENG,MF,Yeovil Town,24,2000,2.8,0,0,0,,,,,,,,,0,Matches
488,Luke McNicholas,ie IRL,GK,Rochdale,24,2000,9,0,0,0,,,,,,,,,0,Matches
489,Cameron McPherson,,,Braintree Town,,,0,0,0,0,,,,,,,,,0,Matches
490,Rollin Menayese,wls WAL,"DF,MF",Aldershot Town,26,1997,11.2,4,0,0,,,,,,,,,0,Matches
491,Cavanagh Miley,eng ENG,MF,Southend United,29,1995,12.7,8,1,1,,,,,,,,,0,Matches
492,Jamie Miley,eng ENG,MF,Hartlepool United,20,2004,11.9,6,0,0,,,,,,,,,0,Matches
493,Todd Miller,eng ENG,MF,Wealdstone FC,21,2002,0.4,0,0,0,,,,,,,,,0,Matches
494,Zak Mills,eng ENG,DF,Boston United,32,1992,38.8,9,0,0,,,,,,,,,0,Matches
495,Carter Milmore,eng ENG,DF,Gateshead,18,2005,0.1,0,0,0,,,,,,,,,0,Matches
496,Ben Milnes,eng ENG,MF,Tamworth,32,1991,19,8,0,0,,,,,,,,,0,Matches
497,Ethan Mitchell,eng ENG,MF,Fylde,21,2002,38.3,14,0,0,,,,,,,,,0,Matches
498,Kairo Mitchell,gd GRN,FW,Rochdale,26,1997,34.6,8,0,0,,,,,,,,,0,Matches
499,Jayden Mitchell-Lawson,eng ENG,MF,Maidenhead United,24,1999,9.7,2,0,0,,,,,,,,,0,Matches
500,George Moncur,eng ENG,"MF,FW",Southend United,30,1993,10.8,1,0,0,,,,,,,,,0,Matches
Rk,Player,Nation,Pos,Squad,Age,Born,90s,CrdY,CrdR,2CrdY,Fls,Fld,Off,Crs,Int,TklW,PKwon,PKcon,OG,Matches
501,George Moncur,eng ENG,"MF,FW",Ebbsfleet United,30,1993,18.9,0,0,0,,,,,,,,,0,Matches
502,Manny Monthe,cm CMR,DF,Oldham Athletic,29,1995,27,5,0,0,,,,,,,,,1,Matches
503,Daniel Mooney,wls WAL,"FW,MF",Boston United,25,1999,5.7,1,0,0,,,,,,,,,0,Matches
504,Deon Moore,gy GUY,"FW,MF",Woking,25,1999,5.9,1,0,0,,,,,,,,,0,Matches
505,Jack Moore,eng ENG,DF,Tamworth,20,2003,0,0,0,0,,,,,,,,,0,Matches
506,Jordan Moore-Taylor,eng ENG,"DF,MF",Forest Green Rovers,30,1994,18.6,2,0,0,,,,,,,,,0,Matches
507,Dylan Morgan,eng ENG,"MF,FW",Yeovil Town,21,2002,4.9,0,0,0,,,,,,,,,0,Matches
508,Junior Morias,eng ENG,"MF,FW",Dagenham & Redbridge,29,1995,17.3,2,0,0,,,,,,,,,0,Matches
509,Junior Morias,eng ENG,MF,Woking,29,1995,3.8,0,0,0,,,,,,,,,0,Matches
510,George Morrison,sct SCO,MF,Tamworth,18,2005,30.8,9,0,0,,,,,,,,,0,Matches
511,Kyle Morrison,eng ENG,DF,Solihull Moors,28,1996,6.6,1,0,0,,,,,,,,,0,Matches
512,James Morton,eng ENG,MF,Southend United,24,1999,31.5,3,0,0,,,,,,,,,0,Matches
513,Daniel Moss,eng ENG,"MF,DF",Woking,23,2000,23.7,9,0,0,,,,,,,,,0,Matches
514,Harry Moss,eng ENG,GK,Gateshead,20,2004,3,0,0,0,,,,,,,,,0,Matches
515,Fabian Mrozek,pl POL,GK,Forest Green Rovers,20,2003,11,1,0,0,,,,,,,,,0,Matches
516,Hayden Muller,eng ENG,"DF,MF",Sutton United,22,2002,20.4,4,0,0,,,,,,,,,0,Matches
517,Maxwell Mullins,eng ENG,"DF,MF",Aldershot Town,21,2002,7.5,3,0,0,,,,,,,,,0,Matches
518,Jaydn Mundle-Smith,eng ENG,DF,Wealdstone FC,24,1999,15.4,3,1,0,,,,,,,,,0,Matches
519,Christian N'Guessan,eng ENG,MF,Dagenham & Redbridge,25,1998,31.4,6,0,0,,,,,,,,,0,Matches
520,Ashley Nadesan,eng ENG,"FW,MF",Sutton United,29,1994,31.8,8,0,0,,,,,,,,,0,Matches
521,Richard Nartey,eng ENG,DF,Barnet,25,1998,0.6,0,0,0,,,,,,,,,0,Matches
522,Ashley Nathaniel-George,ag ATG,"MF,FW",York City,29,1995,22.1,6,1,0,,,,,,,,,0,Matches
523,Lee Ndlovu,zw ZIM,FW,Barnet,29,1994,15.8,1,0,0,,,,,,,,,0,Matches
524,Alex Newby,eng ENG,MF,Altrincham,28,1995,39.1,4,0,0,,,,,,,,,0,Matches
525,Joe Newton,eng ENG,"DF,MF",Solihull Moors,23,2001,36.4,7,0,0,,,,,,,,,0,Matches
Rk,Player,Nation,Pos,Squad,Age,Born,90s,CrdY,CrdR,2CrdY,Fls,Fld,Off,Crs,Int,TklW,PKwon,PKcon,OG,Matches
526,Tyrelle Newton,eng ENG,"FW,MF",Gateshead,19,2005,21.7,5,0,0,,,,,,,,,0,Matches
527,Brad Nicholson,eng ENG,DF,Boston United,25,1998,17.7,3,0,0,,,,,,,,,0,Matches
528,Daniel Nkrumah,eng ENG,FW,FC Halifax Town,20,2003,3.6,1,0,0,,,,,,,,,0,Matches
529,James Norwood,eng ENG,"FW,MF",Oldham Athletic,33,1990,14,5,0,0,,,,,,,,,0,Matches
530,Frank Nouble,eng ENG,FW,Gateshead,32,1991,3.3,1,0,0,,,,,,,,,0,Matches
531,Frank Nouble,eng ENG,"FW,MF",Yeovil Town,32,1991,27.3,4,0,0,,,,,,,,,0,Matches
532,Joe Nuttall,eng ENG,"FW,MF",Altrincham,27,1997,14.5,3,0,0,,,,,,,,,0,Matches
533,Solomon Nwabuokei,eng ENG,MF,Eastleigh,28,1996,3.5,2,0,0,,,,,,,,,0,Matches
534,Aiden O'Brien,ie IRL,MF,Woking,30,1993,6.2,2,0,0,,,,,,,,,0,Matches
535,Darragh O'Connor,ie IRL,DF,York City,24,1999,2.1,1,0,0,,,,,,,,,0,Matches
536,Taelor O'Kane,eng ENG,MF,Fylde,18,2005,7.9,1,0,0,,,,,,,,,0,Matches
537,Luke O'Neill,eng ENG,DF,Ebbsfleet United,32,1991,18.4,1,0,0,,,,,,,,,0,Matches
538,Marcel Oakley,eng ENG,"DF,MF",Solihull Moors,21,2002,25.5,6,0,0,,,,,,,,,0,Matches
539,Emeka Obi,ng NGA,DF,Fylde,23,2001,14.9,3,0,0,,,,,,,,,1,Matches
540,Micah Obiero,eng ENG,"FW,MF",Wealdstone FC,23,2001,21.3,5,0,0,,,,,,,,,0,Matches
541,Siju Odelusi,eng ENG,MF,Sutton United,25,1998,20.2,4,0,0,,,,,,,,,0,Matches
542,Nathan Odokonyero,eng ENG,FW,Ebbsfleet United,21,2002,0.3,0,0,0,,,,,,,,,0,Matches
543,Oluwarotimi Odusina,eng ENG,DF,Woking,24,1999,15.9,4,0,0,,,,,,,,,0,Matches
544,Reagan Ogle,eng ENG,DF,Oldham Athletic,25,1999,33,5,0,0,,,,,,,,,0,Matches
545,Miracle Okafor,eng ENG,FW,Tamworth,23,2001,2.2,0,0,0,,,,,,,,,0,Matches
546,Jid Okeke,ng NGA,"MF,FW",Rochdale,19,2004,5.8,1,0,0,,,,,,,,,0,Matches
547,Jerome Okimo,eng ENG,"DF,MF",Barnet,36,1988,1.6,0,0,0,,,,,,,,,0,Matches
548,Chinwike Okoli,eng ENG,DF,Sutton United,20,2003,6.4,3,0,0,,,,,,,,,0,Matches
549,Chinwike Okoli,eng ENG,DF,Woking,20,2003,15.4,4,1,0,,,,,,,,,0,Matches
550,Emmanuel Okunowo,eng ENG,MF,Braintree Town,18,2005,0.5,1,0,0,,,,,,,,,0,Matches
Rk,Player,Nation,Pos,Squad,Age,Born,90s,CrdY,CrdR,2CrdY,Fls,Fld,Off,Crs,Int,TklW,PKwon,PKcon,OG,Matches
551,Mustapha Olagunju,eng ENG,DF,Ebbsfleet United,22,2002,23.3,6,2,1,,,,,,,,,0,Matches
552,Greg Olley,eng ENG,FW,Gateshead,28,1996,1,0,0,0,,,,,,,,,0,Matches
553,Charlie Olson,eng ENG,DF,Altrincham,19,2004,17.9,5,0,0,,,,,,,,,1,Matches
554,Andrew Oluwabori,ng NGA,"MF,FW",FC Halifax Town,22,2001,16.7,3,0,0,,,,,,,,,0,Matches
555,Adebola Oluwo,eng ENG,DF,Barnet,24,1999,32.8,5,0,0,,,,,,,,,0,Matches
556,Joshua Oluwole,eng ENG,MF,Woking,25,1999,3.6,1,0,0,,,,,,,,,0,Matches
557,Tobi Omole,eng ENG,DF,Wealdstone FC,24,1999,0.1,0,0,0,,,,,,,,,0,Matches
558,Tyrese Omotoye,be BEL,FW,Forest Green Rovers,21,2002,0.4,0,0,0,,,,,,,,,0,Matches
559,Manny Onariase,ng NGA,"DF,MF",Hartlepool United,27,1996,0.9,0,0,0,,,,,,,,,0,Matches
560,Manny Onariase,ng NGA,DF,Maidenhead United,27,1996,19.1,1,0,0,,,,,,,,,0,Matches
561,Charles Ondo,gq EQG,DF,Ebbsfleet United,20,2003,0.4,0,0,0,,,,,,,,,0,Matches
562,Danny Ormerod,eng ENG,"FW,MF",Fylde,18,2006,12.3,3,0,0,,,,,,,,,0,Matches
563,Emmanuel Osadebe,ie IRL,"MF,DF",Forest Green Rovers,27,1996,25.2,9,0,0,,,,,,,,,0,Matches
564,Elliot Osborne,eng ENG,MF,Altrincham,28,1996,34.1,4,0,0,,,,,,,,,0,Matches
565,Jamey Osborne,eng ENG,"MF,FW",Solihull Moors,32,1992,34.8,13,0,0,,,,,,,,,0,Matches
566,Sam Osborne,eng ENG,"MF,FW",Boston United,25,1999,10.7,2,0,0,,,,,,,,,0,Matches
567,Owen Oseni,ie IRL,FW,Gateshead,21,2003,18.7,4,0,0,,,,,,,,,0,Matches
568,Lewis Page,eng ENG,"DF,MF",Ebbsfleet United,28,1996,11.8,4,0,0,,,,,,,,,0,Matches
569,Corey Panter,eng ENG,"DF,MF",Eastleigh,23,2000,12.3,9,0,0,,,,,,,,,0,Matches
570,Tom Parkes,eng ENG,"DF,MF",Hartlepool United,32,1992,39.4,11,0,0,,,,,,,,,0,Matches
571,Connor Parsons,eng ENG,MF,Dagenham & Redbridge,23,2000,1,0,0,0,,,,,,,,,0,Matches
572,Kacper Pasiek,pl POL,"DF,MF",Altrincham,18,2005,4.6,0,0,0,,,,,,,,,0,Matches
573,Josh Passley,eng ENG,"MF,DF",Ebbsfleet United,29,1994,8.1,2,1,0,,,,,,,,,0,Matches
574,Kai Payne,eng ENG,MF,Oldham Athletic,19,2004,3.6,0,0,0,,,,,,,,,0,Matches
575,Ollie Pearce,eng ENG,"FW,MF",York City,28,1995,41.9,7,1,1,,,,,,,,,0,Matches
Rk,Player,Nation,Pos,Squad,Age,Born,90s,CrdY,CrdR,2CrdY,Fls,Fld,Off,Crs,Int,TklW,PKwon,PKcon,OG,Matches
576,Sam Pearson,wls WAL,MF,Yeovil Town,22,2001,6.8,1,0,0,,,,,,,,,0,Matches
577,Matt Penney,eng ENG,"DF,MF",Rochdale,26,1998,0.3,0,0,0,,,,,,,,,0,Matches
578,Matt Penney,eng ENG,"DF,MF",Altrincham,26,1998,1.3,0,0,0,,,,,,,,,0,Matches
579,Aribim Pepple,ca CAN,FW,Southend United,21,2002,13.5,3,0,0,,,,,,,,,0,Matches
580,Dion Pereira,ag ATG,"MF,FW",Dagenham & Redbridge,25,1999,28.3,2,0,0,,,,,,,,,0,Matches
581,Tom Pett,eng ENG,MF,Oldham Athletic,32,1991,18.5,4,0,0,,,,,,,,,0,Matches
582,Casey Pettit,eng ENG,MF,Maidenhead United,21,2002,43.8,5,0,0,,,,,,,,,0,Matches
583,Giles Phillips,us USA,"DF,MF",Ebbsfleet United,27,1997,3.9,0,0,0,,,,,,,,,0,Matches
584,Leon Phillips,eng ENG,GK,Tamworth,22,2001,1,0,0,0,,,,,,,,,0,Matches
585,Harry Phipps,eng ENG,"DF,MF",Dagenham & Redbridge,25,1998,29.1,5,0,0,,,,,,,,,0,Matches
586,Rio Phipps,eng ENG,"MF,DF",Braintree Town,26,1997,4,2,0,0,,,,,,,,,0,Matches
587,Jacob Pinnington,eng ENG,"DF,MF",Braintree Town,19,2004,14.6,3,0,0,,,,,,,,,0,Matches
588,Jacob Pinnington,eng ENG,"MF,DF",Solihull Moors,19,2004,2.4,0,0,0,,,,,,,,,0,Matches
589,James Plant,eng ENG,"DF,MF",Yeovil Town,19,2004,12,2,0,0,,,,,,,,,0,Matches
590,Dominic Poleon,lc LCA,FW,Ebbsfleet United,30,1993,17.5,1,0,0,,,,,,,,,0,Matches
591,Jordan Ponticelli,eng ENG,"MF,FW",Tamworth,25,1998,8.4,0,0,0,,,,,,,,,0,Matches
592,Callum Powell,eng ENG,MF,Tamworth,28,1996,1.5,0,0,0,,,,,,,,,0,Matches
593,Callum Powell,eng ENG,"FW,MF",Braintree Town,28,1996,7.7,2,0,0,,,,,,,,,0,Matches
594,Joe Pritchard,eng ENG,"MF,FW",Oldham Athletic,27,1996,8.6,4,0,0,,,,,,,,,0,Matches
595,Tom Pugh,eng ENG,"MF,FW",FC Halifax Town,23,2000,18.3,1,0,0,,,,,,,,,0,Matches
596,Rekeil Pyke,eng ENG,FW,Eastleigh,26,1997,1.1,0,0,0,,,,,,,,,0,Matches
597,Joe Quigley,ie IRL,FW,Forest Green Rovers,27,1996,13.5,1,0,0,,,,,,,,,0,Matches
598,Scott Quigley,eng ENG,"FW,MF",Eastleigh,31,1992,15.7,3,2,0,,,,,,,,,0,Matches
599,Ben Radcliffe,eng ENG,DF,Gateshead,20,2004,17.3,2,0,0,,,,,,,,,0,Matches
600,Charlie Raglan,eng ENG,DF,Oldham Athletic,31,1993,40.8,8,0,0,,,,,,,,,0,Matches
Rk,Player,Nation,Pos,Squad,Age,Born,90s,CrdY,CrdR,2CrdY,Fls,Fld,Off,Crs,Int,TklW,PKwon,PKcon,OG,Matches
601,Arjan Raikhy,eng ENG,MF,Tamworth,21,2002,1.2,2,0,0,,,,,,,,,0,Matches
602,Nathan Ralph,eng ENG,DF,Southend United,31,1993,39.3,8,0,0,,,,,,,,,0,Matches
603,Will Randall,eng ENG,"MF,DF",Wealdstone FC,27,1997,6.9,2,0,0,,,,,,,,,0,Matches
604,Will Randall,eng ENG,"FW,MF",Ebbsfleet United,27,1997,2.6,0,0,0,,,,,,,,,0,Matches
605,Harvey Randle,,GK,Altrincham,,,1.5,0,0,0,,,,,,,,,0,Matches
606,Harry Ransom,eng ENG,DF,Sutton United,24,1999,15.8,5,0,0,,,,,,,,,0,Matches
607,Kahrel Reddin,eng ENG,MF,Altrincham,20,2004,12.4,2,0,0,,,,,,,,,0,Matches
608,Samuel Reed,,MF,Boston United,,,2.5,1,0,0,,,,,,,,,0,Matches
609,Josh Rees,eng ENG,"MF,FW",Dagenham & Redbridge,30,1993,38,5,0,0,,,,,,,,,0,Matches
610,Alex Reid,eng ENG,FW,Oldham Athletic,28,1995,1.9,0,0,0,,,,,,,,,0,Matches
611,Alex Reid,eng ENG,FW,Wealdstone FC,28,1995,30,5,0,0,,,,,,,,,0,Matches
612,Shiloh Remy,lc LCA,"MF,FW",Dagenham & Redbridge,23,2000,11.1,3,0,0,,,,,,,,,0,Matches
613,Jordan Richards,eng ENG,"MF,DF",Boston United,27,1997,36.6,7,2,1,,,,,,,,,0,Matches
614,Kenton Richardson,eng ENG,DF,Gateshead,25,1999,13.3,4,0,0,,,,,,,,,0,Matches
615,Lewis Richardson,eng ENG,"MF,FW",York City,21,2003,7.6,1,0,0,,,,,,,,,0,Matches
616,Theo Richardson,eng ENG,GK,Fylde,25,1998,5,0,0,0,,,,,,,,,0,Matches
617,Joe Riley,eng ENG,MF,Fylde,27,1996,30.3,8,0,0,,,,,,,,,0,Matches
618,Mitchell Roberts,eng ENG,DF,Boston United,23,2000,4.9,1,0,0,,,,,,,,,0,Matches
619,Tyler Roberts,jm JAM,MF,Fylde,20,2003,22.5,9,1,1,,,,,,,,,0,Matches
620,Darren Robinson,nir NIR,MF,Hartlepool United,19,2004,1.8,3,0,0,,,,,,,,,0,Matches
621,Jack Robinson,eng ENG,DF,Hartlepool United,23,2001,0.9,0,0,0,,,,,,,,,0,Matches
622,Junior Robinson,eng ENG,DF,Sutton United,20,2004,0.7,0,0,0,,,,,,,,,0,Matches
623,Matt Robinson,eng ENG,MF,Braintree Town,30,1994,36.9,4,0,0,,,,,,,,,0,Matches
624,David Robson,wls WAL,GK,Rochdale,22,2002,8,1,0,0,,,,,,,,,0,Matches
625,Ethan Robson,eng ENG,"MF,FW",Gateshead,27,1996,1.9,0,0,0,,,,,,,,,0,Matches
Rk,Player,Nation,Pos,Squad,Age,Born,90s,CrdY,CrdR,2CrdY,Fls,Fld,Off,Crs,Int,TklW,PKwon,PKcon,OG,Matches
626,Jamie Robson,sct SCO,DF,Forest Green Rovers,26,1997,45.5,11,0,0,,,,,,,,,0,Matches
627,Devante Rodney,eng ENG,FW,Rochdale,26,1998,26.6,1,0,0,,,,,,,,,0,Matches
628,Jack Roles,cy CYP,MF,Gateshead,25,1999,10.2,3,0,0,,,,,,,,,0,Matches
629,Craig Ross,eng ENG,GK,Maidenhead United,34,1990,40,4,0,0,,,,,,,,,0,Matches
630,Ethan Ross,eng ENG,GK,Altrincham,27,1997,26.8,2,0,0,,,,,,,,,0,Matches
631,Jordan Rossiter,eng ENG,MF,Oldham Athletic,27,1997,16.7,4,0,0,,,,,,,,,0,Matches
632,Jai Rowe,eng ENG,"DF,MF",Boston United,22,2001,43.8,4,0,0,,,,,,,,,0,Matches
633,Matt Rush,eng ENG,FW,Sutton United,23,2001,1.3,1,0,0,,,,,,,,,0,Matches
634,Oscar Rutherford,eng ENG,"DF,MF",Dagenham & Redbridge,20,2003,30.9,3,0,0,,,,,,,,,0,Matches
635,Joe Ryan,,FW,Eastleigh,,,0.5,0,0,0,,,,,,,,,0,Matches
636,Joe Rye,eng ENG,DF,Barnet,20,2004,2.1,1,0,0,,,,,,,,,0,Matches
637,Kian Ryley,eng ENG,MF,Solihull Moors,19,2005,0.8,0,0,0,,,,,,,,,0,Matches
638,Dominic Samuel,eng ENG,FW,Ebbsfleet United,30,1994,7.4,1,0,0,,,,,,,,,0,Matches
639,Henry Sandat,eng ENG,"MF,FW",Wealdstone FC,19,2005,6,0,0,0,,,,,,,,,0,Matches
640,Henry Sandat,eng ENG,MF,Sutton United,19,2005,2.4,1,0,0,,,,,,,,,0,Matches
641,Billy Sass-Davies,wls WAL,DF,Hartlepool United,24,2000,20.2,3,0,0,,,,,,,,,0,Matches
642,Dan Sassi,eng ENG,DF,Rochdale,20,2003,4,0,0,0,,,,,,,,,0,Matches
643,Dan Sassi,eng ENG,DF,Fylde,20,2003,3.8,1,0,0,,,,,,,,,0,Matches
644,Toby Savin,ga GAB,GK,Barnet,24,2000,2,0,0,0,,,,,,,,,0,Matches
645,Toby Savin,ga GAB,GK,FC Halifax Town,24,2000,8,0,0,0,,,,,,,,,0,Matches
646,Charlie Sayers,eng ENG,DF,Woking,20,2004,0.5,0,0,0,,,,,,,,,0,Matches
647,Christian Scott,eng ENG,MF,Wealdstone FC,19,2005,5.4,1,0,0,,,,,,,,,0,Matches
648,Jacob Scott,eng ENG,DF,Boston United,18,2005,1.8,1,0,0,,,,,,,,,0,Matches
649,Oliver Scott,eng ENG,"DF,MF",Aldershot Town,23,2000,20.3,5,0,0,,,,,,,,,0,Matches
650,Gus Scott-Morriss,eng ENG,DF,Southend United,27,1997,43.8,8,0,0,,,,,,,,,0,Matches
Rk,Player,Nation,Pos,Squad,Age,Born,90s,CrdY,CrdR,2CrdY,Fls,Fld,Off,Crs,Int,TklW,PKwon,PKcon,OG,Matches
651,Jamie Searle,nz NZL,GK,Forest Green Rovers,23,2000,1,0,0,0,,,,,,,,,0,Matches
652,Jeffrey Sekyere,be BEL,FW,Wealdstone FC,20,2003,0.2,0,0,0,,,,,,,,,0,Matches
653,Tyrell Sellars-Fleming,eng ENG,FW,Gateshead,19,2005,7.6,1,0,0,,,,,,,,,0,Matches
654,Jai Semenyo,eng ENG,"DF,MF",Eastleigh,21,2003,8.4,4,0,0,,,,,,,,,0,Matches
655,Adam Senior,eng ENG,DF,FC Halifax Town,22,2002,46,4,0,0,,,,,,,,,0,Matches
656,Courtney Senior,eng ENG,MF,Rochdale,27,1997,0.9,0,0,0,,,,,,,,,0,Matches
657,Liam Sercombe,eng ENG,MF,Forest Green Rovers,34,1990,28.5,4,0,0,,,,,,,,,0,Matches
658,Tyrese Shade,kn SKN,"FW,MF",Eastleigh,24,2000,39.3,8,1,0,,,,,,,,,0,Matches
659,Kofi Shaw,,"MF,FW",Yeovil Town,,,10.4,3,1,1,,,,,,,,,0,Matches
660,Max Sheaf,eng ENG,"MF,FW",Gateshead,24,2000,1.4,1,0,0,,,,,,,,,0,Matches
661,Mark Shelton,eng ENG,MF,Barnet,27,1996,25.7,6,0,0,,,,,,,,,0,Matches
662,George Shelvey,eng ENG,GK,Gateshead,23,2001,6.5,0,0,0,,,,,,,,,1,Matches
663,Nathan Sheron,eng ENG,"MF,DF",Hartlepool United,26,1997,42.1,11,0,0,,,,,,,,,0,Matches
664,Tobi Sho-Silva,eng ENG,FW,Maidenhead United,29,1995,2.3,1,0,0,,,,,,,,,0,Matches
665,Lewis Simper,eng ENG,"MF,FW",Sutton United,22,2001,38.4,9,0,0,,,,,,,,,0,Matches
666,Jack Sims,eng ENG,GK,Sutton United,25,1999,30.9,1,0,0,,,,,,,,,0,Matches
667,Josh Sims,eng ENG,"MF,FW",Yeovil Town,27,1997,18.2,2,0,0,,,,,,,,,0,Matches
668,Tyrese Sinclair,eng ENG,MF,York City,23,2001,29.2,8,0,0,,,,,,,,,0,Matches
669,Frankie Sinfield,,FW,FC Halifax Town,,,0,0,0,0,,,,,,,,,0,Matches
670,Jasbir Singh,eng ENG,GK,Tamworth,34,1990,44.3,6,1,0,,,,,,,,,0,Matches
671,Jeremy Sivi,eng ENG,"MF,DF",Sutton United,22,2002,10.8,0,0,0,,,,,,,,,0,Matches
672,Greg Sloggett,ie IRL,MF,Hartlepool United,28,1996,8.1,2,0,0,,,,,,,,,0,Matches
673,Greg Sloggett,ie IRL,MF,Boston United,28,1996,6.6,0,0,0,,,,,,,,,0,Matches
674,Adam Smith,eng ENG,GK,Hartlepool United,31,1992,30.6,2,0,0,,,,,,,,,0,Matches
675,Joshua Smith,eng ENG,MF,Woking,20,2004,0.1,0,0,0,,,,,,,,,0,Matches
Rk,Player,Nation,Pos,Squad,Age,Born,90s,CrdY,CrdR,2CrdY,Fls,Fld,Off,Crs,Int,TklW,PKwon,PKcon,OG,Matches
676,Michael Smith,nir NIR,"DF,MF",Yeovil Town,35,1988,18.8,4,0,0,,,,,,,,,0,Matches
677,Reece Smith,eng ENG,MF,Maidenhead United,22,2002,39.4,4,0,0,,,,,,,,,0,Matches
678,Will Smith,eng ENG,DF,FC Halifax Town,25,1998,32.8,3,0,0,,,,,,,,,0,Matches
679,Harrison Sohna,eng ENG,MF,Wealdstone FC,22,2002,12.6,3,0,0,,,,,,,,,0,Matches
680,Ayodeji Sotona,ie IRL,FW,Eastleigh,21,2002,0.4,0,0,0,,,,,,,,,0,Matches
681,Pape Souaré,sn SEN,"DF,MF",Ebbsfleet United,34,1990,6.5,3,0,0,,,,,,,,,0,Matches
682,Jake Southern-Cooper,eng ENG,DF,Altrincham,24,2000,15.4,4,0,0,,,,,,,,,0,Matches
683,Jordi van Stappershoef,nl NED,GK,Aldershot Town,28,1996,3,0,0,0,,,,,,,,,0,Matches
684,Callum Stead,,"FW,MF",Barnet,,,38.4,3,0,0,,,,,,,,,0,Matches
685,Dylan Stephenson,eng ENG,"FW,MF",Dagenham & Redbridge,21,2002,4.1,1,0,0,,,,,,,,,0,Matches
686,Louis Stephenson,eng ENG,"MF,DF",Hartlepool United,18,2005,11.2,4,1,1,,,,,,,,,0,Matches
687,Jack Stevens,wls WAL,"MF,DF",Solihull Moors,23,2000,24,4,0,0,,,,,,,,,0,Matches
688,Bradley Stevenson,eng ENG,"FW,MF",Solihull Moors,25,1998,19.4,6,0,0,,,,,,,,,0,Matches
689,Toby Steward,eng ENG,GK,Wealdstone FC,19,2005,6,0,0,0,,,,,,,,,0,Matches
690,Anthony Stewart,eng ENG,DF,Ebbsfleet United,31,1992,17.6,6,0,0,,,,,,,,,1,Matches
691,Noah Stewart,nir NIR,FW,Maidenhead United,20,2004,0.2,0,0,0,,,,,,,,,0,Matches
692,Chris Stokes,eng ENG,DF,Fylde,33,1991,4.3,1,0,0,,,,,,,,,0,Matches
693,Aidan Stone,eng ENG,GK,Boston United,25,1999,13,1,0,0,,,,,,,,,0,Matches
694,Aidan Stone,eng ENG,GK,Yeovil Town,25,1999,17,0,0,0,,,,,,,,,0,Matches
695,Josh Stones,eng ENG,FW,Oldham Athletic,20,2003,4,3,0,0,,,,,,,,,0,Matches
696,Josh Stones,eng ENG,"FW,MF",York City,20,2003,11.1,3,0,0,,,,,,,,,1,Matches
697,Louis Storey,eng ENG,"DF,MF",Gateshead,30,1993,9.1,4,0,0,,,,,,,,,0,Matches
698,Jack Stretton,eng ENG,FW,Oldham Athletic,22,2001,0,0,0,0,,,,,,,,,0,Matches
699,Jack Stretton,eng ENG,FW,Woking,22,2001,2.9,0,1,0,,,,,,,,,0,Matches
700,Jonny Stuttle,eng ENG,FW,Aldershot Town,18,2005,1.4,1,0,0,,,,,,,,,0,Matches
Rk,Player,Nation,Pos,Squad,Age,Born,90s,CrdY,CrdR,2CrdY,Fls,Fld,Off,Crs,Int,TklW,PKwon,PKcon,OG,Matches
701,Munashe Sundire,zw ZIM,"MF,DF",Tamworth,27,1997,18.3,2,0,0,,,,,,,,,0,Matches
702,Ethan Sutherland,sct SCO,"MF,FW",Solihull Moors,18,2006,1.9,0,0,0,,,,,,,,,0,Matches
703,Harvey Suttcliffe,eng ENG,"DF,MF",FC Halifax Town,20,2003,3.3,3,0,0,,,,,,,,,0,Matches
704,Will Sutton,eng ENG,DF,Oldham Athletic,21,2002,11.7,3,0,0,,,,,,,,,0,Matches
705,Jephte Tanga,eng ENG,MF,Ebbsfleet United,20,2004,8.8,1,0,0,,,,,,,,,0,Matches
706,Craig Tanner,eng ENG,"MF,FW",Ebbsfleet United,29,1994,7.9,2,0,0,,,,,,,,,0,Matches
707,Sean Tarima,eng ENG,MF,FC Halifax Town,19,2004,2.7,0,0,0,,,,,,,,,0,Matches
708,Nikola Tavares,hr CRO,"DF,MF",Barnet,25,1999,32.2,3,0,0,,,,,,,,,0,Matches
709,Harry Taylor,eng ENG,DF,Southend United,27,1997,45,6,0,0,,,,,,,,,0,Matches
710,Jack Taylor,eng ENG,DF,Sutton United,18,2005,11.8,1,0,0,,,,,,,,,1,Matches
711,Jake Taylor,wls WAL,MF,Eastleigh,32,1991,38,10,0,0,,,,,,,,,0,Matches
712,Kian Taylor,eng ENG,MF,Altrincham,19,2005,2.5,0,0,0,,,,,,,,,0,Matches
713,Samuel Taylor,eng ENG,FW,Oldham Athletic,19,2004,0.3,0,0,0,,,,,,,,,0,Matches
714,Connor Teale,eng ENG,DF,Boston United,21,2002,23,1,0,0,,,,,,,,,0,Matches
715,Connor Teale,eng ENG,DF,Altrincham,21,2002,1,0,0,0,,,,,,,,,0,Matches
716,Dom Telford,eng ENG,FW,Barnet,27,1996,3.8,0,0,0,,,,,,,,,0,Matches
717,Frankie Terry,eng ENG,DF,Braintree Town,20,2004,18.9,4,0,0,,,,,,,,,0,Matches
718,Frankie Terry,eng ENG,DF,Yeovil Town,20,2004,9.7,1,0,0,,,,,,,,,0,Matches
719,Dejan Tetek,rs SRB,MF,Aldershot Town,21,2002,13.2,4,0,0,,,,,,,,,0,Matches
720,Jordan Thomas,eng ENG,MF,Yeovil Town,23,2001,1.3,0,0,0,,,,,,,,,1,Matches
721,Kwame Thomas,kn SKN,"FW,MF",Ebbsfleet United,28,1995,13.9,4,0,0,,,,,,,,,0,Matches
722,Kwame Thomas,kn SKN,FW,Aldershot Town,28,1995,5.1,1,0,0,,,,,,,,,0,Matches
723,Kymani Thomas,,,Ebbsfleet United,,,0.3,0,0,0,,,,,,,,,0,Matches
724,Luca Thomas,eng ENG,"FW,MF",FC Halifax Town,19,2004,12.7,1,0,0,,,,,,,,,0,Matches
725,Luca Thomas,eng ENG,MF,York City,19,2004,2.2,0,0,0,,,,,,,,,0,Matches
Rk,Player,Nation,Pos,Squad,Age,Born,90s,CrdY,CrdR,2CrdY,Fls,Fld,Off,Crs,Int,TklW,PKwon,PKcon,OG,Matches
726,Olly Thompson,,MF,Gateshead,,,0.2,0,0,0,,,,,,,,,0,Matches
727,Remi Thompson,,MF,Altrincham,,,0.1,0,0,0,,,,,,,,,0,Matches
728,Elliot Thorpe,wls WAL,MF,Wealdstone FC,23,2000,5,1,0,0,,,,,,,,,0,Matches
729,Elliot Thorpe,wls WAL,"MF,FW",Solihull Moors,23,2000,4.3,0,0,0,,,,,,,,,0,Matches
730,Robbie Tinkler,eng ENG,DF,Gateshead,28,1996,27,4,0,0,,,,,,,,,1,Matches
731,Oliver Tipton,eng ENG,"DF,MF",Solihull Moors,20,2003,28.1,4,0,0,,,,,,,,,0,Matches
732,Tom Tonks,eng ENG,MF,Tamworth,32,1991,26.8,13,0,0,,,,,,,,,0,Matches
733,Besart Topalloj,eng ENG,"DF,MF",Sutton United,23,2001,25,5,1,0,,,,,,,,,0,Matches
734,Ben Tozer,eng ENG,DF,Forest Green Rovers,34,1990,21.8,3,0,0,,,,,,,,,0,Matches
735,Yacouba Traore,eng ENG,"DF,MF",Wealdstone FC,19,2004,2.2,2,0,0,,,,,,,,,0,Matches
736,Callum Tripp,eng ENG,"DF,MF",Gateshead,17,2006,5,0,0,0,,,,,,,,,0,Matches
737,Nathan Tshikuna,eng ENG,"MF,FW",Tamworth,25,1999,22.2,4,0,0,,,,,,,,,0,Matches
738,Nathan Tshikuna,eng ENG,"MF,FW",Eastleigh,25,1999,5.5,0,1,0,,,,,,,,,0,Matches
739,Vinnie Tume,,DF,Sutton United,,,0.4,0,0,0,,,,,,,,,0,Matches
740,Jordan Tunnicliffe,eng ENG,DF,Solihull Moors,30,1993,21.2,3,0,0,,,,,,,,,0,Matches
741,Jake Turner,eng ENG,GK,Dagenham & Redbridge,25,1999,7,0,0,0,,,,,,,,,0,Matches
742,Lewys Twamley,wls WAL,FW,Yeovil Town,20,2003,2.1,0,0,0,,,,,,,,,0,Matches
743,Jesurun Uchegbulam,eng ENG,"MF,FW",Oldham Athletic,23,2001,14.7,3,0,0,,,,,,,,,0,Matches
744,Jesurun Uchegbulam,eng ENG,"FW,MF",Eastleigh,23,2001,4.2,0,0,0,,,,,,,,,0,Matches
745,Josh Umerah,eng ENG,FW,Dagenham & Redbridge,27,1997,29.3,10,0,0,,,,,,,,,0,Matches
746,Connor Underhill,,"MF,DF",Eastleigh,,,3.5,0,0,0,,,,,,,,,0,Matches
747,Jonathan Ustabaşı,eng ENG,"MF,FW",Fylde,30,1994,23.6,6,1,0,,,,,,,,,0,Matches
748,Tariq Uwakwe,eng ENG,MF,Maidenhead United,24,1999,0.1,0,0,0,,,,,,,,,0,Matches
749,Tariq Uwakwe,eng ENG,MF,Aldershot Town,24,1999,0.3,0,0,0,,,,,,,,,0,Matches
750,Haydon Vaughan,,MF,Aldershot Town,,,0.1,0,0,0,,,,,,,,,0,Matches
Rk,Player,Nation,Pos,Squad,Age,Born,90s,CrdY,CrdR,2CrdY,Fls,Fld,Off,Crs,Int,TklW,PKwon,PKcon,OG,Matches
751,Eduino Vaz,gw GNB,"DF,MF",Sutton United,20,2003,22.1,4,0,0,,,,,,,,,0,Matches
752,James Vennings,eng ENG,"MF,DF",Braintree Town,24,2000,31.4,9,1,1,,,,,,,,,0,Matches
753,Ralph Vigrass,eng ENG,MF,Dagenham & Redbridge,18,2005,0.4,0,0,0,,,,,,,,,0,Matches
754,Francis Vincent,eng ENG,"DF,MF",Dagenham & Redbridge,25,1999,10.9,3,0,0,,,,,,,,,0,Matches
755,Francis Vincent,eng ENG,"MF,DF",Woking,25,1999,7.5,0,0,0,,,,,,,,,0,Matches
756,Jake Vokins,eng ENG,"DF,MF",Eastleigh,24,2000,19,3,0,0,,,,,,,,,1,Matches
757,Jack Wadham,eng ENG,"MF,FW",Sutton United,21,2003,18.9,1,0,0,,,,,,,,,0,Matches
758,Noah Wadsworth,eng ENG,"MF,DF",Boston United,19,2005,1.6,0,0,0,,,,,,,,,0,Matches
759,Jack Wakely,eng ENG,DF,Ebbsfleet United,23,2000,1.3,0,0,0,,,,,,,,,0,Matches
760,Danny Waldron,eng ENG,"MF,FW",Southend United,28,1996,2.8,0,0,0,,,,,,,,,0,Matches
761,Danny Waldron,eng ENG,FW,Tamworth,28,1996,1.1,0,0,0,,,,,,,,,0,Matches
762,Josh Walker,eng ENG,FW,Southend United,26,1997,19,5,0,0,,,,,,,,,0,Matches
763,Laurie Walker,eng ENG,GK,Solihull Moors,34,1989,27,3,0,0,,,,,,,,,0,Matches
764,Lewis Walker,eng ENG,FW,Woking,26,1998,21.1,5,0,0,,,,,,,,,0,Matches
765,Tyler Walker,eng ENG,FW,Wealdstone FC,27,1996,6.4,1,0,0,,,,,,,,,0,Matches
766,Kieran Wallace,eng ENG,MF,Tamworth,29,1995,3,0,0,0,,,,,,,,,0,Matches
767,Charlie Waller,eng ENG,DF,Sutton United,19,2005,20,3,0,0,,,,,,,,,0,Matches
768,Sam Waller,eng ENG,GK,Rochdale,20,2003,19.8,0,0,0,,,,,,,,,1,Matches
769,Jake Wannell,eng ENG,DF,Yeovil Town,30,1994,31.7,8,2,1,,,,,,,,,0,Matches
770,Matthew Warburton,eng ENG,"MF,FW",Solihull Moors,32,1992,10.3,2,0,0,,,,,,,,,0,Matches
771,Christie Ward,wls WAL,MF,Braintree Town,20,2003,0.3,0,0,0,,,,,,,,,0,Matches
772,Jed Ward,eng ENG,GK,Forest Green Rovers,21,2003,28,1,0,0,,,,,,,,,0,Matches
773,Keaton Ward,eng ENG,"MF,FW",Boston United,24,2000,21,5,0,0,,,,,,,,,0,Matches
774,Matt Ward,eng ENG,MF,Woking,20,2003,21.5,8,0,0,,,,,,,,,0,Matches
775,Angel Waruih,eng ENG,"MF,FW",Eastleigh,20,2003,36.4,7,0,0,,,,,,,,,0,Matches
Rk,Player,Nation,Pos,Squad,Age,Born,90s,CrdY,CrdR,2CrdY,Fls,Fld,Off,Crs,Int,TklW,PKwon,PKcon,OG,Matches
776,Luke Waterfall,eng ENG,DF,Hartlepool United,34,1990,24.4,7,2,1,,,,,,,,,0,Matches
777,Billy Waters,eng ENG,FW,FC Halifax Town,29,1994,16.3,2,0,0,,,,,,,,,0,Matches
778,Billy Waters,eng ENG,FW,Oldham Athletic,29,1994,7.7,1,0,0,,,,,,,,,0,Matches
779,Rory Watson,eng ENG,GK,York City,28,1996,5.8,1,0,0,,,,,,,,,0,Matches
780,Lucas Weaver,,MF,Altrincham,,,5.6,1,0,0,,,,,,,,,0,Matches
781,Oliver Webber,nir NIR,GK,Woking,24,2000,2,0,0,0,,,,,,,,,0,Matches
782,Finley Welch,eng ENG,MF,Boston United,19,2004,1.4,1,0,0,,,,,,,,,0,Matches
783,Miles Welch-Hayes,eng ENG,DF,Maidenhead United,27,1996,27.1,3,1,0,,,,,,,,,0,Matches
784,Jack Wells-Morrison,eng ENG,MF,Wealdstone FC,20,2004,14.8,3,0,0,,,,,,,,,0,Matches
785,Jack Wells-Morrison,eng ENG,"MF,DF",Solihull Moors,20,2004,14,0,0,0,,,,,,,,,0,Matches
786,Joe Westley,eng ENG,FW,Rochdale,19,2004,0.3,0,0,0,,,,,,,,,0,Matches
787,Charlie Weston,eng ENG,MF,Rochdale,20,2004,2.2,0,0,0,,,,,,,,,0,Matches
788,Tony Weston,eng ENG,"FW,MF",Boston United,20,2003,12.8,0,0,0,,,,,,,,,0,Matches
789,Lennon Wheeldon,eng ENG,FW,Boston United,17,2006,1.7,0,0,0,,,,,,,,,0,Matches
790,Callum Whelan,eng ENG,"MF,FW",Gateshead,25,1998,22,4,0,0,,,,,,,,,0,Matches
791,Corey Whelan,ie IRL,"DF,MF",Fylde,26,1997,42.7,5,0,0,,,,,,,,,0,Matches
792,Alex Whitmore,eng ENG,DF,Solihull Moors,28,1995,42.9,8,0,0,,,,,,,,,1,Matches
793,Alex Whittle,eng ENG,DF,Yeovil Town,31,1993,31,5,0,0,,,,,,,,,0,Matches
794,Szhem Whyte Hall,,"MF,FW",Solihull Moors,,,4.1,1,0,0,,,,,,,,,0,Matches
795,Theo Widdrington,eng ENG,"MF,DF",Aldershot Town,25,1999,29.9,15,1,0,,,,,,,,,0,Matches
796,Conor Wilkinson,ie IRL,FW,Solihull Moors,29,1995,24.4,12,1,1,,,,,,,,,0,Matches
797,Finley Wilkinson,eng ENG,MF,Barnet,21,2002,0.7,0,0,0,,,,,,,,,0,Matches
798,Finley Wilkinson,eng ENG,MF,Braintree Town,21,2002,5.8,0,0,0,,,,,,,,,0,Matches
799,Jamie Willets,eng ENG,DF,Tamworth,31,1992,4.9,0,0,0,,,,,,,,,0,Matches
800,Josh Williams,eng ENG,MF,Gateshead,21,2002,8.9,0,0,0,,,,,,,,,0,Matches
Rk,Player,Nation,Pos,Squad,Age,Born,90s,CrdY,CrdR,2CrdY,Fls,Fld,Off,Crs,Int,TklW,PKwon,PKcon,OG,Matches
801,Kai Williams,eng ENG,MF,Tamworth,27,1997,6.7,0,0,0,,,,,,,,,0,Matches
802,Morgan Williams,eng ENG,DF,Yeovil Town,24,1999,25.1,4,1,0,,,,,,,,,0,Matches
803,George Wilson,eng ENG,MF,Altrincham,23,2001,16.8,6,0,0,,,,,,,,,0,Matches
804,Kyrell Wilson,eng ENG,"FW,MF",Yeovil Town,19,2004,9.6,0,0,0,,,,,,,,,0,Matches
805,George Wind,eng ENG,"MF,DF",Southend United,21,2002,3,0,0,0,,,,,,,,,0,Matches
806,Ben Winterbottom,eng ENG,GK,Fylde,23,2001,41,7,0,0,,,,,,,,,0,Matches
807,Jack Wood,eng ENG,MF,Southend United,21,2002,1.7,0,0,0,,,,,,,,,0,Matches
808,Luca Woodhouse,eng ENG,DF,Dagenham & Redbridge,20,2004,7.7,3,0,0,,,,,,,,,0,Matches
809,Luca Woodhouse,eng ENG,"DF,MF",Aldershot Town,20,2004,19.8,2,0,0,,,,,,,,,0,Matches
810,Deonysus Woodman,eng ENG,"DF,MF",Wealdstone FC,21,2002,8.6,2,0,0,,,,,,,,,0,Matches
811,Martin Woods,sct SCO,MF,Boston United,38,1986,10.2,2,0,0,,,,,,,,,0,Matches
812,Alex Woodyard,eng ENG,MF,Sutton United,31,1993,7.7,2,0,0,,,,,,,,,0,Matches
813,Ben Worman,eng ENG,"MF,FW",Gateshead,22,2001,29.6,3,0,0,,,,,,,,,0,Matches
814,Matt Worthington,eng ENG,"MF,FW",Oldham Athletic,26,1997,4.7,2,0,0,,,,,,,,,0,Matches
815,Matt Worthington,eng ENG,"MF,DF",Yeovil Town,26,1997,15,2,0,0,,,,,,,,,0,Matches
816,Christopher Wreh,eng ENG,FW,Tamworth,27,1996,9.7,0,0,0,,,,,,,,,0,Matches
817,Christopher Wreh,eng ENG,FW,Maidenhead United,27,1996,0.6,0,0,0,,,,,,,,,0,Matches
818,Josh Wright,eng ENG,"MF,DF",Ebbsfleet United,34,1989,16.9,2,0,0,,,,,,,,,0,Matches
819,Max Wright,eng ENG,"MF,FW",FC Halifax Town,26,1998,11.9,5,0,0,,,,,,,,,0,Matches
820,Oliver Wright,eng ENG,GK,Solihull Moors,21,2002,10,0,0,0,,,,,,,,,0,Matches
821,Oliver Wright,eng ENG,GK,Yeovil Town,21,2002,29,1,0,0,,,,,,,,,0,Matches
822,Marcus Wyllie,eng ENG,FW,Dagenham & Redbridge,25,1999,4,0,0,0,,,,,,,,,0,Matches
823,Ben Wynter,eng ENG,DF,Woking,26,1997,6.1,1,0,0,,,,,,,,,0,Matches
824,Vimal Yoganathan,wls WAL,"MF,FW",Oldham Athletic,18,2006,6.6,2,0,0,,,,,,,,,0,Matches
825,Brad Young,eng ENG,GK,Hartlepool United,22,2002,10,0,0,0,,,,,,,,,0,Matches
Rk,Player,Nation,Pos,Squad,Age,Born,90s,CrdY,CrdR,2CrdY,Fls,Fld,Off,Crs,Int,TklW,PKwon,PKcon,OG,Matches
826,Jordan Young,sct SCO,"MF,FW",Yeovil Town,25,1999,7.6,1,0,0,,,,,,,,,0,Matches
827,Offrande Zanzala,cg CGO,FW,Fylde,27,1996,4.7,0,0,0,,,,,,,,,0,Matches
