Playing Time,,,,Performance,,,,,,,,Per 90 Minutes,,,,,,,,,,,,
Rk,Player,Nation,Pos,Squad,Age,Born,MP,Starts,Min,90s,Gls,Ast,G+A,G-PK,PK,PKatt,CrdY,CrdR,Gls,Ast,G+A,G-PK,G+A-PK,Matches
1,Keyliane Abdallah,fr FRA,FW,Marseille,18,2006,1,0,3,0,0,0,0,0,0,0,0,0,0,0,0,0,0,Matches
2,Yunis Abdelhamid,ma MAR,DF,Saint-Étienne,36,1987,16,11,"1,033",11.5,0,0,0,0,0,0,2,0,0,0,0,0,0,Matches
3,Himad Abdelli,dz ALG,MF,Angers,24,1999,32,32,"2,842",31.6,6,1,7,3,3,4,4,0,0.19,0.03,0.22,0.1,0.13,Matches
4,Mohamed Abdelmoneim,eg EGY,DF,Nice,25,1999,12,10,855,9.5,0,0,0,0,0,0,2,0,0,0,0,0,0,Matches
5,Ali Abdi,tn TUN,MF,Nice,30,1993,25,17,"1,393",15.5,5,2,7,5,0,0,2,0,0.32,0.13,0.45,0.32,0.45,Matches
6,Matthis Abline,fr FRA,FW,Nantes,21,2003,34,33,"2,768",30.8,9,2,11,8,1,1,3,0,0.29,0.07,0.36,0.26,0.33,Matches
7,Abner,br BRA,"DF,MF",Lyon,24,2000,19,12,"1,090",12.1,1,1,2,1,0,0,1,0,0.08,0.08,0.17,0.08,0.17,Matches
8,Zakaria Aboukhlal,ma MAR,"MF,FW",Toulouse,24,2000,26,22,"1,901",21.1,7,2,9,6,1,2,4,0,0.33,0.09,0.43,0.28,0.38,Matches
9,Akor Adams,ng NGA,FW,Montpellier,24,2000,15,13,"1,075",11.9,3,1,4,3,0,0,2,0,0.25,0.08,0.33,0.25,0.33,Matches
10,Martin Adeline,fr FRA,MF,Reims,20,2003,1,0,26,0.3,0,0,0,0,0,0,0,0,0,0,0,0,0,Matches
11,Adryelson,br BRA,DF,Lyon,26,1998,1,0,1,0,0,0,0,0,0,0,1,0,0,0,0,0,0,Matches
12,Emmanuel Agbadou,ci CIV,DF,Reims,27,1997,14,14,"1,260",14,0,0,0,0,0,0,3,0,0,0,0,0,0,Matches
13,Jeremy Agbonifo,se SWE,FW,Lens,18,2005,8,1,300,3.3,1,0,1,1,0,0,1,0,0.3,0,0.3,0.3,0.3,Matches
14,Ruben Aguilar,fr FRA,"MF,DF",Lens,31,1993,16,13,"1,124",12.5,1,2,3,1,0,0,4,0,0.08,0.16,0.24,0.08,0.24,Matches
15,Naouirou Ahamada,fr FRA,MF,Rennes,22,2002,3,0,58,0.6,0,0,0,0,0,0,0,0,0,0,0,0,0,Matches
16,Jean-Eudes Aholou,ci CIV,MF,Angers,30,1994,26,26,"1,959",21.8,2,0,2,2,0,0,7,0,0.09,0,0.09,0.09,0.09,Matches
17,Ayman Aiki,fr FRA,MF,Saint-Étienne,19,2005,5,1,127,1.4,0,0,0,0,0,0,0,0,0,0,0,0,0,Matches
18,Ludovic Ajorque,fr FRA,FW,Brest,30,1994,31,29,"2,495",27.7,13,2,15,13,0,1,5,0,0.47,0.07,0.54,0.47,0.54,Matches
19,Ümit Akdag,ro ROU,DF,Toulouse,20,2003,9,6,500,5.6,0,0,0,0,0,0,2,0,0,0,0,0,0,Matches
20,Sergio Akieme,es ESP,DF,Reims,26,1997,30,29,"2,523",28,2,3,5,2,0,0,5,0,0.07,0.11,0.18,0.07,0.18,Matches
21,Maghnes Akliouche,fr FRA,MF,Monaco,22,2002,32,27,"2,406",26.7,5,10,15,4,1,1,2,0,0.19,0.37,0.56,0.15,0.52,Matches
22,Paul Akouokou,ci CIV,MF,Lyon,26,1997,2,0,19,0.2,0,0,0,0,0,0,1,0,0,0,0,0,0,Matches
23,Clément Akpa,ci CIV,DF,Auxerre,22,2001,31,29,"2,486",27.6,0,1,1,0,0,0,7,0,0,0.04,0.04,0,0.04,Matches
24,Chuba Akpom,eng ENG,FW,Lille,28,1995,14,6,639,7.1,3,1,4,2,1,2,0,0,0.42,0.14,0.56,0.28,0.42,Matches
25,Mohamed Ali Cho,fr FRA,"FW,MF",Nice,20,2004,27,21,"1,621",18,3,4,7,3,0,0,2,0,0.17,0.22,0.39,0.17,0.39,Matches
Rk,Player,Nation,Pos,Squad,Age,Born,MP,Starts,Min,90s,Gls,Ast,G+A,G-PK,PK,PKatt,CrdY,CrdR,Gls,Ast,G+A,G-PK,G+A-PK,Matches
26,Jim Allevinah,ga GAB,MF,Angers,29,1995,28,23,"1,750",19.4,1,3,4,1,0,0,3,0,0.05,0.15,0.21,0.05,0.21,Matches
27,Thiago Almada,ar ARG,MF,Lyon,23,2001,16,9,951,10.6,1,4,5,1,0,0,3,0,0.09,0.38,0.47,0.09,0.47,Matches
28,Jordan Amavi,fr FRA,DF,Brest,30,1994,11,8,790,8.8,0,0,0,0,0,0,2,0,0,0,0,0,0,Matches
29,Kelvin Amian,fr FRA,DF,Nantes,26,1998,30,23,"2,165",24.1,1,0,1,1,0,0,5,0,0.04,0,0.04,0.04,0.04,Matches
30,Michael Amir Murillo,pa PAN,DF,Marseille,28,1996,30,27,"2,437",27.1,1,3,4,1,0,0,3,0,0.04,0.11,0.15,0.04,0.15,Matches
31,Samuel Amo-Ameyaw,eng ENG,MF,Strasbourg,18,2006,9,3,320,3.6,2,0,2,2,0,0,0,0,0.56,0,0.56,0.56,0.56,Matches
32,Mathis Amougou,fr FRA,MF,Saint-Étienne,18,2006,17,9,859,9.5,0,0,0,0,0,0,2,0,0,0,0,0,0,Matches
33,Benjamin André,fr FRA,MF,Lille,33,1990,30,30,"2,692",29.9,0,3,3,0,0,0,12,0,0,0.1,0.1,0,0.1,Matches
34,Kyllian Antonio,fr FRA,"MF,DF",Lens,16,2008,3,2,139,1.5,0,0,0,0,0,0,0,0,0,0,0,0,0,Matches
35,Dennis Appiah,fr FRA,DF,Saint-Étienne,32,1992,29,22,"2,128",23.6,0,1,1,0,0,0,2,0,0,0.04,0.04,0,0.04,Matches
36,Carlens Arcus,ht HAI,DF,Angers,28,1996,28,25,"2,047",22.7,0,1,1,0,0,0,3,0,0,0.04,0.04,0,0.04,Matches
37,Marco Asensio,es ESP,"FW,MF",Paris Saint-Germain,28,1996,12,8,618,6.9,2,4,6,2,0,0,0,0,0.29,0.58,0.87,0.29,0.87,Matches
38,Lorenz Assignon,tg TOG,"MF,DF",Rennes,24,2000,32,27,"2,357",26.2,3,4,7,3,0,0,9,0,0.11,0.15,0.27,0.11,0.27,Matches
39,Dehmaine Assoumani,fr FRA,FW,Nantes,19,2005,12,0,98,1.1,0,0,0,0,0,0,0,0,0,0,0,0,0,Matches
40,Valentin Atangana Edoa,fr FRA,MF,Reims,18,2005,34,33,"2,854",31.7,1,0,1,1,0,0,7,0,0.03,0,0.03,0.03,0.03,Matches
41,Florian Ayé,fr FRA,FW,Auxerre,27,1997,26,4,575,6.4,2,0,2,2,0,0,0,0,0.31,0,0.31,0.31,0.31,Matches
42,André Ayew,gh GHA,FW,Le Havre,34,1989,27,15,"1,453",16.1,4,1,5,4,0,0,2,0,0.25,0.06,0.31,0.25,0.31,Matches
43,Neil El Aynaoui,ma MAR,MF,Lens,23,2001,24,17,"1,588",17.6,8,1,9,5,3,3,4,0,0.45,0.06,0.51,0.28,0.34,Matches
44,Shavy Babicka,ga GAB,MF,Toulouse,24,2000,30,11,"1,186",13.2,4,2,6,4,0,0,2,0,0.3,0.15,0.46,0.3,0.46,Matches
45,Theo Bair,ca CAN,FW,Auxerre,24,1999,29,11,939,10.4,2,1,3,2,0,0,1,0,0.19,0.1,0.29,0.19,0.29,Matches
46,Mitchel Bakker,nl NED,"MF,DF",Lille,24,2000,24,14,"1,139",12.7,3,2,5,3,0,0,3,1,0.24,0.16,0.4,0.24,0.4,Matches
47,Darryl Bakola,fr FRA,MF,Marseille,16,2007,2,0,14,0.2,0,0,0,0,0,0,1,0,0,0,0,0,0,Matches
48,Dilane Bakwa,fr FRA,MF,Strasbourg,21,2002,30,29,"2,497",27.7,6,8,14,6,0,0,4,0,0.22,0.29,0.5,0.22,0.5,Matches
49,Leonardo Balerdi,ar ARG,DF,Marseille,25,1999,27,27,"2,273",25.3,0,0,0,0,0,0,9,1,0,0,0,0,0,Matches
50,Fodé Ballo-Touré,sn SEN,"DF,MF",Le Havre,27,1997,10,9,589,6.5,0,0,0,0,0,0,0,0,0,0,0,0,0,Matches
Rk,Player,Nation,Pos,Squad,Age,Born,MP,Starts,Min,90s,Gls,Ast,G+A,G-PK,PK,PKatt,CrdY,CrdR,Gls,Ast,G+A,G-PK,G+A-PK,Matches
51,Folarin Balogun,us USA,FW,Monaco,23,2001,13,7,615,6.8,4,0,4,4,0,0,0,0,0.59,0,0.59,0.59,0.59,Matches
52,Abdoulaye Bamba,ci CIV,DF,Angers,34,1990,19,16,"1,510",16.8,0,0,0,0,0,0,2,0,0,0,0,0,0,Matches
53,Mohamed Bamba,ci CIV,MF,Reims,19,2004,2,0,10,0.1,0,0,0,0,0,0,0,0,0,0,0,0,0,Matches
54,Valentín Barco,ar ARG,MF,Strasbourg,20,2004,14,14,"1,157",12.9,0,2,2,0,0,0,2,0,0,0.16,0.16,0,0.16,Matches
55,Bradley Barcola,fr FRA,FW,Paris Saint-Germain,21,2002,34,27,"2,181",24.2,14,10,24,14,0,0,2,0,0.58,0.41,0.99,0.58,0.99,Matches
56,Melvin Bard,fr FRA,"DF,MF",Nice,23,2000,24,22,"1,938",21.5,2,1,3,2,0,0,4,2,0.09,0.05,0.14,0.09,0.14,Matches
57,Gabriel Bares,ch SUI,MF,Montpellier,23,2000,6,0,56,0.6,0,0,0,0,0,0,0,0,0,0,0,0,0,Matches
58,Téo Barisic,hr CRO,DF,Lyon,19,2004,1,0,2,0,0,0,0,0,0,0,0,0,0,0,0,0,0,Matches
59,Dylan Batubinsika,cd COD,DF,Saint-Étienne,28,1996,25,22,"2,016",22.4,1,0,1,1,0,0,3,1,0.04,0,0.04,0.04,0.04,Matches
60,Haris Belkebla,dz ALG,MF,Angers,30,1994,22,21,"1,792",19.9,0,1,1,0,0,0,1,0,0,0.05,0.05,0,0.05,Matches
61,Yassin Belkhdim,fr FRA,MF,Angers,22,2002,29,16,"1,523",16.9,1,1,2,1,0,0,4,0,0.06,0.06,0.12,0.06,0.12,Matches
62,Eliesse Ben Seghir,ma MAR,MF,Monaco,19,2005,33,19,"1,750",19.4,6,3,9,4,2,2,0,0,0.31,0.15,0.46,0.21,0.36,Matches
63,Ismaël Bennacer,dz ALG,MF,Marseille,26,1997,12,8,646,7.2,0,2,2,0,0,0,2,0,0,0.28,0.28,0,0.28,Matches
64,Saïd Benrahma,dz ALG,"FW,MF",Lyon,28,1995,13,9,735,8.2,1,3,4,1,0,0,0,0,0.12,0.37,0.49,0.12,0.49,Matches
65,Nabil Bentaleb,dz ALG,MF,Lille,29,1994,10,3,329,3.7,1,0,1,1,0,0,0,0,0.27,0,0.27,0.27,0.27,Matches
66,Lucas Beraldo,br BRA,DF,Paris Saint-Germain,20,2003,25,22,"2,011",22.3,1,0,1,1,0,0,6,0,0.04,0,0.04,0.04,0.04,Matches
67,Maxime Bernauer,fr FRA,DF,Saint-Étienne,26,1998,11,9,763,8.5,0,0,0,0,0,0,4,1,0,0,0,0,0,Matches
68,Dimitry Bertaud,cd COD,GK,Montpellier,26,1998,4,4,360,4,0,0,0,0,0,0,0,0,0,0,0,0,0,Matches
69,Mika Biereth,dk DEN,FW,Monaco,21,2003,16,16,"1,228",13.6,13,2,15,12,1,2,0,0,0.95,0.15,1.1,0.88,1.03,Matches
70,Emmanuel Biumla,fr FRA,DF,Angers,19,2005,17,15,"1,336",14.8,1,0,1,1,0,0,2,0,0.07,0,0.07,0.07,0.07,Matches
71,Marco Bizot,nl NED,GK,Brest,33,1991,32,32,"2,880",32,0,0,0,0,0,0,4,0,0,0,0,0,0,Matches
72,Ludovic Blas,fr FRA,"MF,FW",Rennes,26,1997,29,26,"2,293",25.5,6,8,14,6,0,0,6,0,0.24,0.31,0.55,0.24,0.55,Matches
73,Augustine Boakye,gh GHA,"MF,FW",Saint-Étienne,23,2000,17,8,733,8.1,3,0,3,3,0,0,5,0,0.37,0,0.37,0.37,0.37,Matches
74,Mathéo Bodmer,fr FRA,DF,Le Havre,20,2004,1,0,6,0.1,0,0,0,0,0,0,0,0,0,0,0,0,0,Matches
75,Jeremie Boga,ci CIV,"MF,FW",Nice,27,1997,21,12,"1,054",11.7,1,2,3,1,0,0,0,0,0.09,0.17,0.26,0.09,0.26,Matches
Rk,Player,Nation,Pos,Squad,Age,Born,MP,Starts,Min,90s,Gls,Ast,G+A,G-PK,PK,PKatt,CrdY,CrdR,Gls,Ast,G+A,G-PK,G+A-PK,Matches
76,Moïse Bombito,ca CAN,DF,Nice,24,2000,27,25,"2,192",24.4,0,0,0,0,0,0,3,1,0,0,0,0,0,Matches
77,Saïmon Bouabré,fr FRA,MF,Monaco,18,2006,3,1,97,1.1,0,0,0,0,0,0,0,0,0,0,0,0,0,Matches
78,Ayyoub Bouaddi,fr FRA,MF,Lille,16,2007,24,11,"1,151",12.8,0,1,1,0,0,0,2,0,0,0.08,0.08,0,0.08,Matches
79,Badredine Bouanani,dz ALG,"MF,FW",Nice,19,2004,26,11,"1,099",12.2,3,3,6,2,1,1,2,0,0.25,0.25,0.49,0.16,0.41,Matches
80,Benjamin Bouchouari,ma MAR,MF,Saint-Étienne,22,2001,25,20,"1,772",19.7,1,0,1,1,0,0,6,0,0.05,0,0.05,0.05,0.05,Matches
81,Hicham Boudaoui,dz ALG,MF,Nice,24,1999,29,27,"2,435",27.1,2,3,5,2,0,0,9,0,0.07,0.11,0.18,0.07,0.18,Matches
82,Justin Bourgault,fr FRA,DF,Brest,18,2005,2,2,122,1.4,1,0,1,1,0,0,0,0,0.74,0,0.74,0.74,0.74,Matches
83,Benjamin Bourigeaud,fr FRA,MF,Rennes,30,1994,1,1,80,0.9,1,0,1,1,0,0,0,0,1.13,0,1.13,1.13,1.13,Matches
84,Bilal Brahimi,dz ALG,MF,Nice,24,2000,2,1,76,0.8,0,0,0,0,0,0,0,0,0,0,0,0,0,Matches
85,Lilian Brassier,fr FRA,DF,Marseille,24,1999,12,9,779,8.7,0,0,0,0,0,0,3,0,0,0,0,0,0,Matches
86,Lilian Brassier,fr FRA,DF,Rennes,24,1999,14,14,"1,234",13.7,1,1,2,1,0,0,1,0,0.07,0.07,0.15,0.07,0.15,Matches
87,Anthony Briançon,fr FRA,"DF,MF",Saint-Étienne,29,1994,1,0,1,0,0,0,0,0,0,0,0,0,0,0,0,0,0,Matches
88,Aurélio Buta,pt POR,DF,Reims,27,1997,27,24,"1,970",21.9,0,1,1,0,0,0,5,0,0,0.05,0.05,0,0.05,Matches
89,Marcin Bułka,pl POL,GK,Nice,24,1999,34,34,"3,060",34,0,0,0,0,0,0,0,0,0,0,0,0,0,Matches
90,Rémy Cabella,fr FRA,MF,Lille,34,1990,23,12,"1,011",11.2,1,2,3,1,0,0,1,0,0.09,0.18,0.27,0.09,0.27,Matches
91,Mathieu Cafaro,fr FRA,"MF,FW",Saint-Étienne,27,1997,15,9,732,8.1,1,0,1,1,0,0,3,1,0.12,0,0.12,0.12,0.12,Matches
92,Duje Ćaleta-Car,hr CRO,DF,Lyon,27,1996,19,17,"1,584",17.6,1,0,1,1,0,0,8,0,0.06,0,0.06,0.06,0.06,Matches
93,Issiaga Camara,gn GUI,MF,Nice,19,2005,4,0,20,0.2,0,0,0,0,0,0,0,0,0,0,0,0,0,Matches
94,Lamine Camara,sn SEN,MF,Monaco,20,2004,29,25,"2,054",22.8,2,7,9,2,0,0,10,1,0.09,0.31,0.39,0.09,0.39,Matches
95,Mahdi Camara,fr FRA,MF,Brest,26,1998,34,31,"2,659",29.5,5,3,8,5,0,0,5,0,0.17,0.1,0.27,0.17,0.27,Matches
96,Ousmane Camara,ml MLI,DF,Angers,21,2003,3,3,252,2.8,0,0,0,0,0,0,1,0,0,0,0,0,0,Matches
97,Axel Camblan,fr FRA,FW,Brest,20,2003,2,0,26,0.3,0,0,0,0,0,0,0,0,0,0,0,0,0,Matches
98,Jaydee Canvot,fr FRA,"DF,MF",Toulouse,18,2006,18,12,"1,106",12.3,0,0,0,0,0,0,2,0,0,0,0,0,0,Matches
99,Pierrick Capelle,fr FRA,MF,Angers,37,1987,16,3,483,5.4,0,0,0,0,0,0,4,0,0,0,0,0,0,Matches
100,Gabin Capuano,fr FRA,FW,Lens,18,2006,1,0,11,0.1,0,0,0,0,0,0,0,0,0,0,0,0,0,Matches
Rk,Player,Nation,Pos,Squad,Age,Born,MP,Starts,Min,90s,Gls,Ast,G+A,G-PK,PK,PKatt,CrdY,CrdR,Gls,Ast,G+A,G-PK,G+A-PK,Matches
101,Maxence Caqueret,fr FRA,MF,Lyon,24,2000,9,6,573,6.4,0,0,0,0,0,0,1,0,0,0,0,0,0,Matches
102,Simon Cara,fr FRA,FW,Montpellier,19,2005,2,0,9,0.1,0,0,0,0,0,0,0,0,0,0,0,0,0,Matches
103,Valentin Carboni,ar ARG,MF,Marseille,19,2005,4,1,103,1.1,0,0,0,0,0,0,1,0,0,0,0,0,0,Matches
104,Irvin Cardona,mt MLT,"FW,MF",Saint-Étienne,26,1997,15,13,"1,063",11.8,5,3,8,5,0,1,2,0,0.42,0.25,0.68,0.42,0.68,Matches
105,Patrik Carlgren,se SWE,GK,Nantes,32,1992,5,4,417,4.6,0,0,0,0,0,0,0,0,0,0,0,0,0,Matches
106,Josué Casimir,ht HAI,"MF,FW",Le Havre,22,2001,27,23,"1,997",22.2,4,4,8,4,0,0,5,0,0.18,0.18,0.36,0.18,0.36,Matches
107,Cristian Cásseres Jr.,ve VEN,MF,Toulouse,24,2000,32,31,"2,696",30,1,3,4,1,0,0,11,0,0.03,0.1,0.13,0.03,0.13,Matches
108,Jean-Charles Castelletto,cm CMR,"DF,MF",Nantes,29,1995,30,30,"2,620",29.1,0,0,0,0,0,0,5,1,0,0,0,0,0,Matches
109,Enzo Caumont,fr FRA,MF,Angers,20,2004,2,0,34,0.4,0,0,0,0,0,0,1,0,0,0,0,0,0,Matches
110,Fabien Centonze,fr FRA,DF,Nantes,28,1996,7,3,265,2.9,0,0,0,0,0,0,0,0,0,0,0,0,0,Matches
111,Brendan Chardonnet,fr FRA,DF,Brest,29,1994,27,27,"2,416",26.8,1,0,1,1,0,0,6,0,0.04,0,0.04,0.04,0.04,Matches
112,Jhoanner Chávez,ec ECU,MF,Lens,22,2002,10,7,596,6.6,1,0,1,1,0,0,1,0,0.15,0,0.15,0.15,0.15,Matches
113,Théo Chennahi,fr FRA,DF,Montpellier,19,2005,4,2,181,2,0,0,0,0,0,0,2,0,0,0,0,0,0,Matches
114,Sidiki Cherif,fr FRA,FW,Angers,17,2006,7,3,324,3.6,0,0,0,0,0,0,0,0,0,0,0,0,0,Matches
115,Rayan Cherki,fr FRA,"MF,FW",Lyon,20,2003,30,22,"2,041",22.7,8,11,19,8,0,0,3,0,0.35,0.49,0.84,0.35,0.84,Matches
116,Lucas Chevalier,fr FRA,GK,Lille,22,2001,34,34,"3,060",34,0,0,0,0,0,0,0,0,0,0,0,0,0,Matches
117,Pedro Chirivella,es ESP,MF,Nantes,27,1997,30,28,"2,348",26.1,0,2,2,0,0,0,6,0,0,0.08,0.08,0,0.08,Matches
118,Joris Chotard,fr FRA,MF,Montpellier,22,2001,26,23,"1,892",21,1,0,1,1,0,0,5,0,0.05,0,0.05,0.05,0.05,Matches
119,Djaoui Cissé,fr FRA,MF,Rennes,20,2004,14,14,"1,121",12.5,1,0,1,1,0,0,4,0,0.08,0,0.08,0.08,0.08,Matches
120,Yoann Cissé,fr FRA,MF,Auxerre,19,2004,2,0,5,0.1,0,0,0,0,0,0,0,0,0,0,0,0,0,Matches
121,Jonathan Clauss,fr FRA,"MF,DF",Nice,31,1992,28,27,"2,303",25.6,3,8,11,3,0,0,7,0,0.12,0.31,0.43,0.12,0.43,Matches
122,Marcus Coco,fr FRA,DF,Nantes,28,1996,20,10,951,10.6,0,1,1,0,0,0,3,2,0,0.09,0.09,0,0.09,Matches
123,Alois Confais,fr FRA,"DF,MF",Le Havre,27,1996,1,0,3,0,0,0,0,0,0,0,0,0,0,0,0,0,0,Matches
124,Francis Coquelin,fr FRA,MF,Nantes,33,1991,6,3,224,2.5,1,1,2,1,0,0,1,0,0.4,0.4,0.8,0.4,0.8,Matches
125,Derek Cornelius,ca CAN,DF,Marseille,26,1997,21,17,"1,420",15.8,0,0,0,0,0,0,9,2,0,0,0,0,0,Matches
Rk,Player,Nation,Pos,Squad,Age,Born,MP,Starts,Min,90s,Gls,Ast,G+A,G-PK,PK,PKatt,CrdY,CrdR,Gls,Ast,G+A,G-PK,G+A-PK,Matches
126,Pierre Cornud,fr FRA,"DF,MF",Saint-Étienne,27,1996,11,7,576,6.4,0,0,0,0,0,0,2,0,0,0,0,0,0,Matches
127,David Costa,pt POR,MF,Lens,23,2001,11,3,352,3.9,0,0,0,0,0,0,0,1,0,0,0,0,0,Matches
128,Logan Costa,cv CPV,DF,Toulouse,23,2001,1,1,90,1,0,0,0,0,0,0,0,0,0,0,0,0,0,Matches
129,Grégoire Coudert,fr FRA,GK,Brest,25,1999,2,2,180,2,0,0,0,0,0,0,0,0,0,0,0,0,0,Matches
130,Lasso Coulibaly,ci CIV,MF,Auxerre,21,2002,3,0,45,0.5,1,0,1,1,0,0,0,0,2,0,2,2,2,Matches
131,Mamadou Coulibaly,fr FRA,MF,Monaco,20,2004,1,0,8,0.1,0,0,0,0,0,0,0,0,0,0,0,0,0,Matches
132,Soumaïla Coulibaly,fr FRA,DF,Brest,20,2003,7,5,438,4.9,0,0,0,0,0,0,1,0,0,0,0,0,0,Matches
133,Tanguy Coulibaly,fr FRA,"MF,FW",Montpellier,23,2001,25,17,"1,485",16.5,3,0,3,3,0,0,4,2,0.18,0,0.18,0.18,0.18,Matches
134,Marius Courcoul,fr FRA,MF,Angers,17,2007,8,3,309,3.4,0,0,0,0,0,0,0,0,0,0,0,0,0,Matches
135,Nicolas Cozza,fr FRA,"DF,MF",Nantes,25,1999,27,23,"2,051",22.8,1,0,1,1,0,0,3,1,0.04,0,0.04,0.04,0.04,Matches
136,Charlie Cresswell,eng ENG,DF,Toulouse,21,2002,31,29,"2,592",28.8,3,1,4,3,0,0,5,0,0.1,0.03,0.14,0.1,0.14,Matches
137,Kévin Danois,fr FRA,MF,Auxerre,20,2004,22,16,"1,460",16.2,0,0,0,0,0,0,1,0,0,0,0,0,0,Matches
138,Kevin Danso,at AUT,DF,Lens,25,1998,12,12,"1,080",12,0,0,0,0,0,0,3,0,0,0,0,0,0,Matches
139,Dante,br BRA,DF,Nice,40,1983,25,21,"1,964",21.8,0,0,0,0,0,0,5,1,0,0,0,0,0,Matches
140,Pape Daouda Diongue,sn SEN,MF,Strasbourg,,,9,1,78,0.9,1,0,1,1,0,0,0,0,1.15,0,1.15,1.15,1.15,Matches
141,Mohamed Daramy,dk DEN,"FW,MF",Reims,22,2002,2,0,16,0.2,0,0,0,0,0,0,0,0,0,0,0,0,0,Matches
142,Jonathan David,ca CAN,FW,Lille,24,2000,32,28,"2,554",28.4,16,5,21,10,6,7,4,0,0.56,0.18,0.74,0.35,0.53,Matches
143,Zuriko Davitashvili,ge GEO,"FW,MF",Saint-Étienne,23,2001,33,32,"2,778",30.9,9,8,17,7,2,2,3,0,0.29,0.26,0.55,0.23,0.49,Matches
144,Théo De Percin,mq MTQ,GK,Auxerre,23,2001,2,2,180,2,0,0,0,0,0,0,0,0,0,0,0,0,0,Matches
145,Thibault De Smet,be BEL,DF,Reims,26,1998,5,2,192,2.1,0,0,0,0,0,0,0,0,0,0,0,0,0,Matches
146,Amar Dedić,ba BIH,MF,Marseille,21,2002,10,2,314,3.5,0,1,1,0,0,0,1,0,0,0.29,0.29,0,0.29,Matches
147,Romain Del Castillo,fr FRA,"FW,MF",Brest,28,1996,26,14,"1,259",14,6,4,10,3,3,4,0,0,0.43,0.29,0.71,0.21,0.5,Matches
148,Thomas Delaine,fr FRA,"DF,MF",Strasbourg,32,1992,2,0,9,0.1,0,0,0,0,0,0,0,0,0,0,0,0,0,Matches
149,Andy Delort,dz ALG,FW,Montpellier,32,1991,9,8,607,6.7,0,0,0,0,0,0,1,0,0,0,0,0,0,Matches
150,Ousmane Dembélé,fr FRA,FW,Paris Saint-Germain,27,1997,29,20,"1,730",19.2,21,6,27,20,1,1,1,0,1.09,0.31,1.4,1.04,1.35,Matches
Rk,Player,Nation,Pos,Squad,Age,Born,MP,Starts,Min,90s,Gls,Ast,G+A,G-PK,PK,PKatt,CrdY,CrdR,Gls,Ast,G+A,G-PK,G+A-PK,Matches
151,Rémy Descamps,fr FRA,GK,Lyon,28,1996,1,1,90,1,0,0,0,0,0,0,0,0,0,0,0,0,0,Matches
152,Arthur Desmas,fr FRA,GK,Le Havre,30,1994,18,18,"1,620",18,0,0,0,0,0,0,2,0,0,0,0,0,0,Matches
153,Mamadou Diakhon,fr FRA,"MF,FW",Reims,18,2005,28,5,858,9.5,2,1,3,2,0,0,2,0,0.21,0.1,0.31,0.21,0.31,Matches
154,Bafodé Diakité,fr FRA,DF,Lille,23,2001,31,31,"2,766",30.7,4,1,5,4,0,0,8,1,0.13,0.03,0.16,0.13,0.16,Matches
155,Oumar Diakité,ci CIV,FW,Reims,20,2003,26,20,"1,628",18.1,4,1,5,4,0,1,6,0,0.22,0.06,0.28,0.22,0.28,Matches
156,Habib Diarra,sn SEN,"MF,FW",Strasbourg,20,2004,30,27,"2,352",26.1,4,5,9,2,2,2,6,0,0.15,0.19,0.34,0.08,0.27,Matches
157,Krépin Diatta,sn SEN,"DF,MF",Monaco,25,1999,19,3,508,5.6,0,0,0,0,0,0,3,0,0,0,0,0,0,Matches
158,Kandet Diawara,gn GUI,MF,Le Havre,24,2000,1,0,4,0,0,0,0,0,0,0,0,0,0,0,0,0,0,Matches
159,Mahamadou Diawara,fr FRA,MF,Le Havre,19,2005,15,6,582,6.5,0,1,1,0,0,0,0,0,0,0.15,0.15,0,0.15,Matches
160,Mahamadou Diawara,fr FRA,MF,Lyon,19,2005,2,0,16,0.2,0,0,0,0,0,0,0,0,0,0,0,0,0,Matches
161,Bamba Dieng,sn SEN,FW,Angers,24,2000,18,5,532,5.9,3,0,3,2,1,1,1,0,0.51,0,0.51,0.34,0.34,Matches
162,Kembo Diliwidi,fr FRA,FW,Lens,18,2006,1,0,4,0,0,0,0,0,0,0,0,0,0,0,0,0,0,Matches
163,Sinaly Diomande,ci CIV,DF,Auxerre,23,2001,23,22,"1,945",21.6,3,2,5,3,0,0,6,0,0.14,0.09,0.23,0.14,0.23,Matches
164,Lois Diony,fr FRA,FW,Angers,31,1992,1,0,21,0.2,0,0,0,0,0,0,0,0,0,0,0,0,0,Matches
165,Sérigné Diop,sn SEN,FW,Brest,19,2005,2,0,4,0,0,0,0,0,0,0,0,0,0,0,0,0,0,Matches
166,Sofiane Diop,ma MAR,"MF,FW",Nice,24,2000,28,8,"1,064",11.8,6,4,10,6,0,0,3,0,0.51,0.34,0.85,0.51,0.85,Matches
167,Andy Diouf,fr FRA,MF,Lens,21,2003,34,27,"2,225",24.7,1,2,3,1,0,0,2,0,0.04,0.08,0.12,0.04,0.12,Matches
168,Yehvann Diouf,sn SEN,GK,Reims,24,1999,34,34,"3,060",34,0,0,0,0,0,0,1,0,0,0,0,0,0,Matches
169,Assane Dioussé,sn SEN,MF,Auxerre,26,1997,17,7,663,7.4,0,0,0,0,0,0,1,0,0,0,0,0,0,Matches
170,Álex Domínguez,es ESP,GK,Toulouse,26,1998,1,0,19,0.2,0,0,0,0,0,0,0,0,0,0,0,0,0,Matches
171,Gianluigi Donnarumma,it ITA,GK,Paris Saint-Germain,25,1999,24,24,"2,091",23.2,0,0,0,0,0,0,2,0,0,0,0,0,0,Matches
172,Sékou Doucoure,fr FRA,DF,Nantes,19,2005,2,0,12,0.1,0,0,0,0,0,0,0,0,0,0,0,0,0,Matches
173,Désiré Doué,fr FRA,"MF,FW",Paris Saint-Germain,19,2005,31,18,"1,730",19.2,6,6,12,6,0,0,1,0,0.31,0.31,0.62,0.31,0.62,Matches
174,Guela Doué,ci CIV,"DF,MF",Strasbourg,21,2002,32,30,"2,717",30.2,1,2,3,1,0,0,7,0,0.03,0.07,0.1,0.03,0.1,Matches
175,Douglas,br BRA,MF,Nantes,27,1997,28,28,"2,307",25.6,4,2,6,4,0,0,8,0,0.16,0.08,0.23,0.16,0.23,Matches
Rk,Player,Nation,Pos,Squad,Age,Born,MP,Starts,Min,90s,Gls,Ast,G+A,G-PK,PK,PKatt,CrdY,CrdR,Gls,Ast,G+A,G-PK,G+A-PK,Matches
176,Ismaël Doukouré,fr FRA,"DF,MF",Strasbourg,21,2003,31,31,"2,639",29.3,1,1,2,1,0,0,7,0,0.03,0.03,0.07,0.03,0.07,Matches
177,Kamory Doumbia,ml MLI,"MF,FW",Brest,21,2003,30,13,"1,322",14.7,3,2,5,3,0,0,1,0,0.2,0.14,0.34,0.2,0.34,Matches
178,Amidou Doumbouya,fr FRA,MF,Nice,16,2007,2,0,46,0.5,0,0,0,0,0,0,0,0,0,0,0,0,0,Matches
179,Jean-Kevin Duverne,ht HAI,DF,Nantes,27,1997,9,7,537,6,0,0,0,0,0,0,2,0,0,0,0,0,0,Matches
180,Stefan Džodić,rs SRB,DF,Montpellier,19,2005,7,2,242,2.7,0,0,0,0,0,0,2,1,0,0,0,0,0,Matches
181,Aron Dønnum,no NOR,MF,Toulouse,26,1998,32,31,"2,689",29.9,3,2,5,3,0,0,6,0,0.1,0.07,0.17,0.1,0.17,Matches
182,Noah Edjouma,fr FRA,MF,Toulouse,18,2005,10,1,171,1.9,2,0,2,2,0,0,0,1,1.05,0,1.05,1.05,1.05,Matches
183,Jacques Ekomie,ga GAB,"DF,MF",Angers,20,2003,18,7,697,7.7,0,0,0,0,0,0,1,0,0,0,0,0,0,Matches
184,Pierre Ekwah Elimby,fr FRA,MF,Saint-Étienne,22,2002,29,29,"2,575",28.6,1,0,1,1,0,0,3,0,0.03,0,0.03,0.03,0.03,Matches
185,Meschak Elia,cd COD,FW,Nantes,26,1997,8,1,170,1.9,1,0,1,1,0,0,0,0,0.53,0,0.53,0.53,0.53,Matches
186,Breel Embolo,ch SUI,"FW,MF",Monaco,27,1997,29,19,"1,841",20.5,6,4,10,6,0,0,5,0,0.29,0.2,0.49,0.29,0.49,Matches
187,Emanuel Emegha,nl NED,FW,Strasbourg,21,2003,27,27,"2,293",25.5,14,3,17,14,0,0,5,0,0.55,0.12,0.67,0.55,0.67,Matches
188,Romain Faivre,fr FRA,"MF,FW",Brest,26,1998,20,10,899,10,3,2,5,2,1,1,2,0,0.3,0.2,0.5,0.2,0.4,Matches
189,Khalil Fayad,fr FRA,"MF,FW",Montpellier,20,2004,20,10,"1,028",11.4,0,0,0,0,0,0,5,0,0,0,0,0,0,Matches
190,Luiz Felipe,it ITA,DF,Marseille,27,1997,4,2,122,1.4,0,0,0,0,0,0,1,0,0,0,0,0,0,Matches
191,Zinedine Ferhat,dz ALG,MF,Angers,31,1993,24,8,849,9.4,2,0,2,2,0,0,1,0,0.21,0,0.21,0.21,0.21,Matches
192,Edimilson Fernandes,ch SUI,"MF,DF",Brest,28,1996,19,12,"1,105",12.3,0,1,1,0,0,0,1,0,0,0.08,0.08,0,0.08,Matches
193,Matias Fernandez-Pardo,be BEL,"MF,FW",Lille,19,2005,22,12,"1,065",11.8,4,2,6,4,0,0,4,0,0.34,0.17,0.51,0.34,0.51,Matches
194,Jordan Ferri,fr FRA,MF,Montpellier,32,1992,25,21,"1,773",19.7,0,2,2,0,0,0,6,1,0,0.1,0.1,0,0.1,Matches
195,Karol Fila,pl POL,DF,Strasbourg,26,1998,1,0,5,0.1,0,0,0,0,0,0,1,0,0,0,0,0,0,Matches
196,Malick Fofana,be BEL,"FW,MF",Lyon,19,2005,29,16,"1,589",17.7,5,4,9,5,0,0,2,0,0.28,0.23,0.51,0.28,0.51,Matches
197,Rayan Fofana,fr FRA,MF,Lens,18,2006,2,0,25,0.3,0,0,0,0,0,0,0,0,0,0,0,0,0,Matches
198,Seko Fofana,ci CIV,MF,Rennes,29,1995,16,9,844,9.4,1,1,2,1,0,0,3,0,0.11,0.11,0.21,0.11,0.21,Matches
199,Yahia Fofana,ci CIV,GK,Angers,23,2000,33,33,"2,970",33,0,0,0,0,0,0,4,0,0,0,0,0,0,Matches
200,Lamine Fomba,fr FRA,MF,Saint-Étienne,26,1998,7,3,217,2.4,0,0,0,0,0,0,2,0,0,0,0,0,0,Matches
Rk,Player,Nation,Pos,Squad,Age,Born,MP,Starts,Min,90s,Gls,Ast,G+A,G-PK,PK,PKatt,CrdY,CrdR,Gls,Ast,G+A,G-PK,G+A-PK,Matches
201,Przemysław Frankowski,pl POL,"MF,DF",Lens,29,1995,18,16,"1,387",15.4,4,2,6,2,2,2,3,0,0.26,0.13,0.39,0.13,0.26,Matches
202,Angelo Fulgini,fr FRA,MF,Lens,27,1996,23,11,"1,045",11.6,1,1,2,1,0,0,3,0,0.09,0.09,0.17,0.09,0.17,Matches
203,Kyogo Furuhashi,jp JPN,FW,Rennes,29,1995,6,1,123,1.4,0,0,0,0,0,0,0,0,0,0,0,0,0,Matches
204,Gauthier Gallon,fr FRA,GK,Rennes,31,1993,1,0,45,0.5,0,0,0,0,0,0,0,0,0,0,0,0,0,Matches
205,Ignatius Ganago,cm CMR,MF,Nantes,25,1999,11,1,241,2.7,0,0,0,0,0,0,1,0,0,0,0,0,0,Matches
206,Ulisses Garcia,ch SUI,"DF,MF",Marseille,28,1996,20,10,930,10.3,2,2,4,2,0,0,2,0,0.19,0.19,0.39,0.19,0.39,Matches
207,Jean-Philippe Gbamin,ci CIV,MF,Nantes,28,1995,14,2,216,2.4,0,0,0,0,0,0,1,0,0,0,0,0,0,Matches
208,Mory Gbane,ci CIV,"DF,MF",Reims,23,2000,13,13,"1,125",12.5,0,1,1,0,0,0,2,0,0,0.08,0.08,0,0.08,Matches
209,Yann Gboho,fr FRA,"MF,FW",Toulouse,23,2001,31,27,"2,333",25.9,5,4,9,5,0,0,2,0,0.19,0.15,0.35,0.19,0.35,Matches
210,Denis Genreau,au AUS,MF,Toulouse,25,1999,8,2,222,2.5,0,0,0,0,0,0,0,0,0,0,0,0,0,Matches
211,Aleksandr Golovin,ru RUS,MF,Monaco,28,1996,19,13,"1,153",12.8,3,0,3,3,0,0,1,0,0.23,0,0.23,0.23,0.23,Matches
212,André Gomes,pt POR,MF,Lille,31,1993,20,16,"1,276",14.2,0,0,0,0,0,0,3,0,0,0,0,0,0,Matches
213,Angel Gomes,eng ENG,MF,Lille,23,2000,14,10,736,8.2,1,1,2,1,0,1,1,0,0.12,0.12,0.24,0.12,0.24,Matches
214,Carlos Gómez,co COL,MF,Rennes,21,2002,17,2,381,4.2,3,0,3,3,0,0,1,0,0.71,0,0.71,0.71,0.71,Matches
215,Mathieu Gorgelin,fr FRA,GK,Le Havre,33,1990,16,16,"1,440",16,0,0,0,0,0,0,2,0,0,0,0,0,0,Matches
216,Amine Gouiri,dz ALG,FW,Marseille,24,2000,14,12,"1,048",11.6,10,3,13,10,0,0,0,0,0.86,0.26,1.12,0.86,1.12,Matches
217,Amine Gouiri,dz ALG,"MF,FW",Rennes,24,2000,19,11,"1,037",11.5,3,2,5,3,0,0,2,0,0.26,0.17,0.43,0.26,0.43,Matches
218,Jonathan Gradit,fr FRA,DF,Lens,31,1992,25,24,"2,112",23.5,0,0,0,0,0,0,4,0,0,0,0,0,0,Matches
219,Samuel Grandsir,fr FRA,"FW,MF",Le Havre,27,1996,6,0,84,0.9,0,0,0,0,0,0,0,0,0,0,0,0,0,Matches
220,Mason Greenwood,eng ENG,"MF,FW",Marseille,22,2001,34,32,"2,804",31.2,21,5,26,14,7,9,3,0,0.67,0.16,0.83,0.45,0.61,Matches
221,Albert Grønbaek,dk DEN,"MF,FW",Rennes,23,2001,16,9,813,9,2,1,3,2,0,0,1,0,0.22,0.11,0.33,0.22,0.33,Matches
222,Gabriel Gudmundsson,se SWE,"DF,MF",Lille,25,1999,30,20,"1,785",19.8,2,0,2,2,0,0,3,0,0.1,0,0.1,0.1,0.1,Matches
223,Axel Gueguin,fr FRA,FW,Montpellier,19,2005,1,0,23,0.3,0,0,0,0,0,0,0,0,0,0,0,0,0,Matches
224,Evann Guessand,ci CIV,"MF,FW",Nice,23,2001,33,30,"2,565",28.5,12,8,20,12,0,0,2,0,0.42,0.28,0.7,0.42,0.7,Matches
225,Bahereba Guirassy,fr FRA,MF,Nantes,17,2006,19,2,348,3.9,2,0,2,2,0,0,0,0,0.52,0,0.52,0.52,0.52,Matches
Rk,Player,Nation,Pos,Squad,Age,Born,MP,Starts,Min,90s,Gls,Ast,G+A,G-PK,PK,PKatt,CrdY,CrdR,Gls,Ast,G+A,G-PK,G+A-PK,Matches
226,Massadio Haïdara,ml MLI,DF,Brest,31,1992,22,20,"1,678",18.6,0,0,0,0,0,0,3,2,0,0,0,0,0,Matches
227,Achraf Hakimi,ma MAR,DF,Paris Saint-Germain,25,1998,25,24,"2,066",23,4,6,10,4,0,0,4,0,0.17,0.26,0.44,0.17,0.44,Matches
228,Florent Hanin,dz ALG,DF,Angers,34,1990,33,31,"2,672",29.7,1,2,3,1,0,0,2,0,0.03,0.07,0.1,0.03,0.1,Matches
229,Hákon Haraldsson,is ISL,MF,Lille,21,2003,25,21,"1,755",19.5,5,3,8,5,0,0,3,0,0.26,0.15,0.41,0.26,0.41,Matches
230,Amine Harit,ma MAR,MF,Marseille,27,1997,13,8,519,5.8,2,4,6,2,0,0,1,1,0.35,0.69,1.04,0.35,1.04,Matches
231,Hans Hateboer,nl NED,"DF,MF",Rennes,30,1994,26,18,"1,684",18.7,0,0,0,0,0,0,3,0,0,0,0,0,0,Matches
232,Kjetil Haug,no NOR,GK,Toulouse,26,1998,6,5,498,5.5,0,0,0,0,0,0,0,0,0,0,0,0,0,Matches
233,Luis Henrique,br BRA,MF,Marseille,22,2001,33,29,"2,613",29,7,7,14,7,0,0,0,0,0.24,0.24,0.48,0.24,0.48,Matches
234,Lucas Hernández,fr FRA,DF,Paris Saint-Germain,28,1996,16,10,877,9.7,0,0,0,0,0,0,2,0,0,0,0,0,0,Matches
235,Ki-Jana Hoever,nl NED,"DF,MF",Auxerre,22,2002,30,26,"2,124",23.6,1,2,3,1,0,0,4,1,0.04,0.08,0.13,0.04,0.13,Matches
236,Cédric Hountondji,bj BEN,DF,Angers,30,1994,3,3,270,3,0,0,0,0,0,0,0,0,0,0,0,0,0,Matches
237,Ilyes Housni,fr FRA,FW,Le Havre,19,2005,12,3,230,2.6,0,0,0,0,0,0,0,0,0,0,0,0,0,Matches
238,Pierre Højbjerg,dk DEN,MF,Marseille,28,1995,30,30,"2,664",29.6,2,4,6,2,0,0,5,0,0.07,0.14,0.2,0.07,0.2,Matches
239,Hafiz Ibrahim,ng NGA,FW,Reims,18,2005,11,2,391,4.3,0,1,1,0,0,0,2,1,0,0.23,0.23,0,0.23,Matches
240,George Ilenikhena,ng NGA,FW,Monaco,17,2006,23,6,717,8,3,2,5,3,0,0,0,0,0.38,0.25,0.63,0.38,0.63,Matches
241,Rareş Ilie,ro ROU,MF,Nice,21,2003,2,0,13,0.1,0,0,0,0,0,0,0,0,0,0,0,0,0,Matches
242,Ismaily,br BRA,DF,Lille,34,1990,16,10,904,10,0,1,1,0,0,0,4,0,0,0.1,0.1,0,0.1,Matches
243,Yanis Issoufou,fr FRA,MF,Montpellier,17,2006,4,1,77,0.9,0,0,0,0,0,0,0,0,0,0,0,0,0,Matches
244,Junya Ito,jp JPN,"MF,FW",Reims,31,1993,33,31,"2,690",29.9,4,3,7,4,0,0,1,0,0.13,0.1,0.23,0.13,0.23,Matches
245,Jérémy Jacquet,fr FRA,DF,Rennes,19,2005,11,11,927,10.3,0,1,1,0,0,0,0,0,0,0.1,0.1,0,0.1,Matches
246,Ismail Jakobs,sn SEN,DF,Monaco,24,1999,2,2,180,2,0,0,0,0,0,0,0,0,0,0,0,0,0,Matches
247,Jordan James,wls WAL,MF,Rennes,20,2004,23,14,"1,178",13.1,0,1,1,0,0,0,4,0,0,0.08,0.08,0,0.08,Matches
248,Malcolm Jeng,se SWE,DF,Reims,19,2005,3,2,107,1.2,0,0,0,0,0,0,0,0,0,0,0,0,0,Matches
249,John Joe,ie IRL,MF,Reims,20,2003,13,5,545,6.1,0,0,0,0,0,0,0,0,0,0,0,0,0,Matches
250,Karl-Johan Johnsson,se SWE,GK,Strasbourg,34,1990,3,3,270,3,0,0,0,0,0,0,0,0,0,0,0,0,0,Matches
Rk,Player,Nation,Pos,Squad,Age,Born,MP,Starts,Min,90s,Gls,Ast,G+A,G-PK,PK,PKatt,CrdY,CrdR,Gls,Ast,G+A,G-PK,G+A-PK,Matches
251,Paul Joly,fr FRA,"DF,MF",Auxerre,24,2000,26,10,"1,009",11.2,0,1,1,0,0,0,3,1,0,0.09,0.09,0,0.09,Matches
252,Jota,pt POR,MF,Rennes,25,1999,9,3,334,3.7,1,0,1,1,0,0,0,0,0.27,0,0.27,0.27,0.27,Matches
253,Antoine Joujou,fr FRA,"MF,FW",Le Havre,21,2003,26,9,943,10.5,0,2,2,0,0,0,1,0,0,0.19,0.19,0,0.19,Matches
254,Jubal,br BRA,DF,Auxerre,30,1993,30,30,"2,640",29.3,6,0,6,3,3,4,7,0,0.2,0,0.2,0.1,0.1,Matches
255,Abdulai Juma Bah,sl SLE,DF,Lens,18,2006,10,8,686,7.6,0,0,0,0,0,0,2,0,0,0,0,0,0,Matches
256,Hamed Junior Traorè,ci CIV,MF,Auxerre,24,2000,26,26,"2,093",23.3,10,2,12,10,0,0,5,0,0.43,0.09,0.52,0.43,0.52,Matches
257,Yaya Kader Fofana,ml MLI,"MF,FW",Reims,20,2004,12,8,634,7,1,1,2,1,0,0,4,0,0.14,0.14,0.28,0.14,0.28,Matches
258,Tino Kadewere,zw ZIM,MF,Nantes,28,1996,12,6,512,5.7,1,2,3,1,0,0,1,0,0.18,0.35,0.53,0.18,0.53,Matches
259,Arnaud Kalimuendo,fr FRA,FW,Rennes,22,2002,33,31,"2,578",28.6,17,3,20,12,5,8,2,0,0.59,0.1,0.7,0.42,0.52,Matches
260,Justin-Noël Kalumba,fr FRA,FW,Angers,19,2004,2,0,31,0.3,0,0,0,0,0,0,0,0,0,0,0,0,0,Matches
261,Warren Kamanzi,no NOR,MF,Toulouse,23,2000,24,11,"1,022",11.4,1,1,2,1,0,0,3,0,0.09,0.09,0.18,0.09,0.18,Matches
262,Glen Kamara,fi FIN,MF,Rennes,28,1995,13,8,662,7.4,0,1,1,0,0,0,0,0,0,0.14,0.14,0,0.14,Matches
263,Noham Kamara,fr FRA,DF,Paris Saint-Germain,17,2007,2,0,76,0.8,0,0,0,0,0,0,0,0,0,0,0,0,0,Matches
264,Nordine Kandil,fr FRA,MF,Strasbourg,22,2001,1,0,10,0.1,0,0,0,0,0,0,0,0,0,0,0,0,0,Matches
265,Lee Kang-in,kr KOR,"FW,MF",Paris Saint-Germain,23,2001,30,19,"1,663",18.5,6,6,12,6,0,0,1,0,0.32,0.32,0.65,0.32,0.65,Matches
266,Yassine Kechta,ma MAR,"MF,FW",Le Havre,22,2002,31,25,"2,096",23.3,2,0,2,2,0,0,4,0,0.09,0,0.09,0.09,0.09,Matches
267,Thilo Kehrer,de GER,DF,Monaco,27,1996,27,27,"2,383",26.5,4,0,4,4,0,0,1,0,0.15,0,0.15,0.15,0.15,Matches
268,Reda Khadra,de GER,"FW,MF",Reims,23,2001,4,0,78,0.9,0,0,0,0,0,0,0,0,0,0,0,0,0,Matches
269,Wahbi Khazri,tn TUN,"FW,MF",Montpellier,33,1991,30,10,"1,118",12.4,1,1,2,1,0,0,4,0,0.08,0.08,0.16,0.08,0.16,Matches
270,Abdukodir Khusanov,uz UZB,DF,Lens,20,2004,13,11,975,10.8,0,0,0,0,0,0,2,1,0,0,0,0,0,Matches
271,Presnel Kimpembe,fr FRA,DF,Paris Saint-Germain,28,1995,2,0,23,0.3,0,0,0,0,0,0,0,0,0,0,0,0,0,Matches
272,Joshua King,no NOR,"FW,MF",Toulouse,32,1992,28,21,"1,673",18.6,6,3,9,6,0,0,2,0,0.32,0.16,0.48,0.32,0.48,Matches
273,Cédric Kipré,ci CIV,DF,Reims,27,1996,28,26,"2,190",24.3,0,1,1,0,0,0,4,2,0,0.04,0.04,0,0.04,Matches
274,Hervé Koffi,bf BFA,GK,Lens,27,1996,5,5,450,5,0,0,0,0,0,0,2,0,0,0,0,0,0,Matches
275,Philipp Köhn,ch SUI,GK,Monaco,26,1998,19,19,"1,710",19,0,0,0,0,0,0,1,0,0,0,0,0,0,Matches
Rk,Player,Nation,Pos,Squad,Age,Born,MP,Starts,Min,90s,Gls,Ast,G+A,G-PK,PK,PKatt,CrdY,CrdR,Gls,Ast,G+A,G-PK,G+A-PK,Matches
276,Koka,eg EGY,FW,Le Havre,31,1993,16,10,851,9.5,3,1,4,2,1,1,2,0,0.32,0.11,0.42,0.21,0.32,Matches
277,Randal Kolo Muani,fr FRA,FW,Paris Saint-Germain,25,1998,10,2,358,4,2,1,3,1,1,1,0,0,0.5,0.25,0.75,0.25,0.5,Matches
278,Geoffrey Kondogbia,cf CTA,"DF,MF",Marseille,31,1993,25,22,"2,020",22.4,0,0,0,0,0,0,1,0,0,0,0,0,0,Matches
279,Abdoul Koné,fr FRA,DF,Reims,19,2005,4,1,133,1.5,0,0,0,0,0,0,0,0,0,0,0,0,0,Matches
280,Amadou Koné,ml MLI,MF,Reims,19,2005,24,17,"1,293",14.4,0,0,0,0,0,0,3,1,0,0,0,0,0,Matches
281,Ismaël Koné,ca CAN,MF,Marseille,22,2002,8,3,360,4,0,0,0,0,0,0,0,0,0,0,0,0,0,Matches
282,Ismaël Koné,ca CAN,MF,Rennes,22,2002,13,4,469,5.2,2,1,3,2,0,0,1,0,0.38,0.19,0.58,0.38,0.58,Matches
283,Emmanuel Koum Mbondo,fr FRA,FW,Marseille,18,2006,1,0,12,0.1,0,0,0,0,0,0,0,0,0,0,0,0,0,Matches
284,Boubakar Kouyaté,ml MLI,DF,Montpellier,27,1997,11,8,756,8.4,0,0,0,0,0,0,6,1,0,0,0,0,0,Matches
285,Goduine Koyalipou,cf CTA,FW,Lens,24,2000,15,12,885,9.8,4,0,4,4,0,0,0,0,0.41,0,0.41,0.41,0.41,Matches
286,Sael Kumbedi,fr FRA,DF,Lyon,19,2005,14,12,951,10.6,0,0,0,0,0,0,2,0,0,0,0,0,0,Matches
287,Daler Kuzyaev,ru RUS,MF,Le Havre,31,1993,12,6,567,6.3,1,0,1,1,0,0,1,0,0.16,0,0.16,0.16,0.16,Matches
288,Khvicha Kvaratskhelia,ge GEO,FW,Paris Saint-Germain,23,2001,14,11,916,10.2,4,3,7,4,0,0,0,0,0.39,0.29,0.69,0.39,0.69,Matches
289,Rémy Labeau Lascary,gp GLP,"MF,FW",Lens,21,2003,14,6,637,7.1,2,1,3,2,0,0,5,0,0.28,0.14,0.42,0.28,0.42,Matches
290,Gaëtan Laborde,fr FRA,FW,Nice,30,1994,28,20,"1,829",20.3,11,4,15,7,4,4,1,0,0.54,0.2,0.74,0.34,0.54,Matches
291,Alexandre Lacazette,fr FRA,FW,Lyon,33,1991,30,24,"2,051",22.8,15,2,17,10,5,6,5,0,0.66,0.09,0.75,0.44,0.53,Matches
292,Younes Lachaab,fr FRA,MF,Lille,19,2005,2,0,9,0.1,0,0,0,0,0,0,0,0,0,0,0,0,0,Matches
293,Alban Lafont,ci CIV,GK,Nantes,25,1999,12,12,"1,080",12,0,0,0,0,0,0,1,0,0,0,0,0,0,Matches
294,Kenny Lala,mg MAD,DF,Brest,32,1991,30,29,"2,686",29.8,3,2,5,0,3,3,5,0,0.1,0.07,0.17,0,0.07,Matches
295,Mohamed Lamine Bayo,gn GUI,FW,Lille,26,1998,12,4,309,3.4,2,1,3,2,0,0,1,0,0.58,0.29,0.87,0.58,0.87,Matches
296,Gautier Larsonneur,fr FRA,GK,Saint-Étienne,27,1997,34,34,"3,060",34,0,0,0,0,0,0,5,0,0,0,0,0,0,Matches
297,Julien Le Cardinal,fr FRA,DF,Brest,26,1997,16,15,"1,378",15.3,0,1,1,0,0,0,3,0,0,0.07,0.07,0,0.07,Matches
298,Jérémy Le Douaron,fr FRA,FW,Brest,26,1998,2,1,102,1.1,0,0,0,0,0,0,0,0,0,0,0,0,0,Matches
299,Benjamin Lecomte,fr FRA,GK,Montpellier,33,1991,30,30,"2,700",30,0,0,0,0,0,0,0,0,0,0,0,0,0,Matches
300,Pierre Lees-Melou,fr FRA,MF,Brest,31,1993,20,17,"1,526",17,2,2,4,2,0,0,7,0,0.12,0.12,0.24,0.12,0.24,Matches
Rk,Player,Nation,Pos,Squad,Age,Born,MP,Starts,Min,90s,Gls,Ast,G+A,G-PK,PK,PKatt,CrdY,CrdR,Gls,Ast,G+A,G-PK,G+A-PK,Matches
301,Jordan Lefort,fr FRA,DF,Angers,30,1993,34,34,"3,060",34,0,1,1,0,0,0,3,0,0,0.03,0.03,0,0.03,Matches
302,Félix Lemaréchal,fr FRA,"MF,FW",Strasbourg,20,2003,27,20,"1,779",19.8,4,3,7,4,0,0,2,0,0.2,0.15,0.35,0.2,0.35,Matches
303,Donovan Léon,gf GUF,GK,Auxerre,31,1992,32,32,"2,880",32,0,2,2,0,0,0,4,0,0,0.06,0.06,0,0.06,Matches
304,Esteban Lepaul,fr FRA,FW,Angers,24,2000,28,18,"1,629",18.1,9,0,9,9,0,0,2,0,0.5,0,0.5,0.5,0.5,Matches
305,Johann Lepenant,fr FRA,MF,Nantes,21,2002,29,23,"2,048",22.8,2,1,3,2,0,0,3,0,0.09,0.04,0.13,0.09,0.13,Matches
306,Louis Leroux,fr FRA,"MF,DF",Nantes,18,2006,16,8,816,9.1,2,1,3,2,0,0,1,0,0.22,0.11,0.33,0.22,0.33,Matches
307,Pol Lirola,es ESP,DF,Marseille,26,1997,19,5,680,7.6,1,2,3,1,0,0,1,1,0.13,0.26,0.4,0.13,0.4,Matches
308,Gautier Lloris,fr FRA,DF,Le Havre,29,1995,31,31,"2,768",30.8,2,1,3,2,0,0,5,0,0.07,0.03,0.1,0.07,0.1,Matches
309,Bradley Locko,fr FRA,DF,Brest,22,2002,2,1,97,1.1,0,0,0,0,0,0,1,0,0,0,0,0,0,Matches
310,Elysée Logbo,fr FRA,FW,Le Havre,20,2004,1,0,27,0.3,0,0,0,0,0,0,0,0,0,0,0,0,0,Matches
311,Anthony Lopes,pt POR,GK,Nantes,33,1990,18,18,"1,563",17.4,0,0,0,0,0,0,2,0,0,0,0,0,0,Matches
312,Jordan Lotomba,ch SUI,"DF,MF",Nice,25,1998,2,0,35,0.4,0,0,0,0,0,0,0,0,0,0,0,0,0,Matches
313,Tom Louchet,fr FRA,"DF,MF",Nice,21,2003,22,7,775,8.6,1,0,1,1,0,0,1,0,0.12,0,0.12,0.12,0.12,Matches
314,Milos Lukovic,rs SRB,FW,Strasbourg,18,2005,2,0,12,0.1,0,0,0,0,0,0,0,0,0,0,0,0,0,Matches
315,Othmane Maamma,ma MAR,MF,Montpellier,18,2005,12,2,361,4,1,1,2,1,0,0,1,0,0.25,0.25,0.5,0.25,0.5,Matches
316,Deiver Machado,co COL,"DF,MF",Lens,30,1993,27,20,"1,805",20.1,1,4,5,1,0,0,7,2,0.05,0.2,0.25,0.05,0.25,Matches
317,Lanroy Machine,fr FRA,MF,Angers,18,2005,2,0,8,0.1,0,0,0,0,0,0,0,0,0,0,0,0,0,Matches
318,Yvann Macon,fr FRA,DF,Saint-Étienne,25,1998,12,10,790,8.8,0,0,0,0,0,0,4,0,0,0,0,0,0,Matches
319,Eros Maddy,nl NED,"FW,MF",Auxerre,23,2001,2,0,15,0.2,0,0,0,0,0,0,1,0,0,0,0,0,0,Matches
320,Soungoutou Magassa,fr FRA,MF,Monaco,20,2003,21,12,"1,025",11.4,0,1,1,0,0,0,5,1,0,0.09,0.09,0,0.09,Matches
321,Hugo Magnetti,fr FRA,MF,Brest,26,1998,32,27,"2,323",25.8,1,0,1,1,0,0,5,0,0.04,0,0.04,0.04,0.04,Matches
322,Frank Magri,cm CMR,FW,Toulouse,24,1999,31,17,"1,516",16.8,5,1,6,5,0,0,5,1,0.3,0.06,0.36,0.3,0.36,Matches
323,Ainsley Maitland-Niles,eng ENG,"DF,MF",Lyon,26,1997,32,20,"1,985",22.1,1,4,5,1,0,0,1,0,0.05,0.18,0.23,0.05,0.23,Matches
324,Radosław Majecki,pl POL,GK,Monaco,24,1999,15,15,"1,350",15,0,0,0,0,0,0,1,0,0,0,0,0,0,Matches
325,Hamidou Makalou,ml MLI,MF,Brest,18,2006,4,0,32,0.4,0,0,0,0,0,0,0,0,0,0,0,0,0,Matches
Rk,Player,Nation,Pos,Squad,Age,Born,MP,Starts,Min,90s,Gls,Ast,G+A,G-PK,PK,PKatt,CrdY,CrdR,Gls,Ast,G+A,G-PK,G+A-PK,Matches
326,Nikola Maksimović,rs SRB,DF,Montpellier,32,1991,7,7,581,6.5,0,0,0,0,0,0,2,0,0,0,0,0,0,Matches
327,Aaron Malouda,fr FRA,FW,Lille,18,2005,1,0,2,0,0,0,0,0,0,0,0,0,0,0,0,0,0,Matches
328,Hianga Mananga Mbock,fr FRA,MF,Brest,24,1999,1,0,21,0.2,0,0,0,0,0,0,0,0,0,0,0,0,0,Matches
329,Steve Mandanda,fr FRA,GK,Rennes,39,1985,18,17,"1,486",16.5,0,0,0,0,0,0,0,0,0,0,0,0,0,Matches
330,Aïssa Mandi,dz ALG,DF,Lille,32,1991,24,20,"1,733",19.3,0,0,0,0,0,0,3,0,0,0,0,0,0,Matches
331,Orel Mangala,be BEL,MF,Lyon,26,1998,1,1,67,0.7,0,0,0,0,0,0,0,0,0,0,0,0,0,Matches
332,Sekou Mara,fr FRA,"FW,MF",Strasbourg,22,2002,25,7,768,8.5,1,1,2,1,0,0,2,0,0.12,0.12,0.23,0.12,0.23,Matches
333,Marquinhos,br BRA,DF,Paris Saint-Germain,30,1994,22,19,"1,725",19.2,2,0,2,2,0,0,3,0,0.1,0,0.1,0.1,0.1,Matches
334,Ange Martial Tia,ml MLI,MF,Reims,17,2006,6,2,171,1.9,0,0,0,0,0,0,0,0,0,0,0,0,0,Matches
335,Jonas Martin,fr FRA,MF,Brest,34,1990,17,5,496,5.5,1,0,1,1,0,0,2,0,0.18,0,0.18,0.18,0.18,Matches
336,Han-Noah Massengo,fr FRA,MF,Auxerre,23,2001,17,11,"1,046",11.6,0,0,0,0,0,0,5,0,0,0,0,0,0,Matches
337,Clinton Mata,ao ANG,DF,Lyon,31,1992,29,27,"2,370",26.3,0,4,4,0,0,0,6,0,0,0.15,0.15,0,0.15,Matches
338,Eliot Matazo,be BEL,MF,Monaco,22,2002,3,1,68,0.8,0,0,0,0,0,0,0,0,0,0,0,0,0,Matches
339,Nemanja Matić,rs SRB,MF,Lyon,35,1988,29,25,"2,010",22.3,0,1,1,0,0,0,1,0,0,0.04,0.04,0,0.04,Matches
340,Rudy Matondo,fr FRA,MF,Auxerre,16,2008,5,0,66,0.7,0,0,0,0,0,0,1,0,0,0,0,0,0,Matches
341,Azor Matusiwa,nl NED,MF,Rennes,26,1998,29,23,"2,078",23.1,1,3,4,1,0,0,3,0,0.04,0.13,0.17,0.04,0.17,Matches
342,Neal Maupay,fr FRA,FW,Marseille,27,1996,22,13,"1,042",11.6,4,4,8,4,0,0,3,1,0.35,0.35,0.69,0.35,0.69,Matches
343,Christian Mawissa,fr FRA,DF,Monaco,19,2005,22,17,"1,501",16.7,0,0,0,0,0,0,3,0,0,0,0,0,0,Matches
344,Senny Mayulu,fr FRA,MF,Paris Saint-Germain,18,2006,20,8,808,9,2,2,4,2,0,0,1,0,0.22,0.22,0.45,0.22,0.45,Matches
345,Ethan Mbappé,fr FRA,MF,Lille,17,2006,10,1,222,2.5,0,0,0,0,0,0,3,0,0,0,0,0,0,Matches
346,Ibrahim Mbaye,sn SEN,FW,Paris Saint-Germain,16,2008,9,4,340,3.8,1,1,2,1,0,0,0,0,0.26,0.26,0.53,0.26,0.53,Matches
347,Mark McKenzie,us USA,DF,Toulouse,25,1999,30,29,"2,496",27.7,1,1,2,1,0,0,1,1,0.04,0.04,0.07,0.04,0.07,Matches
348,Facundo Medina,ar ARG,DF,Lens,25,1999,29,29,"2,543",28.3,0,1,1,0,0,0,15,1,0,0.04,0.04,0,0.04,Matches
349,Henrik Meister,dk DEN,FW,Rennes,20,2003,4,0,63,0.7,1,0,1,1,0,0,0,0,1.43,0,1.43,1.43,1.43,Matches
350,Bamo Meïté,ci CIV,DF,Montpellier,22,2001,7,6,424,4.7,0,0,0,0,0,0,2,1,0,0,0,0,0,Matches
Rk,Player,Nation,Pos,Squad,Age,Born,MP,Starts,Min,90s,Gls,Ast,G+A,G-PK,PK,PKatt,CrdY,CrdR,Gls,Ast,G+A,G-PK,G+A-PK,Matches
351,Bamo Meïté,ci CIV,DF,Marseille,22,2001,3,0,26,0.3,0,0,0,0,0,0,0,0,0,0,0,0,0,Matches
352,Kader Meïté,fr FRA,FW,Rennes,16,2007,12,5,544,6,2,0,2,2,0,0,0,0,0.33,0,0.33,0.33,0.33,Matches
353,Farid El Melali,dz ALG,"MF,FW",Angers,27,1997,32,22,"1,893",21,2,3,5,2,0,0,1,0,0.1,0.14,0.24,0.1,0.24,Matches
354,Nuno Mendes,pt POR,DF,Paris Saint-Germain,22,2002,24,19,"1,676",18.6,1,3,4,1,0,0,3,0,0.05,0.16,0.21,0.05,0.21,Matches
355,Antoine Mendy,sn SEN,"DF,MF",Nice,20,2004,18,8,825,9.2,0,0,0,0,0,0,2,0,0,0,0,0,0,Matches
356,Nampalys Mendy,sn SEN,MF,Lens,32,1992,10,7,588,6.5,0,1,1,0,0,0,2,0,0,0.15,0.15,0,0.15,Matches
357,Gideon Mensah,gh GHA,"DF,MF",Auxerre,26,1998,29,26,"2,280",25.3,0,1,1,0,0,0,2,0,0,0.04,0.04,0,0.04,Matches
358,Quentin Merlin,fr FRA,"MF,DF",Marseille,22,2002,27,21,"1,589",17.7,1,3,4,1,0,0,1,0,0.06,0.17,0.23,0.06,0.23,Matches
359,Rafik Messali,fr FRA,MF,Toulouse,21,2003,13,5,456,5.1,0,1,1,0,0,0,0,0,0,0.2,0.2,0,0.2,Matches
360,Thomas Meunier,be BEL,DF,Lille,32,1991,30,21,"1,928",21.4,2,0,2,2,0,0,5,0,0.09,0,0.09,0.09,0.09,Matches
361,Lucas Michal,fr FRA,FW,Monaco,19,2005,8,0,117,1.3,0,0,0,0,0,0,0,0,0,0,0,0,0,Matches
362,Georges Mikautadze,ge GEO,"FW,MF",Lyon,23,2000,34,13,"1,449",16.1,11,6,17,8,3,4,2,0,0.68,0.37,1.06,0.5,0.87,Matches
363,Igor Miladinović,rs SRB,MF,Saint-Étienne,21,2003,3,0,26,0.3,0,0,0,0,0,0,0,0,0,0,0,0,0,Matches
364,Takumi Minamino,jp JPN,MF,Monaco,29,1995,31,27,"2,231",24.8,6,3,9,6,0,0,4,0,0.24,0.12,0.36,0.24,0.36,Matches
365,Lucas Mincarelli,fr FRA,DF,Montpellier,20,2004,10,8,715,7.9,1,0,1,1,0,0,0,0,0.13,0,0.13,0.13,0.13,Matches
366,Terem Moffi,ng NGA,FW,Nice,25,1999,5,0,58,0.6,1,0,1,1,0,0,0,0,1.55,0,1.55,1.55,1.55,Matches
367,Mostafa Mohamed,eg EGY,FW,Nantes,26,1997,30,11,"1,252",13.9,5,0,5,5,0,0,3,0,0.36,0,0.36,0.36,0.36,Matches
368,Florent Mollet,fr FRA,MF,Nantes,32,1991,9,3,242,2.7,0,0,0,0,0,0,1,0,0,0,0,0,0,Matches
369,Diego Moreira,be BEL,"MF,DF",Strasbourg,19,2004,32,29,"2,568",28.5,2,7,9,2,0,0,4,1,0.07,0.25,0.32,0.07,0.32,Matches
370,Gabriel Moscardo,br BRA,MF,Reims,18,2005,6,0,84,0.9,0,0,0,0,0,0,1,0,0,0,0,0,0,Matches
371,Yael Mouanga,fr FRA,DF,Montpellier,19,2005,14,10,946,10.5,0,0,0,0,0,0,3,0,0,0,0,0,0,Matches
372,Aimen Moueffek,fr FRA,MF,Saint-Étienne,23,2001,22,13,"1,039",11.5,0,1,1,0,0,0,2,0,0,0.09,0.09,0,0.09,Matches
373,Youssoufa Moukoko,de GER,FW,Nice,19,2004,11,2,204,2.3,2,1,3,2,0,0,0,0,0.88,0.44,1.32,0.88,1.32,Matches
374,Louis Mouton,fr FRA,MF,Saint-Étienne,22,2002,24,12,"1,045",11.6,0,1,1,0,0,0,2,0,0,0.09,0.09,0,0.09,Matches
375,Ngal'Ayel Mukau,cd COD,MF,Lille,19,2004,22,14,"1,190",13.2,0,1,1,0,0,0,4,0,0,0.08,0.08,0,0.08,Matches
Rk,Player,Nation,Pos,Squad,Age,Born,MP,Starts,Min,90s,Gls,Ast,G+A,G-PK,PK,PKatt,CrdY,CrdR,Gls,Ast,G+A,G-PK,G+A-PK,Matches
376,Marshall Munetsi,zw ZIM,MF,Reims,28,1996,19,19,"1,692",18.8,4,2,6,4,0,0,5,0,0.21,0.11,0.32,0.21,0.32,Matches
377,Almoatasem Al Musrati,ly LBY,MF,Monaco,28,1996,10,3,386,4.3,1,1,2,1,0,0,0,0,0.23,0.23,0.47,0.23,0.47,Matches
378,Junior Mwanga,fr FRA,MF,Le Havre,21,2003,11,11,952,10.6,1,2,3,1,0,0,1,1,0.09,0.19,0.28,0.09,0.28,Matches
379,Junior Mwanga,fr FRA,MF,Strasbourg,21,2003,8,2,296,3.3,0,0,0,0,0,0,0,0,0,0,0,0,0,Matches
380,Loïc N'Gatta,fr FRA,DF,Auxerre,20,2003,2,0,13,0.1,0,0,0,0,0,0,1,0,0,0,0,0,0,Matches
381,Djylian N'Guessan,fr FRA,FW,Saint-Étienne,15,2008,8,3,181,2,0,0,0,0,0,0,0,0,0,0,0,0,0,Matches
382,Mickael Nade,fr FRA,DF,Saint-Étienne,25,1999,26,25,"2,306",25.6,1,2,3,1,0,0,1,0,0.04,0.08,0.12,0.04,0.12,Matches
383,Bilal Nadir,ma MAR,MF,Marseille,20,2003,15,5,383,4.3,1,0,1,1,0,0,2,0,0.23,0,0.23,0.23,0.23,Matches
384,Mahamadou Nagida,cm CMR,MF,Rennes,19,2005,12,4,430,4.8,2,0,2,2,0,0,1,0,0.42,0,0.42,0.42,0.42,Matches
385,Keito Nakamura,jp JPN,"MF,FW",Reims,24,2000,32,31,"2,649",29.4,11,2,13,11,0,0,5,0,0.37,0.07,0.44,0.37,0.44,Matches
386,Sebastian Nanasi,se SWE,"MF,FW",Strasbourg,22,2002,31,26,"2,107",23.4,6,4,10,6,0,0,1,0,0.26,0.17,0.43,0.26,0.43,Matches
387,Yael Nandjou,fr FRA,DF,Nice,19,2005,3,2,154,1.7,0,0,0,0,0,0,0,0,0,0,0,0,0,Matches
388,Youssouf Ndayishimiye,bi BDI,DF,Nice,25,1998,23,22,"1,932",21.5,3,0,3,3,0,0,5,0,0.14,0,0.14,0.14,0.14,Matches
389,Junior Ndiaye,ae UAE,FW,Montpellier,19,2005,15,4,441,4.9,0,0,0,0,0,0,0,0,0,0,0,0,0,Matches
390,Rassoul Ndiaye,sn SEN,MF,Le Havre,22,2001,27,11,"1,061",11.8,1,0,1,1,0,0,2,0,0.08,0,0.08,0.08,0.08,Matches
391,Wilfried Ndollo,cm CMR,DF,Montpellier,19,2005,8,3,401,4.5,0,0,0,0,0,0,0,0,0,0,0,0,0,Matches
392,Tanguy Ndombele,fr FRA,MF,Nice,27,1996,18,12,"1,131",12.6,1,2,3,1,0,0,2,0,0.08,0.16,0.24,0.08,0.24,Matches
393,Loïc Nego,hu HUN,"DF,MF",Le Havre,33,1991,31,28,"2,459",27.3,0,0,0,0,0,0,4,0,0,0,0,0,0,Matches
394,João Neves,pt POR,"MF,DF",Paris Saint-Germain,19,2004,29,22,"1,844",20.5,3,8,11,3,0,0,1,0,0.15,0.39,0.54,0.15,0.54,Matches
395,Mikayil Ngor Faye,sn SEN,DF,Rennes,20,2004,11,7,688,7.6,0,0,0,0,0,0,1,1,0,0,0,0,0,Matches
396,Steve Ngoura,fr FRA,FW,Le Havre,19,2005,8,2,289,3.2,1,0,1,1,0,0,0,0,0.31,0,0.31,0.31,0.31,Matches
397,Bernard Nguene,cm CMR,FW,Nice,17,2006,1,0,13,0.1,0,0,0,0,0,0,0,0,0,0,0,0,0,Matches
398,Moussa Niakhate,sn SEN,DF,Lyon,28,1996,31,30,"2,726",30.3,0,0,0,0,0,0,2,0,0,0,0,0,0,Matches
399,Abdoulaye Niakhate Ndiaye,sn SEN,DF,Brest,22,2002,22,19,"1,707",19,1,0,1,1,0,0,4,1,0.05,0,0.05,0.05,0.05,Matches
400,Ibrahima Niane,sn SEN,FW,Angers,25,1999,24,8,943,10.5,3,1,4,2,1,1,0,0,0.29,0.1,0.38,0.19,0.29,Matches
Rk,Player,Nation,Pos,Squad,Age,Born,MP,Starts,Min,90s,Gls,Ast,G+A,G-PK,PK,PKatt,CrdY,CrdR,Gls,Ast,G+A,G-PK,G+A-PK,Matches
401,Rasmus Nicolaisen,dk DEN,DF,Toulouse,27,1997,7,7,623,6.9,0,1,1,0,0,0,0,0,0,0.14,0.14,0,0.14,Matches
402,Arnaud Nordin,fr FRA,"MF,FW",Montpellier,26,1998,16,14,"1,166",13,4,1,5,3,1,2,2,0,0.31,0.08,0.39,0.23,0.31,Matches
403,Plamedi Nsingi,,FW,Nantes,23,2000,1,0,16,0.2,0,0,0,0,0,0,0,0,0,0,0,0,0,Matches
404,Ernest Nuamah,gh GHA,"MF,FW",Lyon,20,2003,23,13,"1,052",11.7,3,1,4,3,0,0,2,0,0.26,0.09,0.34,0.26,0.34,Matches
405,Rabby Nzingoula,fr FRA,MF,Montpellier,18,2005,27,20,"1,689",18.8,1,0,1,1,0,0,11,0,0.05,0,0.05,0.05,0.05,Matches
406,M'Bala Nzola,ao ANG,FW,Lens,27,1996,21,16,"1,460",16.2,6,1,7,6,0,0,3,1,0.37,0.06,0.43,0.37,0.43,Matches
407,Marwann Nzuzi,fr FRA,DF,Saint-Étienne,20,2004,2,2,125,1.4,0,0,0,0,0,0,2,0,0,0,0,0,0,Matches
408,Hamzat Ojediran,ng NGA,MF,Lens,20,2003,17,1,416,4.6,1,0,1,1,0,0,5,0,0.22,0,0.22,0.22,0.22,Matches
409,Joseph Okumu,ke KEN,DF,Reims,27,1997,22,20,"1,695",18.8,1,0,1,1,0,0,5,1,0.05,0,0.05,0.05,0.05,Matches
410,Kazeem Olaigbe,be BEL,"MF,FW",Rennes,21,2003,10,3,299,3.3,0,2,2,0,0,0,0,0,0,0.6,0.6,0,0.6,Matches
411,Ben Old,nz NZL,"MF,FW",Saint-Étienne,21,2002,13,4,528,5.9,0,0,0,0,0,0,0,0,0,0,0,0,0,Matches
412,Warmed Omari,km COM,DF,Lyon,24,2000,1,0,8,0.1,0,0,0,0,0,0,0,0,0,0,0,0,0,Matches
413,Becir Omeragic,ch SUI,DF,Montpellier,22,2002,22,21,"1,799",20,0,0,0,0,0,0,1,0,0,0,0,0,0,Matches
414,Andrew Omobamidele,ie IRL,DF,Strasbourg,22,2002,10,6,539,6,0,0,0,0,0,0,5,1,0,0,0,0,0,Matches
415,Ado Onaiwu,jp JPN,"MF,FW",Auxerre,28,1995,31,9,957,10.6,4,1,5,4,0,0,1,1,0.38,0.09,0.47,0.38,0.47,Matches
416,Christopher Operi,ci CIV,"MF,DF",Le Havre,27,1997,13,13,"1,169",13,0,2,2,0,0,0,2,1,0,0.15,0.15,0,0.15,Matches
417,Fredrik Oppegard,no NOR,"MF,DF",Auxerre,21,2002,9,2,273,3,0,0,0,0,0,0,0,0,0,0,0,0,0,Matches
418,Victor Orakpo,ng NGA,FW,Nice,18,2006,4,0,36,0.4,0,0,0,0,0,0,0,0,0,0,0,0,0,Matches
419,Ike Orazi,ie IRL,FW,Reims,17,2007,1,0,3,0,0,0,0,0,0,0,0,0,0,0,0,0,0,Matches
420,Gift Orban,ng NGA,FW,Lyon,22,2002,3,2,186,2.1,2,0,2,2,0,0,1,0,0.97,0,0.97,0.97,0.97,Matches
421,Gabriel Osho,ng NGA,DF,Auxerre,25,1998,20,20,"1,654",18.4,1,0,1,1,0,0,1,1,0.05,0,0.05,0.05,0.05,Matches
422,Jibril Othman,tn TUN,FW,Saint-Étienne,20,2004,1,0,5,0.1,0,0,0,0,0,0,0,0,0,0,0,0,0,Matches
423,Abdoul Ouattara,fr FRA,"MF,FW",Strasbourg,18,2005,17,3,471,5.2,1,1,2,1,0,0,1,0,0.19,0.19,0.38,0.19,0.38,Matches
424,Kassoum Ouattara,fr FRA,"MF,DF",Monaco,19,2004,12,5,391,4.3,0,1,1,0,0,0,2,0,0,0.23,0.23,0,0.23,Matches
425,Zinédine Ould Khaled,fr FRA,MF,Angers,24,2000,10,4,343,3.8,0,0,0,0,0,0,1,0,0,0,0,0,0,Matches
Rk,Player,Nation,Pos,Squad,Age,Born,MP,Starts,Min,90s,Gls,Ast,G+A,G-PK,PK,PKatt,CrdY,CrdR,Gls,Ast,G+A,G-PK,G+A-PK,Matches
426,Beres Owusu,fr FRA,DF,Saint-Étienne,20,2003,1,1,90,1,0,0,0,0,0,0,0,0,0,0,0,0,0,Matches
427,Elisha Owusu,gh GHA,MF,Auxerre,26,1997,28,28,"2,344",26,1,3,4,1,0,0,7,0,0.04,0.12,0.15,0.04,0.15,Matches
428,Willian Pacho,ec ECU,DF,Paris Saint-Germain,22,2001,28,23,"2,132",23.7,0,1,1,0,0,0,2,0,0,0.04,0.04,0,0.04,Matches
429,Nicolas Pallois,fr FRA,DF,Nantes,36,1987,26,23,"2,017",22.4,0,2,2,0,0,0,9,0,0,0.09,0.09,0,0.09,Matches
430,Nicolas Pays,fr FRA,"MF,FW",Montpellier,20,2003,9,4,447,5,0,0,0,0,0,0,0,0,0,0,0,0,0,Matches
431,Kévin Pedro,fr FRA,DF,Saint-Étienne,18,2006,1,0,10,0.1,0,0,0,0,0,0,0,0,0,0,0,0,0,Matches
432,Jordan Pefok,us USA,FW,Reims,28,1996,7,6,380,4.2,1,0,1,1,0,0,0,0,0.24,0,0.24,0.24,0.24,Matches
433,Théo Pellenard,fr FRA,DF,Auxerre,30,1994,2,0,45,0.5,0,0,0,0,0,0,0,0,0,0,0,0,0,Matches
434,Timothee Pembele,fr FRA,"DF,MF",Le Havre,21,2002,20,12,"1,113",12.4,1,0,1,1,0,0,3,0,0.08,0,0.08,0.08,0.08,Matches
435,Faris Pemi Moumbagna,cm CMR,FW,Marseille,24,2000,1,0,8,0.1,0,0,0,0,0,0,0,0,0,0,0,0,0,Matches
436,Óscar Perea,co COL,MF,Strasbourg,18,2005,2,0,14,0.2,0,0,0,0,0,0,0,0,0,0,0,0,0,Matches
437,Mathias Pereira Lage,pt POR,"MF,FW",Brest,27,1996,29,18,"1,571",17.5,2,7,9,2,0,0,4,0,0.11,0.4,0.52,0.11,0.52,Matches
438,Lucas Perri,br BRA,GK,Lyon,26,1997,33,33,"2,970",33,0,0,0,0,0,0,1,0,0,0,0,0,0,Matches
439,Gaëtan Perrin,fr FRA,MF,Auxerre,28,1996,34,31,"2,691",29.9,10,11,21,10,0,0,2,0,0.33,0.37,0.7,0.33,0.7,Matches
440,Prosper Peter,ng NGA,FW,Angers,16,2007,2,0,27,0.3,0,0,0,0,0,0,0,0,0,0,0,0,0,Matches
441,Léo Pétrot,fr FRA,DF,Saint-Étienne,27,1997,31,29,"2,634",29.3,0,3,3,0,0,0,4,0,0,0.1,0.1,0,0.1,Matches
442,Đorđe Petrović,rs SRB,GK,Strasbourg,24,1999,31,31,"2,790",31,0,0,0,0,0,0,2,0,0,0,0,0,0,Matches
443,Tom Pouilly,fr FRA,DF,Lens,21,2003,10,2,273,3,0,0,0,0,0,0,1,0,0,0,0,0,0,Matches
444,Adrien Rabiot,fr FRA,MF,Marseille,29,1995,29,27,"2,485",27.6,9,4,13,9,0,0,4,0,0.33,0.14,0.47,0.33,0.47,Matches
445,Gonçalo Ramos,pt POR,FW,Paris Saint-Germain,23,2001,22,12,"1,066",11.8,10,3,13,8,2,3,1,0,0.84,0.25,1.1,0.68,0.93,Matches
446,Lilian Raolisoa,fr FRA,"DF,MF",Angers,24,2000,29,14,"1,318",14.6,0,3,3,0,0,0,1,2,0,0.2,0.2,0,0.2,Matches
447,Rayan Raveloson,mg MAD,"MF,DF",Auxerre,27,1997,13,7,724,8,1,0,1,1,0,0,3,0,0.12,0,0.12,0.12,0.12,Matches
448,Guillaume Restes,fr FRA,GK,Toulouse,19,2005,29,29,"2,543",28.3,0,1,1,0,0,0,2,0,0,0.04,0.04,0,0.04,Matches
449,Alexsandro Ribeiro,br BRA,DF,Lille,24,1999,30,30,"2,700",30,1,1,2,1,0,0,10,0,0.03,0.03,0.07,0.03,0.07,Matches
450,Alejandro Rodriguez,pt POR,FW,Lyon,16,2008,1,0,20,0.2,0,0,0,0,0,0,0,0,0,0,0,0,0,Matches
Rk,Player,Nation,Pos,Squad,Age,Born,MP,Starts,Min,90s,Gls,Ast,G+A,G-PK,PK,PKatt,CrdY,CrdR,Gls,Ast,G+A,G-PK,G+A-PK,Matches
451,Valentin Rongier,fr FRA,"MF,DF",Marseille,29,1994,25,17,"1,562",17.4,3,1,4,3,0,0,5,0,0.17,0.06,0.23,0.17,0.23,Matches
452,Pablo Rosario,do DOM,"MF,DF",Nice,27,1997,29,21,"1,775",19.7,3,1,4,2,1,1,6,1,0.15,0.05,0.2,0.1,0.15,Matches
453,Anthony Rouault,fr FRA,DF,Rennes,23,2001,11,11,972,10.8,0,0,0,0,0,0,3,0,0,0,0,0,0,Matches
454,Jonathan Rowe,eng ENG,"MF,FW",Marseille,21,2003,28,6,807,9,3,3,6,3,0,0,2,0,0.33,0.33,0.67,0.33,0.67,Matches
455,Fabián Ruiz Peña,es ESP,MF,Paris Saint-Germain,28,1996,30,21,"1,923",21.4,4,5,9,4,0,0,1,0,0.19,0.23,0.42,0.19,0.42,Matches
456,Gerónimo Rulli,ar ARG,GK,Marseille,32,1992,34,34,"3,060",34,0,0,0,0,0,0,1,0,0,0,0,0,0,Matches
457,Mathew Ryan,au AUS,GK,Lens,32,1992,14,14,"1,260",14,0,0,0,0,0,0,0,0,0,0,0,0,0,Matches
458,Emmanuel Sabbi,us USA,"MF,FW",Le Havre,26,1997,15,7,653,7.3,0,0,0,0,0,0,1,0,0,0,0,0,0,Matches
459,Falaye Sacko,ml MLI,DF,Montpellier,29,1995,16,14,"1,233",13.7,0,1,1,0,0,0,1,0,0,0.07,0.07,0,0.07,Matches
460,Matvei Safonov,ru RUS,GK,Paris Saint-Germain,25,1999,10,9,879,9.8,0,0,0,0,0,0,0,0,0,0,0,0,0,Matches
461,Modibo Sagnan,ml MLI,DF,Montpellier,25,1999,27,24,"2,141",23.8,2,0,2,2,0,0,10,0,0.08,0,0.08,0.08,0.08,Matches
462,Osame Sahraoui,ma MAR,MF,Lille,23,2001,30,10,"1,293",14.4,3,3,6,3,0,0,1,0,0.21,0.21,0.42,0.21,0.42,Matches
463,Wesley Saïd,fr FRA,FW,Lens,29,1995,24,11,905,10.1,3,0,3,3,0,0,4,0,0.3,0,0.3,0.3,0.3,Matches
464,Théo Sainte-Luce,fr FRA,DF,Montpellier,25,1998,16,11,"1,018",11.3,1,0,1,1,0,0,3,0,0.09,0,0.09,0.09,0.09,Matches
465,Ibrahim Salah,ma MAR,"MF,FW",Brest,22,2001,12,4,358,4,1,1,2,1,0,0,0,0,0.25,0.25,0.5,0.25,0.5,Matches
466,Amine Salama,fr FRA,FW,Reims,24,2000,17,2,373,4.1,0,0,0,0,0,0,0,0,0,0,0,0,0,Matches
467,Mohammed Salisu,gh GHA,DF,Monaco,25,1999,15,11,"1,023",11.4,1,0,1,1,0,0,2,0,0.09,0,0.09,0.09,0.09,Matches
468,Yoann Salmier,gf GUF,DF,Le Havre,31,1992,13,9,797,8.9,0,0,0,0,0,0,3,0,0,0,0,0,0,Matches
469,Mama Samba Baldé,gw GNB,"FW,MF",Lyon,28,1995,2,0,33,0.4,0,0,0,0,0,0,0,0,0,0,0,0,0,Matches
470,Mama Samba Baldé,gw GNB,"FW,MF",Brest,28,1995,27,12,"1,149",12.8,2,3,5,2,0,0,4,0,0.16,0.23,0.39,0.16,0.39,Matches
471,Brice Samba,fr FRA,GK,Rennes,30,1994,17,17,"1,529",17,0,0,0,0,0,0,3,0,0,0,0,0,0,Matches
472,Brice Samba,fr FRA,GK,Lens,30,1994,15,15,"1,350",15,0,0,0,0,0,0,1,0,0,0,0,0,0,Matches
473,Arouna Sangante,sn SEN,DF,Le Havre,22,2002,16,16,"1,244",13.8,3,0,3,3,0,0,4,1,0.22,0,0.22,0.22,0.22,Matches
474,Nhoa Sangui,fr FRA,"DF,MF",Reims,18,2006,26,10,"1,158",12.9,0,2,2,0,0,0,3,0,0,0.16,0.16,0,0.16,Matches
475,Morgan Sanson,fr FRA,MF,Nice,29,1994,6,3,235,2.6,3,0,3,3,0,0,0,0,1.15,0,1.15,1.15,1.15,Matches
Rk,Player,Nation,Pos,Squad,Age,Born,MP,Starts,Min,90s,Gls,Ast,G+A,G-PK,PK,PKatt,CrdY,CrdR,Gls,Ast,G+A,G-PK,G+A-PK,Matches
476,Baptiste Santamaria,fr FRA,MF,Nice,29,1995,13,11,927,10.3,0,0,0,0,0,0,1,0,0,0,0,0,0,Matches
477,Baptiste Santamaria,fr FRA,MF,Rennes,29,1995,10,5,482,5.4,0,1,1,0,0,0,1,0,0,0.19,0.19,0,0.19,Matches
478,Andrey Santos,br BRA,MF,Strasbourg,20,2004,32,32,"2,855",31.7,10,3,13,10,0,0,8,0,0.32,0.09,0.41,0.32,0.41,Matches
479,Tiago Santos,pt POR,"DF,MF",Lille,22,2002,7,4,404,4.5,0,0,0,0,0,0,1,0,0,0,0,0,0,Matches
480,Malang Sarr,fr FRA,DF,Lens,25,1999,21,15,"1,385",15.4,0,0,0,0,0,0,0,0,0,0,0,0,0,Matches
481,Mamadou Sarr,sn SEN,DF,Strasbourg,18,2005,27,27,"2,365",26.3,0,1,1,0,0,0,4,0,0,0.04,0.04,0,0.04,Matches
482,Martin Satriano,uy URU,FW,Lens,23,2001,7,0,88,1,0,0,0,0,0,0,0,0,0,0,0,0,0,Matches
483,Téji Savanier,fr FRA,MF,Montpellier,32,1991,31,27,"2,363",26.3,2,5,7,0,2,2,4,1,0.08,0.19,0.27,0,0.19,Matches
484,Niklas Schmidt,de GER,MF,Toulouse,26,1998,9,2,205,2.3,0,1,1,0,0,0,0,0,0,0.44,0.44,0,0.44,Matches
485,Jérémy Sebas,mq MTQ,MF,Strasbourg,21,2003,13,1,190,2.1,0,0,0,0,0,0,0,0,0,0,0,0,0,Matches
486,Alidu Seidu,gh GHA,DF,Rennes,24,2000,11,10,803,8.9,0,0,0,0,0,0,4,0,0,0,0,0,0,Matches
487,Hiroki Sekine,jp JPN,DF,Reims,21,2002,15,9,887,9.9,0,0,0,0,0,0,1,0,0,0,0,0,0,Matches
488,Marvin Senaya,tg TOG,DF,Strasbourg,23,2001,10,1,227,2.5,0,0,0,0,0,0,3,0,0,0,0,0,0,Matches
489,Djibril Sidibé,fr FRA,DF,Toulouse,32,1992,28,24,"2,101",23.3,0,3,3,0,0,0,1,0,0,0.13,0.13,0,0.13,Matches
490,Vincent Sierro,ch SUI,MF,Toulouse,28,1995,29,27,"2,402",26.7,5,1,6,3,2,2,4,0,0.19,0.04,0.22,0.11,0.15,Matches
491,Caio Henrique Oliveira Silva,br BRA,DF,Monaco,27,1997,27,21,"1,929",21.4,0,6,6,0,0,0,3,0,0,0.28,0.28,0,0.28,Matches
492,Abdallah Sima,sn SEN,"FW,MF",Brest,23,2001,27,14,"1,238",13.8,7,2,9,7,0,0,2,0,0.51,0.15,0.65,0.51,0.65,Matches
493,Moses Simon,ng NGA,"FW,MF",Nantes,29,1995,32,31,"2,609",29,8,10,18,4,4,4,2,0,0.28,0.34,0.62,0.14,0.48,Matches
494,Lassine Sinayoko,ml MLI,"FW,MF",Auxerre,24,1999,34,25,"2,299",25.5,5,8,13,4,1,1,5,0,0.2,0.31,0.51,0.16,0.47,Matches
495,Wilfried Singo,ci CIV,DF,Monaco,23,2000,27,23,"2,096",23.3,1,2,3,1,0,0,4,0,0.04,0.09,0.13,0.04,0.13,Matches
496,Ayanda Sishuba,be BEL,MF,Rennes,19,2005,1,0,3,0,0,0,0,0,0,0,0,0,0,0,0,0,0,Matches
497,Ibrahim Sissoko,ml MLI,FW,Saint-Étienne,28,1995,20,8,819,9.1,3,1,4,2,1,1,1,0,0.33,0.11,0.44,0.22,0.33,Matches
498,Niama Sissoko,ml MLI,FW,Reims,18,2005,4,0,47,0.5,0,0,0,0,0,0,0,0,0,0,0,0,0,Matches
499,Leo Skiri Østigård,no NOR,DF,Rennes,24,1999,16,14,"1,227",13.6,1,0,1,1,0,0,4,0,0.07,0,0.07,0.07,0.07,Matches
500,Milan Škriniar,sk SVK,DF,Paris Saint-Germain,29,1995,5,4,382,4.2,0,0,0,0,0,0,1,0,0,0,0,0,0,Matches
Rk,Player,Nation,Pos,Squad,Age,Born,MP,Starts,Min,90s,Gls,Ast,G+A,G-PK,PK,PKatt,CrdY,CrdR,Gls,Ast,G+A,G-PK,G+A-PK,Matches
501,Naatan Skyttä,fi FIN,MF,Toulouse,22,2002,1,0,5,0.1,0,0,0,0,0,0,0,0,0,0,0,0,0,Matches
502,Eduard Sobol,ua UKR,"DF,MF",Strasbourg,29,1995,10,0,95,1.1,0,0,0,0,0,0,2,0,0,0,0,0,0,Matches
503,Florian Sotoca,fr FRA,"FW,MF",Lens,33,1990,31,22,"1,794",19.9,1,1,2,1,0,0,2,1,0.05,0.05,0.1,0.05,0.1,Matches
504,Issa Soumaré,sn SEN,"MF,FW",Le Havre,23,2000,29,21,"1,902",21.1,5,4,9,5,0,0,0,0,0.24,0.19,0.43,0.24,0.43,Matches
505,Saidou Sow,gn GUI,DF,Strasbourg,22,2002,12,11,"1,018",11.3,0,1,1,0,0,0,2,0,0,0.09,0.09,0,0.09,Matches
506,Saidou Sow,gn GUI,DF,Nantes,22,2002,9,9,799,8.9,1,0,1,1,0,0,1,0,0.11,0,0.11,0.11,0.11,Matches
507,Lucas Stassin,be BEL,FW,Saint-Étienne,19,2004,28,23,"1,887",21,12,4,16,12,0,0,4,0,0.57,0.19,0.76,0.57,0.76,Matches
508,Enzo Sternal,fr FRA,FW,Marseille,17,2007,2,0,24,0.3,0,0,0,0,0,0,1,0,0,0,0,0,0,Matches
509,Gabriel Suazo,cl CHI,"MF,DF",Toulouse,26,1997,30,23,"2,163",24,0,6,6,0,0,0,0,0,0,0.25,0.25,0,0.25,Matches
510,Abakar Sylla,ci CIV,DF,Strasbourg,21,2002,21,10,950,10.6,1,0,1,1,0,0,2,1,0.09,0,0.09,0.09,0.09,Matches
511,Issiaga Sylla,gn GUI,"DF,MF",Montpellier,30,1994,19,15,"1,156",12.8,1,0,1,1,0,0,2,0,0.08,0,0.08,0.08,0.08,Matches
512,Musa Al-Taamari,jo JOR,"MF,FW",Montpellier,27,1997,15,12,"1,116",12.4,2,1,3,2,0,0,3,0,0.16,0.08,0.24,0.16,0.24,Matches
513,Musa Al-Taamari,jo JOR,"FW,MF",Rennes,27,1997,11,7,567,6.3,1,0,1,1,0,0,1,0,0.16,0,0.16,0.16,0.16,Matches
514,Nicolás Tagliafico,ar ARG,DF,Lyon,31,1992,24,22,"1,902",21.1,3,1,4,3,0,0,7,0,0.14,0.05,0.19,0.14,0.19,Matches
515,Axel Tapé,fr FRA,DF,Paris Saint-Germain,16,2007,2,2,180,2,0,0,0,0,0,0,1,0,0,0,0,0,0,Matches
516,Florian Tardieu,fr FRA,MF,Saint-Étienne,32,1992,24,13,"1,252",13.9,2,4,6,2,0,0,0,0,0.14,0.29,0.43,0.14,0.43,Matches
517,Oussama Targhalline,ma MAR,MF,Le Havre,22,2002,14,12,990,11,0,0,0,0,0,0,0,0,0,0,0,0,0,Matches
518,Enzo Tchato,cm CMR,"DF,MF",Montpellier,21,2002,27,21,"1,899",21.1,0,0,0,0,0,0,3,0,0,0,0,0,0,Matches
519,Arnau Tenas,es ESP,GK,Paris Saint-Germain,23,2001,1,1,90,1,0,1,1,0,0,0,0,0,0,1,1,0,1,Matches
520,Tanner Tessmann,us USA,MF,Lyon,22,2001,25,13,"1,234",13.7,1,0,1,1,0,0,3,0,0.07,0,0.07,0.07,0.07,Matches
521,Teddy Teuma,mt MLT,MF,Reims,30,1993,17,9,750,8.3,1,0,1,0,1,1,1,0,0.12,0,0.12,0,0,Matches
522,Jordan Teze,nl NED,"DF,MF",Monaco,24,1999,16,8,569,6.3,1,0,1,1,0,0,2,1,0.16,0,0.16,0.16,0.16,Matches
523,Sorba Thomas,wls WAL,"MF,DF",Nantes,24,1999,25,15,"1,321",14.7,1,3,4,1,0,0,3,0,0.07,0.2,0.27,0.07,0.27,Matches
524,Adrien Thomasson,fr FRA,MF,Lens,30,1993,33,31,"2,615",29.1,3,7,10,3,0,0,7,0,0.1,0.24,0.34,0.1,0.34,Matches
525,Corentin Tolisso,fr FRA,MF,Lyon,29,1994,32,27,"2,329",25.9,7,4,11,7,0,0,4,0,0.27,0.15,0.43,0.27,0.43,Matches
Rk,Player,Nation,Pos,Squad,Age,Born,MP,Starts,Min,90s,Gls,Ast,G+A,G-PK,PK,PKatt,CrdY,CrdR,Gls,Ast,G+A,G-PK,G+A-PK,Matches
526,Abdoulaye Touré,gn GUI,MF,Le Havre,30,1994,28,26,"2,324",25.8,10,1,11,2,8,9,5,0,0.39,0.04,0.43,0.08,0.12,Matches
527,Birama Touré,ml MLI,"MF,DF",Montpellier,32,1992,8,2,300,3.3,0,0,0,0,0,0,2,0,0,0,0,0,0,Matches
528,Ousmane Toure,fr FRA,DF,Lille,19,2005,1,0,6,0.1,0,0,0,0,0,0,0,0,0,0,0,0,0,Matches
529,Adrien Truffert,fr FRA,"MF,DF",Rennes,22,2001,33,31,"2,752",30.6,2,2,4,2,0,0,3,0,0.07,0.07,0.13,0.07,0.13,Matches
530,Vanderson,br BRA,DF,Monaco,23,2001,29,23,"2,064",22.9,1,3,4,1,0,0,6,1,0.04,0.13,0.17,0.04,0.17,Matches
531,Robinio Vaz,fr FRA,FW,Marseille,17,2007,2,0,75,0.8,0,0,0,0,0,0,1,0,0,0,0,0,0,Matches
532,Jordan Veretout,fr FRA,MF,Lyon,31,1993,27,19,"1,553",17.3,2,0,2,2,0,0,3,0,0.12,0,0.12,0.12,0.12,Matches
533,Ben Viadere,fr FRA,FW,Auxerre,18,2005,1,0,5,0.1,0,0,0,0,0,0,0,0,0,0,0,0,0,Matches
534,Vitinha,pt POR,MF,Paris Saint-Germain,24,2000,29,20,"2,042",22.7,5,1,6,3,2,2,1,0,0.22,0.04,0.26,0.13,0.18,Matches
535,Ibrahima Wadji,sn SEN,FW,Saint-Étienne,29,1995,10,2,347,3.9,0,0,0,0,0,0,1,0,0,0,0,0,0,Matches
536,Elye Wahi,fr FRA,FW,Marseille,21,2003,13,7,574,6.4,3,1,4,2,1,1,1,0,0.47,0.16,0.63,0.31,0.47,Matches
537,Caleb Wiley,us USA,"MF,DF",Strasbourg,19,2004,6,3,266,3,0,1,1,0,0,0,1,0,0,0.34,0.34,0,0.34,Matches
538,Christopher Wooh,cm CMR,DF,Rennes,22,2001,20,17,"1,456",16.2,0,0,0,0,0,0,6,1,0,0,0,0,0,Matches
539,Etienne Youte Kinkoue,fr FRA,DF,Le Havre,22,2002,28,26,"2,320",25.8,0,0,0,0,0,0,4,1,0,0,0,0,0,Matches
540,Eloge Zabi,ci CIV,MF,Reims,17,2006,2,0,18,0.2,0,0,0,0,0,0,0,1,0,0,0,0,0,Matches
541,Yoram Zague,fr FRA,DF,Paris Saint-Germain,18,2006,4,2,183,2,0,0,0,0,0,0,0,0,0,0,0,0,0,Matches
542,Wilfried Zaha,ci CIV,FW,Lyon,31,1992,4,1,73,0.8,0,0,0,0,0,0,0,0,0,0,0,0,0,Matches
543,Warren Zaïre-Emery,fr FRA,"MF,DF",Paris Saint-Germain,18,2006,29,23,"2,050",22.8,1,2,3,1,0,0,3,0,0.04,0.09,0.13,0.04,0.13,Matches
544,Miha Zajc,si SVN,MF,Toulouse,30,1994,19,1,262,2.9,0,0,0,0,0,0,2,0,0,0,0,0,0,Matches
545,Denis Zakaria,ch SUI,MF,Monaco,27,1996,26,24,"2,144",23.8,6,4,10,4,2,2,5,0,0.25,0.17,0.42,0.17,0.34,Matches
546,Anass Zaroury,ma MAR,"MF,FW",Lens,23,2000,28,16,"1,405",15.6,2,2,4,2,0,0,3,1,0.13,0.13,0.26,0.13,0.26,Matches
547,Nathan Zeze,fr FRA,DF,Nantes,19,2005,18,17,"1,512",16.8,0,0,0,0,0,0,6,0,0,0,0,0,0,Matches
548,Edon Zhegrova,xk KVX,MF,Lille,25,1999,12,12,978,10.9,4,1,5,4,0,0,1,0,0.37,0.09,0.46,0.37,0.46,Matches
549,Melvin Zinga,fr FRA,GK,Angers,22,2002,1,1,90,1,0,0,0,0,0,0,0,0,0,0,0,0,0,Matches
550,Luck Zogbé,ci CIV,DF,Brest,19,2005,13,7,638,7.1,0,0,0,0,0,0,2,0,0,0,0,0,0,Matches
Rk,Player,Nation,Pos,Squad,Age,Born,MP,Starts,Min,90s,Gls,Ast,G+A,G-PK,PK,PKatt,CrdY,CrdR,Gls,Ast,G+A,G-PK,G+A-PK,Matches
551,Aristide Zossou,ci CIV,MF,Auxerre,19,2005,3,0,16,0.2,0,0,0,0,0,0,0,0,0,0,0,0,0,Matches
552,Yanis Zouaoui,dz ALG,"DF,MF",Le Havre,30,1994,17,9,976,10.8,0,2,2,0,0,0,3,0,0,0.18,0.18,0,0.18,Matches
553,Edhy Zuliani,fr FRA,MF,Toulouse,19,2004,1,0,9,0.1,0,0,0,0,0,0,0,0,0,0,0,0,0,Matches
